case_id,group_id,split,input_kind,method,budget,reviews,latency_ms,tp,fp,fn,high_tp,high_total,unresolved,identity_correct,entries
SYN-001-clean,G001,test,clean,legacy_baseline,0.0,0,322.7584999985993,1,0,0,0,0,0,4,4
SYN-001-clean,G001,test,clean,legacy_baseline,0.25,0,322.7584999985993,1,0,0,0,0,0,4,4
SYN-001-clean,G001,test,clean,legacy_baseline,0.5,0,322.7584999985993,1,0,0,0,0,0,4,4
SYN-001-clean,G001,test,clean,legacy_baseline,0.75,0,322.7584999985993,1,0,0,0,0,0,4,4
SYN-001-clean,G001,test,clean,legacy_baseline,1.0,0,322.7584999985993,1,0,0,0,0,0,4,4
SYN-001-clean,G001,test,clean,corrected_baseline,0.0,0,44.57600000750972,1,0,0,0,0,0,4,4
SYN-001-clean,G001,test,clean,corrected_baseline,0.25,0,44.57600000750972,1,0,0,0,0,0,4,4
SYN-001-clean,G001,test,clean,corrected_baseline,0.5,0,44.57600000750972,1,0,0,0,0,0,4,4
SYN-001-clean,G001,test,clean,corrected_baseline,0.75,0,44.57600000750972,1,0,0,0,0,0,4,4
SYN-001-clean,G001,test,clean,corrected_baseline,1.0,0,44.57600000750972,1,0,0,0,0,0,4,4
SYN-001-clean,G001,test,clean,prescription_order,0.0,0,0.21769999875687063,1,0,0,0,0,0,4,4
SYN-001-clean,G001,test,clean,prescription_order,0.25,1,0.3620999996201135,1,0,0,0,0,0,4,4
SYN-001-clean,G001,test,clean,prescription_order,0.5,2,0.4709999993792735,1,0,0,0,0,0,4,4
SYN-001-clean,G001,test,clean,prescription_order,0.75,3,0.5691999976988882,1,0,0,0,0,0,4,4
SYN-001-clean,G001,test,clean,prescription_order,1.0,4,0.6551999977091327,1,0,0,0,0,0,4,4
SYN-001-clean,G001,test,clean,uncertainty,0.0,0,0.18090000230586156,1,0,0,0,0,0,4,4
SYN-001-clean,G001,test,clean,uncertainty,0.25,1,0.2975000024889596,1,0,0,0,0,0,4,4
SYN-001-clean,G001,test,clean,uncertainty,0.5,2,0.3991000048699789,1,0,0,0,0,0,4,4
SYN-001-clean,G001,test,clean,uncertainty,0.75,3,0.4859000036958605,1,0,0,0,0,0,4,4
SYN-001-clean,G001,test,clean,uncertainty,1.0,4,0.5633000037050806,1,0,0,0,0,0,4,4
SYN-001-clean,G001,test,clean,impact,0.0,0,0.17289999959757552,1,0,0,0,0,0,4,4
SYN-001-clean,G001,test,clean,impact,0.25,1,0.28219999512657523,1,0,0,0,0,0,4,4
SYN-001-clean,G001,test,clean,impact,0.5,2,0.37489999522222206,1,0,0,0,0,0,4,4
SYN-001-clean,G001,test,clean,impact,0.75,3,0.4769000006490387,1,0,0,0,0,0,4,4
SYN-001-clean,G001,test,clean,impact,1.0,4,0.5576999974437058,1,0,0,0,0,0,4,4
SYN-001-clean,G001,test,clean,impact_without_severity,0.0,0,0.17130000196630135,1,0,0,0,0,0,4,4
SYN-001-clean,G001,test,clean,impact_without_severity,0.25,1,0.28079999901819974,1,0,0,0,0,0,4,4
SYN-001-clean,G001,test,clean,impact_without_severity,0.5,2,0.37460000021383166,1,0,0,0,0,0,4,4
SYN-001-clean,G001,test,clean,impact_without_severity,0.75,3,0.4597000006469898,1,0,0,0,0,0,4,4
SYN-001-clean,G001,test,clean,impact_without_severity,1.0,4,0.5350999999791384,1,0,0,0,0,0,4,4
SYN-001-clean,G001,test,clean,gold_upper_bound,0.0,4,0.567299997783266,1,0,0,0,0,0,4,4
SYN-001-clean,G001,test,clean,gold_upper_bound,0.25,4,0.567299997783266,1,0,0,0,0,0,4,4
SYN-001-clean,G001,test,clean,gold_upper_bound,0.5,4,0.567299997783266,1,0,0,0,0,0,4,4
SYN-001-clean,G001,test,clean,gold_upper_bound,0.75,4,0.567299997783266,1,0,0,0,0,0,4,4
SYN-001-clean,G001,test,clean,gold_upper_bound,1.0,4,0.567299997783266,1,0,0,0,0,0,4,4
SYN-001-single_character_error,G001,test,single_character_error,legacy_baseline,0.0,0,122.61510000826092,1,0,0,0,0,2,2,4
SYN-001-single_character_error,G001,test,single_character_error,legacy_baseline,0.25,0,122.61510000826092,1,0,0,0,0,2,2,4
SYN-001-single_character_error,G001,test,single_character_error,legacy_baseline,0.5,0,122.61510000826092,1,0,0,0,0,2,2,4
SYN-001-single_character_error,G001,test,single_character_error,legacy_baseline,0.75,0,122.61510000826092,1,0,0,0,0,2,2,4
SYN-001-single_character_error,G001,test,single_character_error,legacy_baseline,1.0,0,122.61510000826092,1,0,0,0,0,2,2,4
SYN-001-single_character_error,G001,test,single_character_error,corrected_baseline,0.0,0,122.33390000619693,1,0,0,0,0,2,2,4
SYN-001-single_character_error,G001,test,single_character_error,corrected_baseline,0.25,0,122.33390000619693,1,0,0,0,0,2,2,4
SYN-001-single_character_error,G001,test,single_character_error,corrected_baseline,0.5,0,122.33390000619693,1,0,0,0,0,2,2,4
SYN-001-single_character_error,G001,test,single_character_error,corrected_baseline,0.75,0,122.33390000619693,1,0,0,0,0,2,2,4
SYN-001-single_character_error,G001,test,single_character_error,corrected_baseline,1.0,0,122.33390000619693,1,0,0,0,0,2,2,4
SYN-001-single_character_error,G001,test,single_character_error,prescription_order,0.0,0,122.2189000036451,1,0,0,0,0,2,2,4
SYN-001-single_character_error,G001,test,single_character_error,prescription_order,0.25,1,122.39160000171978,1,0,0,0,0,1,3,4
SYN-001-single_character_error,G001,test,single_character_error,prescription_order,0.5,2,122.52900000021327,1,0,0,0,0,1,3,4
SYN-001-single_character_error,G001,test,single_character_error,prescription_order,0.75,3,122.63800000073388,1,0,0,0,0,0,4,4
SYN-001-single_character_error,G001,test,single_character_error,prescription_order,1.0,4,122.7253999968525,1,0,0,0,0,0,4,4
SYN-001-single_character_error,G001,test,single_character_error,uncertainty,0.0,0,122.20309999975143,1,0,0,0,0,2,2,4
SYN-001-single_character_error,G001,test,single_character_error,uncertainty,0.25,1,122.34000000171363,1,0,0,0,0,1,3,4
SYN-001-single_character_error,G001,test,single_character_error,uncertainty,0.5,2,122.44320000172593,1,0,0,0,0,0,4,4
SYN-001-single_character_error,G001,test,single_character_error,uncertainty,0.75,3,122.53649999911431,1,0,0,0,0,0,4,4
SYN-001-single_character_error,G001,test,single_character_error,uncertainty,1.0,4,122.6133000018308,1,0,0,0,0,0,4,4
SYN-001-single_character_error,G001,test,single_character_error,impact,0.0,0,122.18980000034207,1,0,0,0,0,2,2,4
SYN-001-single_character_error,G001,test,single_character_error,impact,0.25,1,122.31020000035642,1,0,0,0,0,1,3,4
SYN-001-single_character_error,G001,test,single_character_error,impact,0.5,2,122.407300004852,1,0,0,0,0,0,4,4
SYN-001-single_character_error,G001,test,single_character_error,impact,0.75,3,122.49250000604661,1,0,0,0,0,0,4,4
SYN-001-single_character_error,G001,test,single_character_error,impact,1.0,4,122.57110000064131,1,0,0,0,0,0,4,4
SYN-001-single_character_error,G001,test,single_character_error,impact_without_severity,0.0,0,122.21480000152951,1,0,0,0,0,2,2,4
SYN-001-single_character_error,G001,test,single_character_error,impact_without_severity,0.25,1,122.34390000230633,1,0,0,0,0,1,3,4
SYN-001-single_character_error,G001,test,single_character_error,impact_without_severity,0.5,2,122.44569999893429,1,0,0,0,0,0,4,4
SYN-001-single_character_error,G001,test,single_character_error,impact_without_severity,0.75,3,122.5482000008924,1,0,0,0,0,0,4,4
SYN-001-single_character_error,G001,test,single_character_error,impact_without_severity,1.0,4,122.63510000047972,1,0,0,0,0,0,4,4
SYN-001-single_character_error,G001,test,single_character_error,gold_upper_bound,0.0,4,122.61700000090059,1,0,0,0,0,0,4,4
SYN-001-single_character_error,G001,test,single_character_error,gold_upper_bound,0.25,4,122.61700000090059,1,0,0,0,0,0,4,4
SYN-001-single_character_error,G001,test,single_character_error,gold_upper_bound,0.5,4,122.61700000090059,1,0,0,0,0,0,4,4
SYN-001-single_character_error,G001,test,single_character_error,gold_upper_bound,0.75,4,122.61700000090059,1,0,0,0,0,0,4,4
SYN-001-single_character_error,G001,test,single_character_error,gold_upper_bound,1.0,4,122.61700000090059,1,0,0,0,0,0,4,4
SYN-001-mixed_corruption,G001,test,mixed_corruption,legacy_baseline,0.0,0,66.1515000028885,0,0,1,0,0,3,1,4
SYN-001-mixed_corruption,G001,test,mixed_corruption,legacy_baseline,0.25,0,66.1515000028885,0,0,1,0,0,3,1,4
SYN-001-mixed_corruption,G001,test,mixed_corruption,legacy_baseline,0.5,0,66.1515000028885,0,0,1,0,0,3,1,4
SYN-001-mixed_corruption,G001,test,mixed_corruption,legacy_baseline,0.75,0,66.1515000028885,0,0,1,0,0,3,1,4
SYN-001-mixed_corruption,G001,test,mixed_corruption,legacy_baseline,1.0,0,66.1515000028885,0,0,1,0,0,3,1,4
SYN-001-mixed_corruption,G001,test,mixed_corruption,corrected_baseline,0.0,0,66.10190000355942,0,0,1,0,0,3,1,4
SYN-001-mixed_corruption,G001,test,mixed_corruption,corrected_baseline,0.25,0,66.10190000355942,0,0,1,0,0,3,1,4
SYN-001-mixed_corruption,G001,test,mixed_corruption,corrected_baseline,0.5,0,66.10190000355942,0,0,1,0,0,3,1,4
SYN-001-mixed_corruption,G001,test,mixed_corruption,corrected_baseline,0.75,0,66.10190000355942,0,0,1,0,0,3,1,4
SYN-001-mixed_corruption,G001,test,mixed_corruption,corrected_baseline,1.0,0,66.10190000355942,0,0,1,0,0,3,1,4
SYN-001-mixed_corruption,G001,test,mixed_corruption,prescription_order,0.0,0,65.922200003115,0,0,1,0,0,3,1,4
SYN-001-mixed_corruption,G001,test,mixed_corruption,prescription_order,0.25,1,66.14790000458015,0,0,1,0,0,2,2,4
SYN-001-mixed_corruption,G001,test,mixed_corruption,prescription_order,0.5,2,66.31830000696937,1,0,0,0,0,1,3,4
SYN-001-mixed_corruption,G001,test,mixed_corruption,prescription_order,0.75,3,66.41600000148173,1,0,0,0,0,0,4,4
SYN-001-mixed_corruption,G001,test,mixed_corruption,prescription_order,1.0,4,66.49920000199927,1,0,0,0,0,0,4,4
SYN-001-mixed_corruption,G001,test,mixed_corruption,uncertainty,0.0,0,65.86300000344636,0,0,1,0,0,3,1,4
SYN-001-mixed_corruption,G001,test,mixed_corruption,uncertainty,0.25,1,66.04310000693658,1,0,0,0,0,2,2,4
SYN-001-mixed_corruption,G001,test,mixed_corruption,uncertainty,0.5,2,66.14700000500306,1,0,0,0,0,1,3,4
SYN-001-mixed_corruption,G001,test,mixed_corruption,uncertainty,0.75,3,66.24590000137687,1,0,0,0,0,0,4,4
SYN-001-mixed_corruption,G001,test,mixed_corruption,uncertainty,1.0,4,66.33070000680164,1,0,0,0,0,0,4,4
SYN-001-mixed_corruption,G001,test,mixed_corruption,impact,0.0,0,65.85620000259951,0,0,1,0,0,3,1,4
SYN-001-mixed_corruption,G001,test,mixed_corruption,impact,0.25,1,66.01570000202628,1,0,0,0,0,2,2,4
SYN-001-mixed_corruption,G001,test,mixed_corruption,impact,0.5,2,66.12100000347709,1,0,0,0,0,1,3,4
SYN-001-mixed_corruption,G001,test,mixed_corruption,impact,0.75,3,66.22030000289669,1,0,0,0,0,0,4,4
SYN-001-mixed_corruption,G001,test,mixed_corruption,impact,1.0,4,66.29999999859137,1,0,0,0,0,0,4,4
SYN-001-mixed_corruption,G001,test,mixed_corruption,impact_without_severity,0.0,0,65.85650000488386,0,0,1,0,0,3,1,4
SYN-001-mixed_corruption,G001,test,mixed_corruption,impact_without_severity,0.25,1,66.01570000202628,1,0,0,0,0,2,2,4
SYN-001-mixed_corruption,G001,test,mixed_corruption,impact_without_severity,0.5,2,66.11630000406876,1,0,0,0,0,1,3,4
SYN-001-mixed_corruption,G001,test,mixed_corruption,impact_without_severity,0.75,3,66.21040000754874,1,0,0,0,0,0,4,4
SYN-001-mixed_corruption,G001,test,mixed_corruption,impact_without_severity,1.0,4,66.2990000055288,1,0,0,0,0,0,4,4
SYN-001-mixed_corruption,G001,test,mixed_corruption,gold_upper_bound,0.0,4,66.26860000687884,1,0,0,0,0,0,4,4
SYN-001-mixed_corruption,G001,test,mixed_corruption,gold_upper_bound,0.25,4,66.26860000687884,1,0,0,0,0,0,4,4
SYN-001-mixed_corruption,G001,test,mixed_corruption,gold_upper_bound,0.5,4,66.26860000687884,1,0,0,0,0,0,4,4
SYN-001-mixed_corruption,G001,test,mixed_corruption,gold_upper_bound,0.75,4,66.26860000687884,1,0,0,0,0,0,4,4
SYN-001-mixed_corruption,G001,test,mixed_corruption,gold_upper_bound,1.0,4,66.26860000687884,1,0,0,0,0,0,4,4
SYN-002-clean,G002,test,clean,legacy_baseline,0.0,0,0.44159999379189685,2,0,0,1,1,0,4,4
SYN-002-clean,G002,test,clean,legacy_baseline,0.25,0,0.44159999379189685,2,0,0,1,1,0,4,4
SYN-002-clean,G002,test,clean,legacy_baseline,0.5,0,0.44159999379189685,2,0,0,1,1,0,4,4
SYN-002-clean,G002,test,clean,legacy_baseline,0.75,0,0.44159999379189685,2,0,0,1,1,0,4,4
SYN-002-clean,G002,test,clean,legacy_baseline,1.0,0,0.44159999379189685,2,0,0,1,1,0,4,4
SYN-002-clean,G002,test,clean,corrected_baseline,0.0,0,0.24069999199127778,2,0,0,1,1,0,4,4
SYN-002-clean,G002,test,clean,corrected_baseline,0.25,0,0.24069999199127778,2,0,0,1,1,0,4,4
SYN-002-clean,G002,test,clean,corrected_baseline,0.5,0,0.24069999199127778,2,0,0,1,1,0,4,4
SYN-002-clean,G002,test,clean,corrected_baseline,0.75,0,0.24069999199127778,2,0,0,1,1,0,4,4
SYN-002-clean,G002,test,clean,corrected_baseline,1.0,0,0.24069999199127778,2,0,0,1,1,0,4,4
SYN-002-clean,G002,test,clean,prescription_order,0.0,0,0.15719999646535143,2,0,0,1,1,0,4,4
SYN-002-clean,G002,test,clean,prescription_order,0.25,1,0.28789999487344176,2,0,0,1,1,0,4,4
SYN-002-clean,G002,test,clean,prescription_order,0.5,2,0.3975999934482388,2,0,0,1,1,0,4,4
SYN-002-clean,G002,test,clean,prescription_order,0.75,3,0.48999999853549525,2,0,0,1,1,0,4,4
SYN-002-clean,G002,test,clean,prescription_order,1.0,4,0.5698999957530759,2,0,0,1,1,0,4,4
SYN-002-clean,G002,test,clean,uncertainty,0.0,0,0.1525999905425124,2,0,0,1,1,0,4,4
SYN-002-clean,G002,test,clean,uncertainty,0.25,1,0.27049999334849417,2,0,0,1,1,0,4,4
SYN-002-clean,G002,test,clean,uncertainty,0.5,2,0.39489999471697956,2,0,0,1,1,0,4,4
SYN-002-clean,G002,test,clean,uncertainty,0.75,3,0.4926999972667545,2,0,0,1,1,0,4,4
SYN-002-clean,G002,test,clean,uncertainty,1.0,4,0.5800999933853745,2,0,0,1,1,0,4,4
SYN-002-clean,G002,test,clean,impact,0.0,0,0.15469999198103324,2,0,0,1,1,0,4,4
SYN-002-clean,G002,test,clean,impact,0.25,1,0.26529999740887433,2,0,0,1,1,0,4,4
SYN-002-clean,G002,test,clean,impact,0.5,2,0.36189999809721485,2,0,0,1,1,0,4,4
SYN-002-clean,G002,test,clean,impact,0.75,3,0.4495999965001829,2,0,0,1,1,0,4,4
SYN-002-clean,G002,test,clean,impact,1.0,4,0.5321999924490228,2,0,0,1,1,0,4,4
SYN-002-clean,G002,test,clean,impact_without_severity,0.0,0,0.1604999924893491,2,0,0,1,1,0,4,4
SYN-002-clean,G002,test,clean,impact_without_severity,0.25,1,0.2783999952953309,2,0,0,1,1,0,4,4
SYN-002-clean,G002,test,clean,impact_without_severity,0.5,2,0.38699999277014285,2,0,0,1,1,0,4,4
SYN-002-clean,G002,test,clean,impact_without_severity,0.75,3,0.4870999910053797,2,0,0,1,1,0,4,4
SYN-002-clean,G002,test,clean,impact_without_severity,1.0,4,0.5720999906770885,2,0,0,1,1,0,4,4
SYN-002-clean,G002,test,clean,gold_upper_bound,0.0,4,0.5452999903354794,2,0,0,1,1,0,4,4
SYN-002-clean,G002,test,clean,gold_upper_bound,0.25,4,0.5452999903354794,2,0,0,1,1,0,4,4
SYN-002-clean,G002,test,clean,gold_upper_bound,0.5,4,0.5452999903354794,2,0,0,1,1,0,4,4
SYN-002-clean,G002,test,clean,gold_upper_bound,0.75,4,0.5452999903354794,2,0,0,1,1,0,4,4
SYN-002-clean,G002,test,clean,gold_upper_bound,1.0,4,0.5452999903354794,2,0,0,1,1,0,4,4
SYN-002-single_character_error,G002,test,single_character_error,legacy_baseline,0.0,0,64.26639999699546,0,0,2,0,1,2,2,4
SYN-002-single_character_error,G002,test,single_character_error,legacy_baseline,0.25,0,64.26639999699546,0,0,2,0,1,2,2,4
SYN-002-single_character_error,G002,test,single_character_error,legacy_baseline,0.5,0,64.26639999699546,0,0,2,0,1,2,2,4
SYN-002-single_character_error,G002,test,single_character_error,legacy_baseline,0.75,0,64.26639999699546,0,0,2,0,1,2,2,4
SYN-002-single_character_error,G002,test,single_character_error,legacy_baseline,1.0,0,64.26639999699546,0,0,2,0,1,2,2,4
SYN-002-single_character_error,G002,test,single_character_error,corrected_baseline,0.0,0,64.00429999484913,0,0,2,0,1,2,2,4
SYN-002-single_character_error,G002,test,single_character_error,corrected_baseline,0.25,0,64.00429999484913,0,0,2,0,1,2,2,4
SYN-002-single_character_error,G002,test,single_character_error,corrected_baseline,0.5,0,64.00429999484913,0,0,2,0,1,2,2,4
SYN-002-single_character_error,G002,test,single_character_error,corrected_baseline,0.75,0,64.00429999484913,0,0,2,0,1,2,2,4
SYN-002-single_character_error,G002,test,single_character_error,corrected_baseline,1.0,0,64.00429999484913,0,0,2,0,1,2,2,4
SYN-002-single_character_error,G002,test,single_character_error,prescription_order,0.0,0,63.9009000005899,0,0,2,0,1,2,2,4
SYN-002-single_character_error,G002,test,single_character_error,prescription_order,0.25,1,64.07039999612607,1,0,1,0,1,1,3,4
SYN-002-single_character_error,G002,test,single_character_error,prescription_order,0.5,2,64.22179999935906,1,0,1,0,1,1,3,4
SYN-002-single_character_error,G002,test,single_character_error,prescription_order,0.75,3,64.40179999481188,2,0,0,1,1,0,4,4
SYN-002-single_character_error,G002,test,single_character_error,prescription_order,1.0,4,64.49939999583876,2,0,0,1,1,0,4,4
SYN-002-single_character_error,G002,test,single_character_error,uncertainty,0.0,0,63.88739999238169,0,0,2,0,1,2,2,4
SYN-002-single_character_error,G002,test,single_character_error,uncertainty,0.25,1,64.02679999882821,1,0,1,1,1,1,3,4
SYN-002-single_character_error,G002,test,single_character_error,uncertainty,0.5,2,64.14269999368116,2,0,0,1,1,0,4,4
SYN-002-single_character_error,G002,test,single_character_error,uncertainty,0.75,3,64.24649999826215,2,0,0,1,1,0,4,4
SYN-002-single_character_error,G002,test,single_character_error,uncertainty,1.0,4,64.32939999649534,2,0,0,1,1,0,4,4
SYN-002-single_character_error,G002,test,single_character_error,impact,0.0,0,63.873499995679595,0,0,2,0,1,2,2,4
SYN-002-single_character_error,G002,test,single_character_error,impact,0.25,1,64.00189999840222,1,0,1,1,1,1,3,4
SYN-002-single_character_error,G002,test,single_character_error,impact,0.5,2,64.11300000036135,2,0,0,1,1,0,4,4
SYN-002-single_character_error,G002,test,single_character_error,impact,0.75,3,64.22349999775179,2,0,0,1,1,0,4,4
SYN-002-single_character_error,G002,test,single_character_error,impact,1.0,4,64.30759999784641,2,0,0,1,1,0,4,4
SYN-002-single_character_error,G002,test,single_character_error,impact_without_severity,0.0,0,63.89859999762848,0,0,2,0,1,2,2,4
SYN-002-single_character_error,G002,test,single_character_error,impact_without_severity,0.25,1,64.02849999722093,1,0,1,1,1,1,3,4
SYN-002-single_character_error,G002,test,single_character_error,impact_without_severity,0.5,2,64.14419999782695,2,0,0,1,1,0,4,4
SYN-002-single_character_error,G002,test,single_character_error,impact_without_severity,0.75,3,64.2428999999538,2,0,0,1,1,0,4,4
SYN-002-single_character_error,G002,test,single_character_error,impact_without_severity,1.0,4,64.32430000131717,2,0,0,1,1,0,4,4
SYN-002-single_character_error,G002,test,single_character_error,gold_upper_bound,0.0,4,64.31419999717036,2,0,0,1,1,0,4,4
SYN-002-single_character_error,G002,test,single_character_error,gold_upper_bound,0.25,4,64.31419999717036,2,0,0,1,1,0,4,4
SYN-002-single_character_error,G002,test,single_character_error,gold_upper_bound,0.5,4,64.31419999717036,2,0,0,1,1,0,4,4
SYN-002-single_character_error,G002,test,single_character_error,gold_upper_bound,0.75,4,64.31419999717036,2,0,0,1,1,0,4,4
SYN-002-single_character_error,G002,test,single_character_error,gold_upper_bound,1.0,4,64.31419999717036,2,0,0,1,1,0,4,4
SYN-002-mixed_corruption,G002,test,mixed_corruption,legacy_baseline,0.0,0,50.229300002683885,0,0,2,0,1,3,1,4
SYN-002-mixed_corruption,G002,test,mixed_corruption,legacy_baseline,0.25,0,50.229300002683885,0,0,2,0,1,3,1,4
SYN-002-mixed_corruption,G002,test,mixed_corruption,legacy_baseline,0.5,0,50.229300002683885,0,0,2,0,1,3,1,4
SYN-002-mixed_corruption,G002,test,mixed_corruption,legacy_baseline,0.75,0,50.229300002683885,0,0,2,0,1,3,1,4
SYN-002-mixed_corruption,G002,test,mixed_corruption,legacy_baseline,1.0,0,50.229300002683885,0,0,2,0,1,3,1,4
SYN-002-mixed_corruption,G002,test,mixed_corruption,corrected_baseline,0.0,0,49.857300000439864,0,0,2,0,1,3,1,4
SYN-002-mixed_corruption,G002,test,mixed_corruption,corrected_baseline,0.25,0,49.857300000439864,0,0,2,0,1,3,1,4
SYN-002-mixed_corruption,G002,test,mixed_corruption,corrected_baseline,0.5,0,49.857300000439864,0,0,2,0,1,3,1,4
SYN-002-mixed_corruption,G002,test,mixed_corruption,corrected_baseline,0.75,0,49.857300000439864,0,0,2,0,1,3,1,4
SYN-002-mixed_corruption,G002,test,mixed_corruption,corrected_baseline,1.0,0,49.857300000439864,0,0,2,0,1,3,1,4
SYN-002-mixed_corruption,G002,test,mixed_corruption,prescription_order,0.0,0,49.82500000187429,0,0,2,0,1,3,1,4
SYN-002-mixed_corruption,G002,test,mixed_corruption,prescription_order,0.25,1,49.97670000011567,0,0,2,0,1,2,2,4
SYN-002-mixed_corruption,G002,test,mixed_corruption,prescription_order,0.5,2,50.129900002502836,1,0,1,0,1,1,3,4
SYN-002-mixed_corruption,G002,test,mixed_corruption,prescription_order,0.75,3,50.251200002094265,2,0,0,1,1,0,4,4
SYN-002-mixed_corruption,G002,test,mixed_corruption,prescription_order,1.0,4,50.34449999948265,2,0,0,1,1,0,4,4
SYN-002-mixed_corruption,G002,test,mixed_corruption,uncertainty,0.0,0,49.81709999992745,0,0,2,0,1,3,1,4
SYN-002-mixed_corruption,G002,test,mixed_corruption,uncertainty,0.25,1,49.95200000121258,0,0,2,0,1,2,2,4
SYN-002-mixed_corruption,G002,test,mixed_corruption,uncertainty,0.5,2,50.06310000317171,1,0,1,1,1,1,3,4
SYN-002-mixed_corruption,G002,test,mixed_corruption,uncertainty,0.75,3,50.180800004454795,2,0,0,1,1,0,4,4
SYN-002-mixed_corruption,G002,test,mixed_corruption,uncertainty,1.0,4,50.26530000031926,2,0,0,1,1,0,4,4
SYN-002-mixed_corruption,G002,test,mixed_corruption,impact,0.0,0,49.825800000689924,0,0,2,0,1,3,1,4
SYN-002-mixed_corruption,G002,test,mixed_corruption,impact,0.25,1,49.946400002227165,0,0,2,0,1,2,2,4
SYN-002-mixed_corruption,G002,test,mixed_corruption,impact,0.5,2,50.05459999665618,1,0,1,1,1,1,3,4
SYN-002-mixed_corruption,G002,test,mixed_corruption,impact,0.75,3,50.161799998022616,2,0,0,1,1,0,4,4
SYN-002-mixed_corruption,G002,test,mixed_corruption,impact,1.0,4,50.25490000116406,2,0,0,1,1,0,4,4
SYN-002-mixed_corruption,G002,test,mixed_corruption,impact_without_severity,0.0,0,49.81899999984307,0,0,2,0,1,3,1,4
SYN-002-mixed_corruption,G002,test,mixed_corruption,impact_without_severity,0.25,1,49.93610000383342,0,0,2,0,1,2,2,4
SYN-002-mixed_corruption,G002,test,mixed_corruption,impact_without_severity,0.5,2,50.045500000123866,1,0,1,1,1,1,3,4
SYN-002-mixed_corruption,G002,test,mixed_corruption,impact_without_severity,0.75,3,50.15010000352049,2,0,0,1,1,0,4,4
SYN-002-mixed_corruption,G002,test,mixed_corruption,impact_without_severity,1.0,4,50.23770000116201,2,0,0,1,1,0,4,4
SYN-002-mixed_corruption,G002,test,mixed_corruption,gold_upper_bound,0.0,4,50.24460000277031,2,0,0,1,1,0,4,4
SYN-002-mixed_corruption,G002,test,mixed_corruption,gold_upper_bound,0.25,4,50.24460000277031,2,0,0,1,1,0,4,4
SYN-002-mixed_corruption,G002,test,mixed_corruption,gold_upper_bound,0.5,4,50.24460000277031,2,0,0,1,1,0,4,4
SYN-002-mixed_corruption,G002,test,mixed_corruption,gold_upper_bound,0.75,4,50.24460000277031,2,0,0,1,1,0,4,4
SYN-002-mixed_corruption,G002,test,mixed_corruption,gold_upper_bound,1.0,4,50.24460000277031,2,0,0,1,1,0,4,4
SYN-003-clean,G003,test,clean,legacy_baseline,0.0,0,0.5041999975219369,3,0,0,0,0,0,4,4
SYN-003-clean,G003,test,clean,legacy_baseline,0.25,0,0.5041999975219369,3,0,0,0,0,0,4,4
SYN-003-clean,G003,test,clean,legacy_baseline,0.5,0,0.5041999975219369,3,0,0,0,0,0,4,4
SYN-003-clean,G003,test,clean,legacy_baseline,0.75,0,0.5041999975219369,3,0,0,0,0,0,4,4
SYN-003-clean,G003,test,clean,legacy_baseline,1.0,0,0.5041999975219369,3,0,0,0,0,0,4,4
SYN-003-clean,G003,test,clean,corrected_baseline,0.0,0,0.24229999689850956,3,0,0,0,0,0,4,4
SYN-003-clean,G003,test,clean,corrected_baseline,0.25,0,0.24229999689850956,3,0,0,0,0,0,4,4
SYN-003-clean,G003,test,clean,corrected_baseline,0.5,0,0.24229999689850956,3,0,0,0,0,0,4,4
SYN-003-clean,G003,test,clean,corrected_baseline,0.75,0,0.24229999689850956,3,0,0,0,0,0,4,4
SYN-003-clean,G003,test,clean,corrected_baseline,1.0,0,0.24229999689850956,3,0,0,0,0,0,4,4
SYN-003-clean,G003,test,clean,prescription_order,0.0,0,0.17279999883612618,3,0,0,0,0,0,4,4
SYN-003-clean,G003,test,clean,prescription_order,0.25,1,0.2997999981744215,3,0,0,0,0,0,4,4
SYN-003-clean,G003,test,clean,prescription_order,0.5,2,0.4313000026741065,3,0,0,0,0,0,4,4
SYN-003-clean,G003,test,clean,prescription_order,0.75,3,0.5512999996426515,3,0,0,0,0,0,4,4
SYN-003-clean,G003,test,clean,prescription_order,1.0,4,0.6563999995705672,3,0,0,0,0,0,4,4
SYN-003-clean,G003,test,clean,uncertainty,0.0,0,0.17740000475896522,3,0,0,0,0,0,4,4
SYN-003-clean,G003,test,clean,uncertainty,0.25,1,0.31830000079935417,3,0,0,0,0,0,4,4
SYN-003-clean,G003,test,clean,uncertainty,0.5,2,0.43120000191265717,3,0,0,0,0,0,4,4
SYN-003-clean,G003,test,clean,uncertainty,0.75,3,0.5617999995592982,3,0,0,0,0,0,4,4
SYN-003-clean,G003,test,clean,uncertainty,1.0,4,0.6683000028715469,3,0,0,0,0,0,4,4
SYN-003-clean,G003,test,clean,impact,0.0,0,0.2164999968954362,3,0,0,0,0,0,4,4
SYN-003-clean,G003,test,clean,impact,0.25,1,0.35379999462747946,3,0,0,0,0,0,4,4
SYN-003-clean,G003,test,clean,impact,0.5,2,0.47449999692616984,3,0,0,0,0,0,4,4
SYN-003-clean,G003,test,clean,impact,0.75,3,0.5796999976155348,3,0,0,0,0,0,4,4
SYN-003-clean,G003,test,clean,impact,1.0,4,0.6677999990643002,3,0,0,0,0,0,4,4
SYN-003-clean,G003,test,clean,impact_without_severity,0.0,0,0.16909999976633117,3,0,0,0,0,0,4,4
SYN-003-clean,G003,test,clean,impact_without_severity,0.25,1,0.3052000029128976,3,0,0,0,0,0,4,4
SYN-003-clean,G003,test,clean,impact_without_severity,0.5,2,0.4186000005574897,3,0,0,0,0,0,4,4
SYN-003-clean,G003,test,clean,impact_without_severity,0.75,3,0.5135000028531067,3,0,0,0,0,0,4,4
SYN-003-clean,G003,test,clean,impact_without_severity,1.0,4,0.6040000007487833,3,0,0,0,0,0,4,4
SYN-003-clean,G003,test,clean,gold_upper_bound,0.0,4,0.6235999971977435,3,0,0,0,0,0,4,4
SYN-003-clean,G003,test,clean,gold_upper_bound,0.25,4,0.6235999971977435,3,0,0,0,0,0,4,4
SYN-003-clean,G003,test,clean,gold_upper_bound,0.5,4,0.6235999971977435,3,0,0,0,0,0,4,4
SYN-003-clean,G003,test,clean,gold_upper_bound,0.75,4,0.6235999971977435,3,0,0,0,0,0,4,4
SYN-003-clean,G003,test,clean,gold_upper_bound,1.0,4,0.6235999971977435,3,0,0,0,0,0,4,4
SYN-003-single_character_error,G003,test,single_character_error,legacy_baseline,0.0,0,55.94310000014957,1,0,2,0,0,2,2,4
SYN-003-single_character_error,G003,test,single_character_error,legacy_baseline,0.25,0,55.94310000014957,1,0,2,0,0,2,2,4
SYN-003-single_character_error,G003,test,single_character_error,legacy_baseline,0.5,0,55.94310000014957,1,0,2,0,0,2,2,4
SYN-003-single_character_error,G003,test,single_character_error,legacy_baseline,0.75,0,55.94310000014957,1,0,2,0,0,2,2,4
SYN-003-single_character_error,G003,test,single_character_error,legacy_baseline,1.0,0,55.94310000014957,1,0,2,0,0,2,2,4
SYN-003-single_character_error,G003,test,single_character_error,corrected_baseline,0.0,0,55.954000003112014,1,0,2,0,0,2,2,4
SYN-003-single_character_error,G003,test,single_character_error,corrected_baseline,0.25,0,55.954000003112014,1,0,2,0,0,2,2,4
SYN-003-single_character_error,G003,test,single_character_error,corrected_baseline,0.5,0,55.954000003112014,1,0,2,0,0,2,2,4
SYN-003-single_character_error,G003,test,single_character_error,corrected_baseline,0.75,0,55.954000003112014,1,0,2,0,0,2,2,4
SYN-003-single_character_error,G003,test,single_character_error,corrected_baseline,1.0,0,55.954000003112014,1,0,2,0,0,2,2,4
SYN-003-single_character_error,G003,test,single_character_error,prescription_order,0.0,0,55.63170000095852,1,0,2,0,0,2,2,4
SYN-003-single_character_error,G003,test,single_character_error,prescription_order,0.25,1,55.87360000208719,2,0,1,0,0,1,3,4
SYN-003-single_character_error,G003,test,single_character_error,prescription_order,0.5,2,56.08660000143573,2,0,1,0,0,1,3,4
SYN-003-single_character_error,G003,test,single_character_error,prescription_order,0.75,3,56.276000002981164,3,0,0,0,0,0,4,4
SYN-003-single_character_error,G003,test,single_character_error,prescription_order,1.0,4,56.43580000469228,3,0,0,0,0,0,4,4
SYN-003-single_character_error,G003,test,single_character_error,uncertainty,0.0,0,55.61400000442518,1,0,2,0,0,2,2,4
SYN-003-single_character_error,G003,test,single_character_error,uncertainty,0.25,1,55.8591000008164,2,0,1,0,0,1,3,4
SYN-003-single_character_error,G003,test,single_character_error,uncertainty,0.5,2,56.05410000134725,3,0,0,0,0,0,4,4
SYN-003-single_character_error,G003,test,single_character_error,uncertainty,0.75,3,56.258600001456216,3,0,0,0,0,0,4,4
SYN-003-single_character_error,G003,test,single_character_error,uncertainty,1.0,4,56.41900000046007,3,0,0,0,0,0,4,4
SYN-003-single_character_error,G003,test,single_character_error,impact,0.0,0,55.62729999655858,1,0,2,0,0,2,2,4
SYN-003-single_character_error,G003,test,single_character_error,impact,0.25,1,55.859599997347686,2,0,1,0,0,1,3,4
SYN-003-single_character_error,G003,test,single_character_error,impact,0.5,2,56.05120000109309,3,0,0,0,0,0,4,4
SYN-003-single_character_error,G003,test,single_character_error,impact,0.75,3,56.225100001029205,3,0,0,0,0,0,4,4
SYN-003-single_character_error,G003,test,single_character_error,impact,1.0,4,56.379699999524746,3,0,0,0,0,0,4,4
SYN-003-single_character_error,G003,test,single_character_error,impact_without_severity,0.0,0,55.72399999800837,1,0,2,0,0,2,2,4
SYN-003-single_character_error,G003,test,single_character_error,impact_without_severity,0.25,1,55.98440000176197,2,0,1,0,0,1,3,4
SYN-003-single_character_error,G003,test,single_character_error,impact_without_severity,0.5,2,56.17550000170013,3,0,0,0,0,0,4,4
SYN-003-single_character_error,G003,test,single_character_error,impact_without_severity,0.75,3,56.34490000375081,3,0,0,0,0,0,4,4
SYN-003-single_character_error,G003,test,single_character_error,impact_without_severity,1.0,4,56.493500000215136,3,0,0,0,0,0,4,4
SYN-003-single_character_error,G003,test,single_character_error,gold_upper_bound,0.0,4,56.37600000045495,3,0,0,0,0,0,4,4
SYN-003-single_character_error,G003,test,single_character_error,gold_upper_bound,0.25,4,56.37600000045495,3,0,0,0,0,0,4,4
SYN-003-single_character_error,G003,test,single_character_error,gold_upper_bound,0.5,4,56.37600000045495,3,0,0,0,0,0,4,4
SYN-003-single_character_error,G003,test,single_character_error,gold_upper_bound,0.75,4,56.37600000045495,3,0,0,0,0,0,4,4
SYN-003-single_character_error,G003,test,single_character_error,gold_upper_bound,1.0,4,56.37600000045495,3,0,0,0,0,0,4,4
SYN-003-mixed_corruption,G003,test,mixed_corruption,legacy_baseline,0.0,0,44.02010000194423,0,0,3,0,0,3,1,4
SYN-003-mixed_corruption,G003,test,mixed_corruption,legacy_baseline,0.25,0,44.02010000194423,0,0,3,0,0,3,1,4
SYN-003-mixed_corruption,G003,test,mixed_corruption,legacy_baseline,0.5,0,44.02010000194423,0,0,3,0,0,3,1,4
SYN-003-mixed_corruption,G003,test,mixed_corruption,legacy_baseline,0.75,0,44.02010000194423,0,0,3,0,0,3,1,4
SYN-003-mixed_corruption,G003,test,mixed_corruption,legacy_baseline,1.0,0,44.02010000194423,0,0,3,0,0,3,1,4
SYN-003-mixed_corruption,G003,test,mixed_corruption,corrected_baseline,0.0,0,43.916900001931936,0,0,3,0,0,3,1,4
SYN-003-mixed_corruption,G003,test,mixed_corruption,corrected_baseline,0.25,0,43.916900001931936,0,0,3,0,0,3,1,4
SYN-003-mixed_corruption,G003,test,mixed_corruption,corrected_baseline,0.5,0,43.916900001931936,0,0,3,0,0,3,1,4
SYN-003-mixed_corruption,G003,test,mixed_corruption,corrected_baseline,0.75,0,43.916900001931936,0,0,3,0,0,3,1,4
SYN-003-mixed_corruption,G003,test,mixed_corruption,corrected_baseline,1.0,0,43.916900001931936,0,0,3,0,0,3,1,4
SYN-003-mixed_corruption,G003,test,mixed_corruption,prescription_order,0.0,0,43.750099997851066,0,0,3,0,0,3,1,4
SYN-003-mixed_corruption,G003,test,mixed_corruption,prescription_order,0.25,1,43.97829999652458,1,0,2,0,0,2,2,4
SYN-003-mixed_corruption,G003,test,mixed_corruption,prescription_order,0.5,2,44.103300002461765,2,0,1,0,0,1,3,4
SYN-003-mixed_corruption,G003,test,mixed_corruption,prescription_order,0.75,3,44.22509999858448,3,0,0,0,0,0,4,4
SYN-003-mixed_corruption,G003,test,mixed_corruption,prescription_order,1.0,4,44.34269999910612,3,0,0,0,0,0,4,4
SYN-003-mixed_corruption,G003,test,mixed_corruption,uncertainty,0.0,0,43.732800004363526,0,0,3,0,0,3,1,4
SYN-003-mixed_corruption,G003,test,mixed_corruption,uncertainty,0.25,1,43.89600000286009,1,0,2,0,0,2,2,4
SYN-003-mixed_corruption,G003,test,mixed_corruption,uncertainty,0.5,2,44.0117000034661,2,0,1,0,0,1,3,4
SYN-003-mixed_corruption,G003,test,mixed_corruption,uncertainty,0.75,3,44.13390000263462,3,0,0,0,0,0,4,4
SYN-003-mixed_corruption,G003,test,mixed_corruption,uncertainty,1.0,4,44.228900005691685,3,0,0,0,0,0,4,4
SYN-003-mixed_corruption,G003,test,mixed_corruption,impact,0.0,0,43.73249999480322,0,0,3,0,0,3,1,4
SYN-003-mixed_corruption,G003,test,mixed_corruption,impact,0.25,1,43.90419999981532,1,0,2,0,0,2,2,4
SYN-003-mixed_corruption,G003,test,mixed_corruption,impact,0.5,2,44.024099996022414,2,0,1,0,0,1,3,4
SYN-003-mixed_corruption,G003,test,mixed_corruption,impact,0.75,3,44.14059999544406,3,0,0,0,0,0,4,4
SYN-003-mixed_corruption,G003,test,mixed_corruption,impact,1.0,4,44.24730000027921,3,0,0,0,0,0,4,4
SYN-003-mixed_corruption,G003,test,mixed_corruption,impact_without_severity,0.0,0,43.74660000030417,0,0,3,0,0,3,1,4
SYN-003-mixed_corruption,G003,test,mixed_corruption,impact_without_severity,0.25,1,43.903099998715334,1,0,2,0,0,2,2,4
SYN-003-mixed_corruption,G003,test,mixed_corruption,impact_without_severity,0.5,2,44.0180999939912,2,0,1,0,0,1,3,4
SYN-003-mixed_corruption,G003,test,mixed_corruption,impact_without_severity,0.75,3,44.12949999823468,3,0,0,0,0,0,4,4
SYN-003-mixed_corruption,G003,test,mixed_corruption,impact_without_severity,1.0,4,44.22519999934593,3,0,0,0,0,0,4,4
SYN-003-mixed_corruption,G003,test,mixed_corruption,gold_upper_bound,0.0,4,44.22640000120737,3,0,0,0,0,0,4,4
SYN-003-mixed_corruption,G003,test,mixed_corruption,gold_upper_bound,0.25,4,44.22640000120737,3,0,0,0,0,0,4,4
SYN-003-mixed_corruption,G003,test,mixed_corruption,gold_upper_bound,0.5,4,44.22640000120737,3,0,0,0,0,0,4,4
SYN-003-mixed_corruption,G003,test,mixed_corruption,gold_upper_bound,0.75,4,44.22640000120737,3,0,0,0,0,0,4,4
SYN-003-mixed_corruption,G003,test,mixed_corruption,gold_upper_bound,1.0,4,44.22640000120737,3,0,0,0,0,0,4,4
SYN-004-clean,G004,test,clean,legacy_baseline,0.0,0,0.4576999999699183,2,0,0,2,2,0,4,4
SYN-004-clean,G004,test,clean,legacy_baseline,0.25,0,0.4576999999699183,2,0,0,2,2,0,4,4
SYN-004-clean,G004,test,clean,legacy_baseline,0.5,0,0.4576999999699183,2,0,0,2,2,0,4,4
SYN-004-clean,G004,test,clean,legacy_baseline,0.75,0,0.4576999999699183,2,0,0,2,2,0,4,4
SYN-004-clean,G004,test,clean,legacy_baseline,1.0,0,0.4576999999699183,2,0,0,2,2,0,4,4
SYN-004-clean,G004,test,clean,corrected_baseline,0.0,0,0.22519999765791,2,0,0,2,2,0,4,4
SYN-004-clean,G004,test,clean,corrected_baseline,0.25,0,0.22519999765791,2,0,0,2,2,0,4,4
SYN-004-clean,G004,test,clean,corrected_baseline,0.5,0,0.22519999765791,2,0,0,2,2,0,4,4
SYN-004-clean,G004,test,clean,corrected_baseline,0.75,0,0.22519999765791,2,0,0,2,2,0,4,4
SYN-004-clean,G004,test,clean,corrected_baseline,1.0,0,0.22519999765791,2,0,0,2,2,0,4,4
SYN-004-clean,G004,test,clean,prescription_order,0.0,0,0.17020000086631626,2,0,0,2,2,0,4,4
SYN-004-clean,G004,test,clean,prescription_order,0.25,1,0.298099999781698,2,0,0,2,2,0,4,4
SYN-004-clean,G004,test,clean,prescription_order,0.5,2,0.4026000024168752,2,0,0,2,2,0,4,4
SYN-004-clean,G004,test,clean,prescription_order,0.75,3,0.5010000022593886,2,0,0,2,2,0,4,4
SYN-004-clean,G004,test,clean,prescription_order,1.0,4,0.5897000010008924,2,0,0,2,2,0,4,4
SYN-004-clean,G004,test,clean,uncertainty,0.0,0,0.15100000018719584,2,0,0,2,2,0,4,4
SYN-004-clean,G004,test,clean,uncertainty,0.25,1,0.27459999546408653,2,0,0,2,2,0,4,4
SYN-004-clean,G004,test,clean,uncertainty,0.5,2,0.3938999943784438,2,0,0,2,2,0,4,4
SYN-004-clean,G004,test,clean,uncertainty,0.75,3,0.4932999945594929,2,0,0,2,2,0,4,4
SYN-004-clean,G004,test,clean,uncertainty,1.0,4,0.5871999965165742,2,0,0,2,2,0,4,4
SYN-004-clean,G004,test,clean,impact,0.0,0,0.152900000102818,2,0,0,2,2,0,4,4
SYN-004-clean,G004,test,clean,impact,0.25,1,0.2702999991015531,2,0,0,2,2,0,4,4
SYN-004-clean,G004,test,clean,impact,0.5,2,0.37509999674512073,2,0,0,2,2,0,4,4
SYN-004-clean,G004,test,clean,impact,0.75,3,0.4826000003959052,2,0,0,2,2,0,4,4
SYN-004-clean,G004,test,clean,impact,1.0,4,0.5669000020134263,2,0,0,2,2,0,4,4
SYN-004-clean,G004,test,clean,impact_without_severity,0.0,0,0.15749999874969944,2,0,0,2,2,0,4,4
SYN-004-clean,G004,test,clean,impact_without_severity,0.25,1,0.2792999948724173,2,0,0,2,2,0,4,4
SYN-004-clean,G004,test,clean,impact_without_severity,0.5,2,0.38619999395450577,2,0,0,2,2,0,4,4
SYN-004-clean,G004,test,clean,impact_without_severity,0.75,3,0.4845000003115274,2,0,0,2,2,0,4,4
SYN-004-clean,G004,test,clean,impact_without_severity,1.0,4,0.5679999958374538,2,0,0,2,2,0,4,4
SYN-004-clean,G004,test,clean,gold_upper_bound,0.0,4,0.5357999980333261,2,0,0,2,2,0,4,4
SYN-004-clean,G004,test,clean,gold_upper_bound,0.25,4,0.5357999980333261,2,0,0,2,2,0,4,4
SYN-004-clean,G004,test,clean,gold_upper_bound,0.5,4,0.5357999980333261,2,0,0,2,2,0,4,4
SYN-004-clean,G004,test,clean,gold_upper_bound,0.75,4,0.5357999980333261,2,0,0,2,2,0,4,4
SYN-004-clean,G004,test,clean,gold_upper_bound,1.0,4,0.5357999980333261,2,0,0,2,2,0,4,4
SYN-004-single_character_error,G004,test,single_character_error,legacy_baseline,0.0,0,50.06090000097174,1,0,1,1,2,2,2,4
SYN-004-single_character_error,G004,test,single_character_error,legacy_baseline,0.25,0,50.06090000097174,1,0,1,1,2,2,2,4
SYN-004-single_character_error,G004,test,single_character_error,legacy_baseline,0.5,0,50.06090000097174,1,0,1,1,2,2,2,4
SYN-004-single_character_error,G004,test,single_character_error,legacy_baseline,0.75,0,50.06090000097174,1,0,1,1,2,2,2,4
SYN-004-single_character_error,G004,test,single_character_error,legacy_baseline,1.0,0,50.06090000097174,1,0,1,1,2,2,2,4
SYN-004-single_character_error,G004,test,single_character_error,corrected_baseline,0.0,0,50.03260000376031,1,0,1,1,2,2,2,4
SYN-004-single_character_error,G004,test,single_character_error,corrected_baseline,0.25,0,50.03260000376031,1,0,1,1,2,2,2,4
SYN-004-single_character_error,G004,test,single_character_error,corrected_baseline,0.5,0,50.03260000376031,1,0,1,1,2,2,2,4
SYN-004-single_character_error,G004,test,single_character_error,corrected_baseline,0.75,0,50.03260000376031,1,0,1,1,2,2,2,4
SYN-004-single_character_error,G004,test,single_character_error,corrected_baseline,1.0,0,50.03260000376031,1,0,1,1,2,2,2,4
SYN-004-single_character_error,G004,test,single_character_error,prescription_order,0.0,0,49.85770000348566,1,0,1,1,2,2,2,4
SYN-004-single_character_error,G004,test,single_character_error,prescription_order,0.25,1,50.04180000105407,1,0,1,1,2,1,3,4
SYN-004-single_character_error,G004,test,single_character_error,prescription_order,0.5,2,50.193000002764165,1,0,1,1,2,1,3,4
SYN-004-single_character_error,G004,test,single_character_error,prescription_order,0.75,3,50.32230000506388,2,0,0,2,2,0,4,4
SYN-004-single_character_error,G004,test,single_character_error,prescription_order,1.0,4,50.422700005583465,2,0,0,2,2,0,4,4
SYN-004-single_character_error,G004,test,single_character_error,uncertainty,0.0,0,49.79040000034729,1,0,1,1,2,2,2,4
SYN-004-single_character_error,G004,test,single_character_error,uncertainty,0.25,1,49.95919999782927,1,0,1,1,2,1,3,4
SYN-004-single_character_error,G004,test,single_character_error,uncertainty,0.5,2,50.07139999361243,2,0,0,2,2,0,4,4
SYN-004-single_character_error,G004,test,single_character_error,uncertainty,0.75,3,50.16629999590805,2,0,0,2,2,0,4,4
SYN-004-single_character_error,G004,test,single_character_error,uncertainty,1.0,4,50.248799998371396,2,0,0,2,2,0,4,4
SYN-004-single_character_error,G004,test,single_character_error,impact,0.0,0,49.798899999586865,1,0,1,1,2,2,2,4
SYN-004-single_character_error,G004,test,single_character_error,impact,0.25,1,49.970899999607354,2,0,0,2,2,1,3,4
SYN-004-single_character_error,G004,test,single_character_error,impact,0.5,2,50.08320000342792,2,0,0,2,2,0,4,4
SYN-004-single_character_error,G004,test,single_character_error,impact,0.75,3,50.18160000327043,2,0,0,2,2,0,4,4
SYN-004-single_character_error,G004,test,single_character_error,impact,1.0,4,50.27430000336608,2,0,0,2,2,0,4,4
SYN-004-single_character_error,G004,test,single_character_error,impact_without_severity,0.0,0,49.806499999249354,1,0,1,1,2,2,2,4
SYN-004-single_character_error,G004,test,single_character_error,impact_without_severity,0.25,1,49.977300004684366,1,0,1,1,2,1,3,4
SYN-004-single_character_error,G004,test,single_character_error,impact_without_severity,0.5,2,50.08380000072066,2,0,0,2,2,0,4,4
SYN-004-single_character_error,G004,test,single_character_error,impact_without_severity,0.75,3,50.205200001073536,2,0,0,2,2,0,4,4
SYN-004-single_character_error,G004,test,single_character_error,impact_without_severity,1.0,4,50.30059999990044,2,0,0,2,2,0,4,4
SYN-004-single_character_error,G004,test,single_character_error,gold_upper_bound,0.0,4,50.25580000074115,2,0,0,2,2,0,4,4
SYN-004-single_character_error,G004,test,single_character_error,gold_upper_bound,0.25,4,50.25580000074115,2,0,0,2,2,0,4,4
SYN-004-single_character_error,G004,test,single_character_error,gold_upper_bound,0.5,4,50.25580000074115,2,0,0,2,2,0,4,4
SYN-004-single_character_error,G004,test,single_character_error,gold_upper_bound,0.75,4,50.25580000074115,2,0,0,2,2,0,4,4
SYN-004-single_character_error,G004,test,single_character_error,gold_upper_bound,1.0,4,50.25580000074115,2,0,0,2,2,0,4,4
SYN-004-mixed_corruption,G004,test,mixed_corruption,legacy_baseline,0.0,0,36.504299998341594,0,0,2,0,2,3,1,4
SYN-004-mixed_corruption,G004,test,mixed_corruption,legacy_baseline,0.25,0,36.504299998341594,0,0,2,0,2,3,1,4
SYN-004-mixed_corruption,G004,test,mixed_corruption,legacy_baseline,0.5,0,36.504299998341594,0,0,2,0,2,3,1,4
SYN-004-mixed_corruption,G004,test,mixed_corruption,legacy_baseline,0.75,0,36.504299998341594,0,0,2,0,2,3,1,4
SYN-004-mixed_corruption,G004,test,mixed_corruption,legacy_baseline,1.0,0,36.504299998341594,0,0,2,0,2,3,1,4
SYN-004-mixed_corruption,G004,test,mixed_corruption,corrected_baseline,0.0,0,36.57399999065092,0,0,2,0,2,3,1,4
SYN-004-mixed_corruption,G004,test,mixed_corruption,corrected_baseline,0.25,0,36.57399999065092,0,0,2,0,2,3,1,4
SYN-004-mixed_corruption,G004,test,mixed_corruption,corrected_baseline,0.5,0,36.57399999065092,0,0,2,0,2,3,1,4
SYN-004-mixed_corruption,G004,test,mixed_corruption,corrected_baseline,0.75,0,36.57399999065092,0,0,2,0,2,3,1,4
SYN-004-mixed_corruption,G004,test,mixed_corruption,corrected_baseline,1.0,0,36.57399999065092,0,0,2,0,2,3,1,4
SYN-004-mixed_corruption,G004,test,mixed_corruption,prescription_order,0.0,0,36.367100001371,0,0,2,0,2,3,1,4
SYN-004-mixed_corruption,G004,test,mixed_corruption,prescription_order,0.25,1,36.59669999615289,0,0,2,0,2,2,2,4
SYN-004-mixed_corruption,G004,test,mixed_corruption,prescription_order,0.5,2,36.738499999046326,1,0,1,1,2,1,3,4
SYN-004-mixed_corruption,G004,test,mixed_corruption,prescription_order,0.75,3,36.8462999977055,2,0,0,2,2,0,4,4
SYN-004-mixed_corruption,G004,test,mixed_corruption,prescription_order,1.0,4,36.93609999754699,2,0,0,2,2,0,4,4
SYN-004-mixed_corruption,G004,test,mixed_corruption,uncertainty,0.0,0,36.3084999989951,0,0,2,0,2,3,1,4
SYN-004-mixed_corruption,G004,test,mixed_corruption,uncertainty,0.25,1,36.52679999504471,0,0,2,0,2,2,2,4
SYN-004-mixed_corruption,G004,test,mixed_corruption,uncertainty,0.5,2,36.670900000899564,1,0,1,1,2,1,3,4
SYN-004-mixed_corruption,G004,test,mixed_corruption,uncertainty,0.75,3,36.78899999795249,2,0,0,2,2,0,4,4
SYN-004-mixed_corruption,G004,test,mixed_corruption,uncertainty,1.0,4,36.8942999994033,2,0,0,2,2,0,4,4
SYN-004-mixed_corruption,G004,test,mixed_corruption,impact,0.0,0,36.407999992661644,0,0,2,0,2,3,1,4
SYN-004-mixed_corruption,G004,test,mixed_corruption,impact,0.25,1,36.61999999167165,1,0,1,1,2,2,2,4
SYN-004-mixed_corruption,G004,test,mixed_corruption,impact,0.5,2,36.76989999075886,2,0,0,2,2,1,3,4
SYN-004-mixed_corruption,G004,test,mixed_corruption,impact,0.75,3,36.901099992974196,2,0,0,2,2,0,4,4
SYN-004-mixed_corruption,G004,test,mixed_corruption,impact,1.0,4,37.00219999154797,2,0,0,2,2,0,4,4
SYN-004-mixed_corruption,G004,test,mixed_corruption,impact_without_severity,0.0,0,36.36790000018664,0,0,2,0,2,3,1,4
SYN-004-mixed_corruption,G004,test,mixed_corruption,impact_without_severity,0.25,1,36.590700001397636,0,0,2,0,2,2,2,4
SYN-004-mixed_corruption,G004,test,mixed_corruption,impact_without_severity,0.5,2,36.73739999794634,1,0,1,1,2,1,3,4
SYN-004-mixed_corruption,G004,test,mixed_corruption,impact_without_severity,0.75,3,36.84939999948256,2,0,0,2,2,0,4,4
SYN-004-mixed_corruption,G004,test,mixed_corruption,impact_without_severity,1.0,4,36.94040000118548,2,0,0,2,2,0,4,4
SYN-004-mixed_corruption,G004,test,mixed_corruption,gold_upper_bound,0.0,4,37.324599994462915,2,0,0,2,2,0,4,4
SYN-004-mixed_corruption,G004,test,mixed_corruption,gold_upper_bound,0.25,4,37.324599994462915,2,0,0,2,2,0,4,4
SYN-004-mixed_corruption,G004,test,mixed_corruption,gold_upper_bound,0.5,4,37.324599994462915,2,0,0,2,2,0,4,4
SYN-004-mixed_corruption,G004,test,mixed_corruption,gold_upper_bound,0.75,4,37.324599994462915,2,0,0,2,2,0,4,4
SYN-004-mixed_corruption,G004,test,mixed_corruption,gold_upper_bound,1.0,4,37.324599994462915,2,0,0,2,2,0,4,4
SYN-006-clean,G006,test,clean,legacy_baseline,0.0,0,0.5156000042916276,1,0,0,0,0,0,4,4
SYN-006-clean,G006,test,clean,legacy_baseline,0.25,0,0.5156000042916276,1,0,0,0,0,0,4,4
SYN-006-clean,G006,test,clean,legacy_baseline,0.5,0,0.5156000042916276,1,0,0,0,0,0,4,4
SYN-006-clean,G006,test,clean,legacy_baseline,0.75,0,0.5156000042916276,1,0,0,0,0,0,4,4
SYN-006-clean,G006,test,clean,legacy_baseline,1.0,0,0.5156000042916276,1,0,0,0,0,0,4,4
SYN-006-clean,G006,test,clean,corrected_baseline,0.0,0,0.21020000713178888,1,0,0,0,0,0,4,4
SYN-006-clean,G006,test,clean,corrected_baseline,0.25,0,0.21020000713178888,1,0,0,0,0,0,4,4
SYN-006-clean,G006,test,clean,corrected_baseline,0.5,0,0.21020000713178888,1,0,0,0,0,0,4,4
SYN-006-clean,G006,test,clean,corrected_baseline,0.75,0,0.21020000713178888,1,0,0,0,0,0,4,4
SYN-006-clean,G006,test,clean,corrected_baseline,1.0,0,0.21020000713178888,1,0,0,0,0,0,4,4
SYN-006-clean,G006,test,clean,prescription_order,0.0,0,0.18219999765278772,1,0,0,0,0,0,4,4
SYN-006-clean,G006,test,clean,prescription_order,0.25,1,0.32359999750042334,1,0,0,0,0,0,4,4
SYN-006-clean,G006,test,clean,prescription_order,0.5,2,0.42969999776687473,1,0,0,0,0,0,4,4
SYN-006-clean,G006,test,clean,prescription_order,0.75,3,0.5273999995552003,1,0,0,0,0,0,4,4
SYN-006-clean,G006,test,clean,prescription_order,1.0,4,0.6198999981279485,1,0,0,0,0,0,4,4
SYN-006-clean,G006,test,clean,uncertainty,0.0,0,0.16650000179652125,1,0,0,0,0,0,4,4
SYN-006-clean,G006,test,clean,uncertainty,0.25,1,0.312700001813937,1,0,0,0,0,0,4,4
SYN-006-clean,G006,test,clean,uncertainty,0.5,2,0.42720000055851415,1,0,0,0,0,0,4,4
SYN-006-clean,G006,test,clean,uncertainty,0.75,3,0.5321000062394887,1,0,0,0,0,0,4,4
SYN-006-clean,G006,test,clean,uncertainty,1.0,4,0.6133000060799532,1,0,0,0,0,0,4,4
SYN-006-clean,G006,test,clean,impact,0.0,0,0.1604999997653067,1,0,0,0,0,0,4,4
SYN-006-clean,G006,test,clean,impact,0.25,1,0.28249999741092324,1,0,0,0,0,0,4,4
SYN-006-clean,G006,test,clean,impact,0.5,2,0.38640000275336206,1,0,0,0,0,0,4,4
SYN-006-clean,G006,test,clean,impact,0.75,3,0.47620000259485096,1,0,0,0,0,0,4,4
SYN-006-clean,G006,test,clean,impact,1.0,4,0.5621000018436462,1,0,0,0,0,0,4,4
SYN-006-clean,G006,test,clean,impact_without_severity,0.0,0,0.15720000374130905,1,0,0,0,0,0,4,4
SYN-006-clean,G006,test,clean,impact_without_severity,0.25,1,0.2741999996942468,1,0,0,0,0,0,4,4
SYN-006-clean,G006,test,clean,impact_without_severity,0.5,2,0.3786000015679747,1,0,0,0,0,0,4,4
SYN-006-clean,G006,test,clean,impact_without_severity,0.75,3,0.4761000018334016,1,0,0,0,0,0,4,4
SYN-006-clean,G006,test,clean,impact_without_severity,1.0,4,0.5559000055654906,1,0,0,0,0,0,4,4
SYN-006-clean,G006,test,clean,gold_upper_bound,0.0,4,0.7007000021985732,1,0,0,0,0,0,4,4
SYN-006-clean,G006,test,clean,gold_upper_bound,0.25,4,0.7007000021985732,1,0,0,0,0,0,4,4
SYN-006-clean,G006,test,clean,gold_upper_bound,0.5,4,0.7007000021985732,1,0,0,0,0,0,4,4
SYN-006-clean,G006,test,clean,gold_upper_bound,0.75,4,0.7007000021985732,1,0,0,0,0,0,4,4
SYN-006-clean,G006,test,clean,gold_upper_bound,1.0,4,0.7007000021985732,1,0,0,0,0,0,4,4
SYN-006-single_character_error,G006,test,single_character_error,legacy_baseline,0.0,0,50.508100001025014,0,0,1,0,0,2,2,4
SYN-006-single_character_error,G006,test,single_character_error,legacy_baseline,0.25,0,50.508100001025014,0,0,1,0,0,2,2,4
SYN-006-single_character_error,G006,test,single_character_error,legacy_baseline,0.5,0,50.508100001025014,0,0,1,0,0,2,2,4
SYN-006-single_character_error,G006,test,single_character_error,legacy_baseline,0.75,0,50.508100001025014,0,0,1,0,0,2,2,4
SYN-006-single_character_error,G006,test,single_character_error,legacy_baseline,1.0,0,50.508100001025014,0,0,1,0,0,2,2,4
SYN-006-single_character_error,G006,test,single_character_error,corrected_baseline,0.0,0,50.258499999472406,0,0,1,0,0,2,2,4
SYN-006-single_character_error,G006,test,single_character_error,corrected_baseline,0.25,0,50.258499999472406,0,0,1,0,0,2,2,4
SYN-006-single_character_error,G006,test,single_character_error,corrected_baseline,0.5,0,50.258499999472406,0,0,1,0,0,2,2,4
SYN-006-single_character_error,G006,test,single_character_error,corrected_baseline,0.75,0,50.258499999472406,0,0,1,0,0,2,2,4
SYN-006-single_character_error,G006,test,single_character_error,corrected_baseline,1.0,0,50.258499999472406,0,0,1,0,0,2,2,4
SYN-006-single_character_error,G006,test,single_character_error,prescription_order,0.0,0,50.09579999750713,0,0,1,0,0,2,2,4
SYN-006-single_character_error,G006,test,single_character_error,prescription_order,0.25,1,50.234200003615115,1,0,0,0,0,1,3,4
SYN-006-single_character_error,G006,test,single_character_error,prescription_order,0.5,2,50.34149999846704,1,0,0,0,0,1,3,4
SYN-006-single_character_error,G006,test,single_character_error,prescription_order,0.75,3,50.43640000076266,1,0,0,0,0,0,4,4
SYN-006-single_character_error,G006,test,single_character_error,prescription_order,1.0,4,50.522899997304194,1,0,0,0,0,0,4,4
SYN-006-single_character_error,G006,test,single_character_error,uncertainty,0.0,0,50.10320000292268,0,0,1,0,0,2,2,4
SYN-006-single_character_error,G006,test,single_character_error,uncertainty,0.25,1,50.24830000184011,1,0,0,0,0,1,3,4
SYN-006-single_character_error,G006,test,single_character_error,uncertainty,0.5,2,50.360200002614874,1,0,0,0,0,0,4,4
SYN-006-single_character_error,G006,test,single_character_error,uncertainty,0.75,3,50.45869999594288,1,0,0,0,0,0,4,4
SYN-006-single_character_error,G006,test,single_character_error,uncertainty,1.0,4,50.5434000006062,1,0,0,0,0,0,4,4
SYN-006-single_character_error,G006,test,single_character_error,impact,0.0,0,50.10190000757575,0,0,1,0,0,2,2,4
SYN-006-single_character_error,G006,test,single_character_error,impact,0.25,1,50.23840000649216,1,0,0,0,0,1,3,4
SYN-006-single_character_error,G006,test,single_character_error,impact,0.5,2,50.35850000422215,1,0,0,0,0,0,4,4
SYN-006-single_character_error,G006,test,single_character_error,impact,0.75,3,50.47270000795834,1,0,0,0,0,0,4,4
SYN-006-single_character_error,G006,test,single_character_error,impact,1.0,4,50.56420000619255,1,0,0,0,0,0,4,4
SYN-006-single_character_error,G006,test,single_character_error,impact_without_severity,0.0,0,50.15100000309758,0,0,1,0,0,2,2,4
SYN-006-single_character_error,G006,test,single_character_error,impact_without_severity,0.25,1,50.27350000455044,1,0,0,0,0,1,3,4
SYN-006-single_character_error,G006,test,single_character_error,impact_without_severity,0.5,2,50.37020000600023,1,0,0,0,0,0,4,4
SYN-006-single_character_error,G006,test,single_character_error,impact_without_severity,0.75,3,50.45740000787191,1,0,0,0,0,0,4,4
SYN-006-single_character_error,G006,test,single_character_error,impact_without_severity,1.0,4,50.532100001873914,1,0,0,0,0,0,4,4
SYN-006-single_character_error,G006,test,single_character_error,gold_upper_bound,0.0,4,50.44659999839496,1,0,0,0,0,0,4,4
SYN-006-single_character_error,G006,test,single_character_error,gold_upper_bound,0.25,4,50.44659999839496,1,0,0,0,0,0,4,4
SYN-006-single_character_error,G006,test,single_character_error,gold_upper_bound,0.5,4,50.44659999839496,1,0,0,0,0,0,4,4
SYN-006-single_character_error,G006,test,single_character_error,gold_upper_bound,0.75,4,50.44659999839496,1,0,0,0,0,0,4,4
SYN-006-single_character_error,G006,test,single_character_error,gold_upper_bound,1.0,4,50.44659999839496,1,0,0,0,0,0,4,4
SYN-006-mixed_corruption,G006,test,mixed_corruption,legacy_baseline,0.0,0,58.17720000050031,0,0,1,0,0,3,1,4
SYN-006-mixed_corruption,G006,test,mixed_corruption,legacy_baseline,0.25,0,58.17720000050031,0,0,1,0,0,3,1,4
SYN-006-mixed_corruption,G006,test,mixed_corruption,legacy_baseline,0.5,0,58.17720000050031,0,0,1,0,0,3,1,4
SYN-006-mixed_corruption,G006,test,mixed_corruption,legacy_baseline,0.75,0,58.17720000050031,0,0,1,0,0,3,1,4
SYN-006-mixed_corruption,G006,test,mixed_corruption,legacy_baseline,1.0,0,58.17720000050031,0,0,1,0,0,3,1,4
SYN-006-mixed_corruption,G006,test,mixed_corruption,corrected_baseline,0.0,0,57.957500001066364,0,0,1,0,0,3,1,4
SYN-006-mixed_corruption,G006,test,mixed_corruption,corrected_baseline,0.25,0,57.957500001066364,0,0,1,0,0,3,1,4
SYN-006-mixed_corruption,G006,test,mixed_corruption,corrected_baseline,0.5,0,57.957500001066364,0,0,1,0,0,3,1,4
SYN-006-mixed_corruption,G006,test,mixed_corruption,corrected_baseline,0.75,0,57.957500001066364,0,0,1,0,0,3,1,4
SYN-006-mixed_corruption,G006,test,mixed_corruption,corrected_baseline,1.0,0,57.957500001066364,0,0,1,0,0,3,1,4
SYN-006-mixed_corruption,G006,test,mixed_corruption,prescription_order,0.0,0,57.83220000012079,0,0,1,0,0,3,1,4
SYN-006-mixed_corruption,G006,test,mixed_corruption,prescription_order,0.25,1,57.967399996414315,0,0,1,0,0,2,2,4
SYN-006-mixed_corruption,G006,test,mixed_corruption,prescription_order,0.5,2,58.08709999837447,1,0,0,0,0,1,3,4
SYN-006-mixed_corruption,G006,test,mixed_corruption,prescription_order,0.75,3,58.204499997373205,1,0,0,0,0,0,4,4
SYN-006-mixed_corruption,G006,test,mixed_corruption,prescription_order,1.0,4,58.29190000076778,1,0,0,0,0,0,4,4
SYN-006-mixed_corruption,G006,test,mixed_corruption,uncertainty,0.0,0,57.828900004096795,0,0,1,0,0,3,1,4
SYN-006-mixed_corruption,G006,test,mixed_corruption,uncertainty,0.25,1,57.96160000318196,0,0,1,0,0,2,2,4
SYN-006-mixed_corruption,G006,test,mixed_corruption,uncertainty,0.5,2,58.114300001761876,1,0,0,0,0,1,3,4
SYN-006-mixed_corruption,G006,test,mixed_corruption,uncertainty,0.75,3,58.213200005411636,1,0,0,0,0,0,4,4
SYN-006-mixed_corruption,G006,test,mixed_corruption,uncertainty,1.0,4,58.30170000263024,1,0,0,0,0,0,4,4
SYN-006-mixed_corruption,G006,test,mixed_corruption,impact,0.0,0,57.85140000079991,0,0,1,0,0,3,1,4
SYN-006-mixed_corruption,G006,test,mixed_corruption,impact,0.25,1,57.97710000479128,0,0,1,0,0,2,2,4
SYN-006-mixed_corruption,G006,test,mixed_corruption,impact,0.5,2,58.07890000141924,1,0,0,0,0,1,3,4
SYN-006-mixed_corruption,G006,test,mixed_corruption,impact,0.75,3,58.169900003122166,1,0,0,0,0,0,4,4
SYN-006-mixed_corruption,G006,test,mixed_corruption,impact,1.0,4,58.26080000406364,1,0,0,0,0,0,4,4
SYN-006-mixed_corruption,G006,test,mixed_corruption,impact_without_severity,0.0,0,57.81990000104997,0,0,1,0,0,3,1,4
SYN-006-mixed_corruption,G006,test,mixed_corruption,impact_without_severity,0.25,1,57.94479999894975,0,0,1,0,0,2,2,4
SYN-006-mixed_corruption,G006,test,mixed_corruption,impact_without_severity,0.5,2,58.05590000090888,1,0,0,0,0,1,3,4
SYN-006-mixed_corruption,G006,test,mixed_corruption,impact_without_severity,0.75,3,58.15010000515031,1,0,0,0,0,0,4,4
SYN-006-mixed_corruption,G006,test,mixed_corruption,impact_without_severity,1.0,4,58.24430000211578,1,0,0,0,0,0,4,4
SYN-006-mixed_corruption,G006,test,mixed_corruption,gold_upper_bound,0.0,4,58.22299999999814,1,0,0,0,0,0,4,4
SYN-006-mixed_corruption,G006,test,mixed_corruption,gold_upper_bound,0.25,4,58.22299999999814,1,0,0,0,0,0,4,4
SYN-006-mixed_corruption,G006,test,mixed_corruption,gold_upper_bound,0.5,4,58.22299999999814,1,0,0,0,0,0,4,4
SYN-006-mixed_corruption,G006,test,mixed_corruption,gold_upper_bound,0.75,4,58.22299999999814,1,0,0,0,0,0,4,4
SYN-006-mixed_corruption,G006,test,mixed_corruption,gold_upper_bound,1.0,4,58.22299999999814,1,0,0,0,0,0,4,4
SYN-007-clean,G007,test,clean,legacy_baseline,0.0,0,0.6765999933122657,3,0,0,0,0,0,4,4
SYN-007-clean,G007,test,clean,legacy_baseline,0.25,0,0.6765999933122657,3,0,0,0,0,0,4,4
SYN-007-clean,G007,test,clean,legacy_baseline,0.5,0,0.6765999933122657,3,0,0,0,0,0,4,4
SYN-007-clean,G007,test,clean,legacy_baseline,0.75,0,0.6765999933122657,3,0,0,0,0,0,4,4
SYN-007-clean,G007,test,clean,legacy_baseline,1.0,0,0.6765999933122657,3,0,0,0,0,0,4,4
SYN-007-clean,G007,test,clean,corrected_baseline,0.0,0,0.2705999941099435,3,0,0,0,0,0,4,4
SYN-007-clean,G007,test,clean,corrected_baseline,0.25,0,0.2705999941099435,3,0,0,0,0,0,4,4
SYN-007-clean,G007,test,clean,corrected_baseline,0.5,0,0.2705999941099435,3,0,0,0,0,0,4,4
SYN-007-clean,G007,test,clean,corrected_baseline,0.75,0,0.2705999941099435,3,0,0,0,0,0,4,4
SYN-007-clean,G007,test,clean,corrected_baseline,1.0,0,0.2705999941099435,3,0,0,0,0,0,4,4
SYN-007-clean,G007,test,clean,prescription_order,0.0,0,0.16519999917363748,3,0,0,0,0,0,4,4
SYN-007-clean,G007,test,clean,prescription_order,0.25,1,0.28959999326616526,3,0,0,0,0,0,4,4
SYN-007-clean,G007,test,clean,prescription_order,0.5,2,0.41029999556485564,3,0,0,0,0,0,4,4
SYN-007-clean,G007,test,clean,prescription_order,0.75,3,0.5133999948156998,3,0,0,0,0,0,4,4
SYN-007-clean,G007,test,clean,prescription_order,1.0,4,0.6152999994810671,3,0,0,0,0,0,4,4
SYN-007-clean,G007,test,clean,uncertainty,0.0,0,0.17379999917466193,3,0,0,0,0,0,4,4
SYN-007-clean,G007,test,clean,uncertainty,0.25,1,0.3121999980066903,3,0,0,0,0,0,4,4
SYN-007-clean,G007,test,clean,uncertainty,0.5,2,0.4244999945512973,3,0,0,0,0,0,4,4
SYN-007-clean,G007,test,clean,uncertainty,0.75,3,0.5221999963396229,3,0,0,0,0,0,4,4
SYN-007-clean,G007,test,clean,uncertainty,1.0,4,0.6074999982956797,3,0,0,0,0,0,4,4
SYN-007-clean,G007,test,clean,impact,0.0,0,0.17249998927582055,3,0,0,0,0,0,4,4
SYN-007-clean,G007,test,clean,impact,0.25,1,0.29969999013701454,3,0,0,0,0,0,4,4
SYN-007-clean,G007,test,clean,impact,0.5,2,0.41969999438151717,3,0,0,0,0,0,4,4
SYN-007-clean,G007,test,clean,impact,0.75,3,0.5272999915177934,3,0,0,0,0,0,4,4
SYN-007-clean,G007,test,clean,impact,1.0,4,0.6200999923748896,3,0,0,0,0,0,4,4
SYN-007-clean,G007,test,clean,impact_without_severity,0.0,0,0.2116999967256561,3,0,0,0,0,0,4,4
SYN-007-clean,G007,test,clean,impact_without_severity,0.25,1,0.3391999925952405,3,0,0,0,0,0,4,4
SYN-007-clean,G007,test,clean,impact_without_severity,0.5,2,0.4425999941304326,3,0,0,0,0,0,4,4
SYN-007-clean,G007,test,clean,impact_without_severity,0.75,3,0.5368999918573536,3,0,0,0,0,0,4,4
SYN-007-clean,G007,test,clean,impact_without_severity,1.0,4,0.6335999933071434,3,0,0,0,0,0,4,4
SYN-007-clean,G007,test,clean,gold_upper_bound,0.0,4,0.5719999899156392,3,0,0,0,0,0,4,4
SYN-007-clean,G007,test,clean,gold_upper_bound,0.25,4,0.5719999899156392,3,0,0,0,0,0,4,4
SYN-007-clean,G007,test,clean,gold_upper_bound,0.5,4,0.5719999899156392,3,0,0,0,0,0,4,4
SYN-007-clean,G007,test,clean,gold_upper_bound,0.75,4,0.5719999899156392,3,0,0,0,0,0,4,4
SYN-007-clean,G007,test,clean,gold_upper_bound,1.0,4,0.5719999899156392,3,0,0,0,0,0,4,4
SYN-007-single_character_error,G007,test,single_character_error,legacy_baseline,0.0,0,51.195299995015375,1,0,2,0,0,2,2,4
SYN-007-single_character_error,G007,test,single_character_error,legacy_baseline,0.25,0,51.195299995015375,1,0,2,0,0,2,2,4
SYN-007-single_character_error,G007,test,single_character_error,legacy_baseline,0.5,0,51.195299995015375,1,0,2,0,0,2,2,4
SYN-007-single_character_error,G007,test,single_character_error,legacy_baseline,0.75,0,51.195299995015375,1,0,2,0,0,2,2,4
SYN-007-single_character_error,G007,test,single_character_error,legacy_baseline,1.0,0,51.195299995015375,1,0,2,0,0,2,2,4
SYN-007-single_character_error,G007,test,single_character_error,corrected_baseline,0.0,0,51.22349999874132,1,0,2,0,0,2,2,4
SYN-007-single_character_error,G007,test,single_character_error,corrected_baseline,0.25,0,51.22349999874132,1,0,2,0,0,2,2,4
SYN-007-single_character_error,G007,test,single_character_error,corrected_baseline,0.5,0,51.22349999874132,1,0,2,0,0,2,2,4
SYN-007-single_character_error,G007,test,single_character_error,corrected_baseline,0.75,0,51.22349999874132,1,0,2,0,0,2,2,4
SYN-007-single_character_error,G007,test,single_character_error,corrected_baseline,1.0,0,51.22349999874132,1,0,2,0,0,2,2,4
SYN-007-single_character_error,G007,test,single_character_error,prescription_order,0.0,0,50.92649999278365,1,0,2,0,0,2,2,4
SYN-007-single_character_error,G007,test,single_character_error,prescription_order,0.25,1,51.14629999297904,1,0,2,0,0,1,3,4
SYN-007-single_character_error,G007,test,single_character_error,prescription_order,0.5,2,51.301699997566175,1,0,2,0,0,1,3,4
SYN-007-single_character_error,G007,test,single_character_error,prescription_order,0.75,3,51.427799997327384,3,0,0,0,0,0,4,4
SYN-007-single_character_error,G007,test,single_character_error,prescription_order,1.0,4,51.533899997593835,3,0,0,0,0,0,4,4
SYN-007-single_character_error,G007,test,single_character_error,uncertainty,0.0,0,50.93489999853773,1,0,2,0,0,2,2,4
SYN-007-single_character_error,G007,test,single_character_error,uncertainty,0.25,1,51.10509999940405,1,0,2,0,0,1,3,4
SYN-007-single_character_error,G007,test,single_character_error,uncertainty,0.5,2,51.241299996036105,3,0,0,0,0,0,4,4
SYN-007-single_character_error,G007,test,single_character_error,uncertainty,0.75,3,51.345200001378544,3,0,0,0,0,0,4,4
SYN-007-single_character_error,G007,test,single_character_error,uncertainty,1.0,4,51.45279999851482,3,0,0,0,0,0,4,4
SYN-007-single_character_error,G007,test,single_character_error,impact,0.0,0,50.924099996336736,1,0,2,0,0,2,2,4
SYN-007-single_character_error,G007,test,single_character_error,impact,0.25,1,51.098099997034296,2,0,1,0,0,1,3,4
SYN-007-single_character_error,G007,test,single_character_error,impact,0.5,2,51.21369999687886,3,0,0,0,0,0,4,4
SYN-007-single_character_error,G007,test,single_character_error,impact,0.75,3,51.31409999739844,3,0,0,0,0,0,4,4
SYN-007-single_character_error,G007,test,single_character_error,impact,1.0,4,51.410200001555495,3,0,0,0,0,0,4,4
SYN-007-single_character_error,G007,test,single_character_error,impact_without_severity,0.0,0,50.92059999878984,1,0,2,0,0,2,2,4
SYN-007-single_character_error,G007,test,single_character_error,impact_without_severity,0.25,1,51.07849999330938,2,0,1,0,0,1,3,4
SYN-007-single_character_error,G007,test,single_character_error,impact_without_severity,0.5,2,51.18859999492997,3,0,0,0,0,0,4,4
SYN-007-single_character_error,G007,test,single_character_error,impact_without_severity,0.75,3,51.297299993166234,3,0,0,0,0,0,4,4
SYN-007-single_character_error,G007,test,single_character_error,impact_without_severity,1.0,4,51.38499999884516,3,0,0,0,0,0,4,4
SYN-007-single_character_error,G007,test,single_character_error,gold_upper_bound,0.0,4,51.352499998756684,3,0,0,0,0,0,4,4
SYN-007-single_character_error,G007,test,single_character_error,gold_upper_bound,0.25,4,51.352499998756684,3,0,0,0,0,0,4,4
SYN-007-single_character_error,G007,test,single_character_error,gold_upper_bound,0.5,4,51.352499998756684,3,0,0,0,0,0,4,4
SYN-007-single_character_error,G007,test,single_character_error,gold_upper_bound,0.75,4,51.352499998756684,3,0,0,0,0,0,4,4
SYN-007-single_character_error,G007,test,single_character_error,gold_upper_bound,1.0,4,51.352499998756684,3,0,0,0,0,0,4,4
SYN-007-mixed_corruption,G007,test,mixed_corruption,legacy_baseline,0.0,0,59.95500000426546,0,0,3,0,0,4,0,4
SYN-007-mixed_corruption,G007,test,mixed_corruption,legacy_baseline,0.25,0,59.95500000426546,0,0,3,0,0,4,0,4
SYN-007-mixed_corruption,G007,test,mixed_corruption,legacy_baseline,0.5,0,59.95500000426546,0,0,3,0,0,4,0,4
SYN-007-mixed_corruption,G007,test,mixed_corruption,legacy_baseline,0.75,0,59.95500000426546,0,0,3,0,0,4,0,4
SYN-007-mixed_corruption,G007,test,mixed_corruption,legacy_baseline,1.0,0,59.95500000426546,0,0,3,0,0,4,0,4
SYN-007-mixed_corruption,G007,test,mixed_corruption,corrected_baseline,0.0,0,59.70730000262847,0,0,3,0,0,4,0,4
SYN-007-mixed_corruption,G007,test,mixed_corruption,corrected_baseline,0.25,0,59.70730000262847,0,0,3,0,0,4,0,4
SYN-007-mixed_corruption,G007,test,mixed_corruption,corrected_baseline,0.5,0,59.70730000262847,0,0,3,0,0,4,0,4
SYN-007-mixed_corruption,G007,test,mixed_corruption,corrected_baseline,0.75,0,59.70730000262847,0,0,3,0,0,4,0,4
SYN-007-mixed_corruption,G007,test,mixed_corruption,corrected_baseline,1.0,0,59.70730000262847,0,0,3,0,0,4,0,4
SYN-007-mixed_corruption,G007,test,mixed_corruption,prescription_order,0.0,0,59.64660000609001,0,0,3,0,0,4,0,4
SYN-007-mixed_corruption,G007,test,mixed_corruption,prescription_order,0.25,1,59.94700000883313,0,0,3,0,0,3,1,4
SYN-007-mixed_corruption,G007,test,mixed_corruption,prescription_order,0.5,2,60.14260000665672,0,0,3,0,0,2,2,4
SYN-007-mixed_corruption,G007,test,mixed_corruption,prescription_order,0.75,3,60.28280000464292,1,0,2,0,0,1,3,4
SYN-007-mixed_corruption,G007,test,mixed_corruption,prescription_order,1.0,4,60.39550000423333,3,0,0,0,0,0,4,4
SYN-007-mixed_corruption,G007,test,mixed_corruption,uncertainty,0.0,0,59.570300007180776,0,0,3,0,0,4,0,4
SYN-007-mixed_corruption,G007,test,mixed_corruption,uncertainty,0.25,1,59.83010000636568,0,0,3,0,0,3,1,4
SYN-007-mixed_corruption,G007,test,mixed_corruption,uncertainty,0.5,2,59.98100000579143,0,0,3,0,0,2,2,4
SYN-007-mixed_corruption,G007,test,mixed_corruption,uncertainty,0.75,3,60.10210001113592,2,0,1,0,0,1,3,4
SYN-007-mixed_corruption,G007,test,mixed_corruption,uncertainty,1.0,4,60.255100012000185,3,0,0,0,0,0,4,4
SYN-007-mixed_corruption,G007,test,mixed_corruption,impact,0.0,0,59.56040000455687,0,0,3,0,0,4,0,4
SYN-007-mixed_corruption,G007,test,mixed_corruption,impact,0.25,1,59.84280000120634,0,0,3,0,0,3,1,4
SYN-007-mixed_corruption,G007,test,mixed_corruption,impact,0.5,2,60.00290000520181,1,0,2,0,0,2,2,4
SYN-007-mixed_corruption,G007,test,mixed_corruption,impact,0.75,3,60.17440000141505,2,0,1,0,0,1,3,4
SYN-007-mixed_corruption,G007,test,mixed_corruption,impact,1.0,4,60.272599999734666,3,0,0,0,0,0,4,4
SYN-007-mixed_corruption,G007,test,mixed_corruption,impact_without_severity,0.0,0,59.566600000835024,0,0,3,0,0,4,0,4
SYN-007-mixed_corruption,G007,test,mixed_corruption,impact_without_severity,0.25,1,59.84539999917615,0,0,3,0,0,3,1,4
SYN-007-mixed_corruption,G007,test,mixed_corruption,impact_without_severity,0.5,2,60.02210000588093,1,0,2,0,0,2,2,4
SYN-007-mixed_corruption,G007,test,mixed_corruption,impact_without_severity,0.75,3,60.207400005310774,2,0,1,0,0,1,3,4
SYN-007-mixed_corruption,G007,test,mixed_corruption,impact_without_severity,1.0,4,60.30970000574598,3,0,0,0,0,0,4,4
SYN-007-mixed_corruption,G007,test,mixed_corruption,gold_upper_bound,0.0,4,60.340600000927225,3,0,0,0,0,0,4,4
SYN-007-mixed_corruption,G007,test,mixed_corruption,gold_upper_bound,0.25,4,60.340600000927225,3,0,0,0,0,0,4,4
SYN-007-mixed_corruption,G007,test,mixed_corruption,gold_upper_bound,0.5,4,60.340600000927225,3,0,0,0,0,0,4,4
SYN-007-mixed_corruption,G007,test,mixed_corruption,gold_upper_bound,0.75,4,60.340600000927225,3,0,0,0,0,0,4,4
SYN-007-mixed_corruption,G007,test,mixed_corruption,gold_upper_bound,1.0,4,60.340600000927225,3,0,0,0,0,0,4,4
SYN-008-clean,G008,test,clean,legacy_baseline,0.0,0,0.5193999968469143,3,0,0,2,2,0,4,4
SYN-008-clean,G008,test,clean,legacy_baseline,0.25,0,0.5193999968469143,3,0,0,2,2,0,4,4
SYN-008-clean,G008,test,clean,legacy_baseline,0.5,0,0.5193999968469143,3,0,0,2,2,0,4,4
SYN-008-clean,G008,test,clean,legacy_baseline,0.75,0,0.5193999968469143,3,0,0,2,2,0,4,4
SYN-008-clean,G008,test,clean,legacy_baseline,1.0,0,0.5193999968469143,3,0,0,2,2,0,4,4
SYN-008-clean,G008,test,clean,corrected_baseline,0.0,0,0.23579999833600596,3,0,0,2,2,0,4,4
SYN-008-clean,G008,test,clean,corrected_baseline,0.25,0,0.23579999833600596,3,0,0,2,2,0,4,4
SYN-008-clean,G008,test,clean,corrected_baseline,0.5,0,0.23579999833600596,3,0,0,2,2,0,4,4
SYN-008-clean,G008,test,clean,corrected_baseline,0.75,0,0.23579999833600596,3,0,0,2,2,0,4,4
SYN-008-clean,G008,test,clean,corrected_baseline,1.0,0,0.23579999833600596,3,0,0,2,2,0,4,4
SYN-008-clean,G008,test,clean,prescription_order,0.0,0,0.16029999824240804,3,0,0,2,2,0,4,4
SYN-008-clean,G008,test,clean,prescription_order,0.25,1,0.2826999916578643,3,0,0,2,2,0,4,4
SYN-008-clean,G008,test,clean,prescription_order,0.5,2,0.38859999767737463,3,0,0,2,2,0,4,4
SYN-008-clean,G008,test,clean,prescription_order,0.75,3,0.5299999975250103,3,0,0,2,2,0,4,4
SYN-008-clean,G008,test,clean,prescription_order,1.0,4,0.6206999969435856,3,0,0,2,2,0,4,4
SYN-008-clean,G008,test,clean,uncertainty,0.0,0,0.16119999781949446,3,0,0,2,2,0,4,4
SYN-008-clean,G008,test,clean,uncertainty,0.25,1,0.28259999089641497,3,0,0,2,2,0,4,4
SYN-008-clean,G008,test,clean,uncertainty,0.5,2,0.385499995900318,3,0,0,2,2,0,4,4
SYN-008-clean,G008,test,clean,uncertainty,0.75,3,0.48529999185120687,3,0,0,2,2,0,4,4
SYN-008-clean,G008,test,clean,uncertainty,1.0,4,0.5714999933843501,3,0,0,2,2,0,4,4
SYN-008-clean,G008,test,clean,impact,0.0,0,0.1632999919820577,3,0,0,2,2,0,4,4
SYN-008-clean,G008,test,clean,impact,0.25,1,0.2853999976650812,3,0,0,2,2,0,4,4
SYN-008-clean,G008,test,clean,impact,0.5,2,0.3989999968325719,3,0,0,2,2,0,4,4
SYN-008-clean,G008,test,clean,impact,0.75,3,0.5004999984521419,3,0,0,2,2,0,4,4
SYN-008-clean,G008,test,clean,impact,1.0,4,0.5920999974478036,3,0,0,2,2,0,4,4
SYN-008-clean,G008,test,clean,impact_without_severity,0.0,0,0.1564999984111637,3,0,0,2,2,0,4,4
SYN-008-clean,G008,test,clean,impact_without_severity,0.25,1,0.27459999546408653,3,0,0,2,2,0,4,4
SYN-008-clean,G008,test,clean,impact_without_severity,0.5,2,0.38979999953880906,3,0,0,2,2,0,4,4
SYN-008-clean,G008,test,clean,impact_without_severity,0.75,3,0.5490999974426813,3,0,0,2,2,0,4,4
SYN-008-clean,G008,test,clean,impact_without_severity,1.0,4,0.6390999988070689,3,0,0,2,2,0,4,4
SYN-008-clean,G008,test,clean,gold_upper_bound,0.0,4,0.8103000000119209,3,0,0,2,2,0,4,4
SYN-008-clean,G008,test,clean,gold_upper_bound,0.25,4,0.8103000000119209,3,0,0,2,2,0,4,4
SYN-008-clean,G008,test,clean,gold_upper_bound,0.5,4,0.8103000000119209,3,0,0,2,2,0,4,4
SYN-008-clean,G008,test,clean,gold_upper_bound,0.75,4,0.8103000000119209,3,0,0,2,2,0,4,4
SYN-008-clean,G008,test,clean,gold_upper_bound,1.0,4,0.8103000000119209,3,0,0,2,2,0,4,4
SYN-008-single_character_error,G008,test,single_character_error,legacy_baseline,0.0,0,57.50709999847459,0,0,3,0,2,2,2,4
SYN-008-single_character_error,G008,test,single_character_error,legacy_baseline,0.25,0,57.50709999847459,0,0,3,0,2,2,2,4
SYN-008-single_character_error,G008,test,single_character_error,legacy_baseline,0.5,0,57.50709999847459,0,0,3,0,2,2,2,4
SYN-008-single_character_error,G008,test,single_character_error,legacy_baseline,0.75,0,57.50709999847459,0,0,3,0,2,2,2,4
SYN-008-single_character_error,G008,test,single_character_error,legacy_baseline,1.0,0,57.50709999847459,0,0,3,0,2,2,2,4
SYN-008-single_character_error,G008,test,single_character_error,corrected_baseline,0.0,0,57.408300002862234,0,0,3,0,2,2,2,4
SYN-008-single_character_error,G008,test,single_character_error,corrected_baseline,0.25,0,57.408300002862234,0,0,3,0,2,2,2,4
SYN-008-single_character_error,G008,test,single_character_error,corrected_baseline,0.5,0,57.408300002862234,0,0,3,0,2,2,2,4
SYN-008-single_character_error,G008,test,single_character_error,corrected_baseline,0.75,0,57.408300002862234,0,0,3,0,2,2,2,4
SYN-008-single_character_error,G008,test,single_character_error,corrected_baseline,1.0,0,57.408300002862234,0,0,3,0,2,2,2,4
SYN-008-single_character_error,G008,test,single_character_error,prescription_order,0.0,0,57.27130000013858,0,0,3,0,2,2,2,4
SYN-008-single_character_error,G008,test,single_character_error,prescription_order,0.25,1,57.485799996356945,1,0,2,1,2,1,3,4
SYN-008-single_character_error,G008,test,single_character_error,prescription_order,0.5,2,57.681899997987784,1,0,2,1,2,1,3,4
SYN-008-single_character_error,G008,test,single_character_error,prescription_order,0.75,3,57.838799999444745,3,0,0,2,2,0,4,4
SYN-008-single_character_error,G008,test,single_character_error,prescription_order,1.0,4,57.970099995145574,3,0,0,2,2,0,4,4
SYN-008-single_character_error,G008,test,single_character_error,uncertainty,0.0,0,57.270199999038596,0,0,3,0,2,2,2,4
SYN-008-single_character_error,G008,test,single_character_error,uncertainty,0.25,1,57.45820000447566,1,0,2,1,2,1,3,4
SYN-008-single_character_error,G008,test,single_character_error,uncertainty,0.5,2,57.60170000576181,3,0,0,2,2,0,4,4
SYN-008-single_character_error,G008,test,single_character_error,uncertainty,0.75,3,57.74329999985639,3,0,0,2,2,0,4,4
SYN-008-single_character_error,G008,test,single_character_error,uncertainty,1.0,4,57.86860000080196,3,0,0,2,2,0,4,4
SYN-008-single_character_error,G008,test,single_character_error,impact,0.0,0,57.248999997682404,0,0,3,0,2,2,2,4
SYN-008-single_character_error,G008,test,single_character_error,impact,0.25,1,57.41499999567168,1,0,2,1,2,1,3,4
SYN-008-single_character_error,G008,test,single_character_error,impact,0.5,2,57.64139999519102,3,0,0,2,2,0,4,4
SYN-008-single_character_error,G008,test,single_character_error,impact,0.75,3,57.89789999835193,3,0,0,2,2,0,4,4
SYN-008-single_character_error,G008,test,single_character_error,impact,1.0,4,58.11410000023898,3,0,0,2,2,0,4,4
SYN-008-single_character_error,G008,test,single_character_error,impact_without_severity,0.0,0,57.56880000262754,0,0,3,0,2,2,2,4
SYN-008-single_character_error,G008,test,single_character_error,impact_without_severity,0.25,1,57.82800000451971,1,0,2,1,2,1,3,4
SYN-008-single_character_error,G008,test,single_character_error,impact_without_severity,0.5,2,58.04789999820059,3,0,0,2,2,0,4,4
SYN-008-single_character_error,G008,test,single_character_error,impact_without_severity,0.75,3,58.23390000296058,3,0,0,2,2,0,4,4
SYN-008-single_character_error,G008,test,single_character_error,impact_without_severity,1.0,4,58.44749999960186,3,0,0,2,2,0,4,4
SYN-008-single_character_error,G008,test,single_character_error,gold_upper_bound,0.0,4,58.255099997040816,3,0,0,2,2,0,4,4
SYN-008-single_character_error,G008,test,single_character_error,gold_upper_bound,0.25,4,58.255099997040816,3,0,0,2,2,0,4,4
SYN-008-single_character_error,G008,test,single_character_error,gold_upper_bound,0.5,4,58.255099997040816,3,0,0,2,2,0,4,4
SYN-008-single_character_error,G008,test,single_character_error,gold_upper_bound,0.75,4,58.255099997040816,3,0,0,2,2,0,4,4
SYN-008-single_character_error,G008,test,single_character_error,gold_upper_bound,1.0,4,58.255099997040816,3,0,0,2,2,0,4,4
SYN-008-mixed_corruption,G008,test,mixed_corruption,legacy_baseline,0.0,0,50.638799992157146,0,0,3,0,2,3,1,4
SYN-008-mixed_corruption,G008,test,mixed_corruption,legacy_baseline,0.25,0,50.638799992157146,0,0,3,0,2,3,1,4
SYN-008-mixed_corruption,G008,test,mixed_corruption,legacy_baseline,0.5,0,50.638799992157146,0,0,3,0,2,3,1,4
SYN-008-mixed_corruption,G008,test,mixed_corruption,legacy_baseline,0.75,0,50.638799992157146,0,0,3,0,2,3,1,4
SYN-008-mixed_corruption,G008,test,mixed_corruption,legacy_baseline,1.0,0,50.638799992157146,0,0,3,0,2,3,1,4
SYN-008-mixed_corruption,G008,test,mixed_corruption,corrected_baseline,0.0,0,50.69159999402473,0,0,3,0,2,3,1,4
SYN-008-mixed_corruption,G008,test,mixed_corruption,corrected_baseline,0.25,0,50.69159999402473,0,0,3,0,2,3,1,4
SYN-008-mixed_corruption,G008,test,mixed_corruption,corrected_baseline,0.5,0,50.69159999402473,0,0,3,0,2,3,1,4
SYN-008-mixed_corruption,G008,test,mixed_corruption,corrected_baseline,0.75,0,50.69159999402473,0,0,3,0,2,3,1,4
SYN-008-mixed_corruption,G008,test,mixed_corruption,corrected_baseline,1.0,0,50.69159999402473,0,0,3,0,2,3,1,4
SYN-008-mixed_corruption,G008,test,mixed_corruption,prescription_order,0.0,0,50.47569999442203,0,0,3,0,2,3,1,4
SYN-008-mixed_corruption,G008,test,mixed_corruption,prescription_order,0.25,1,50.71060000045691,0,0,3,0,2,2,2,4
SYN-008-mixed_corruption,G008,test,mixed_corruption,prescription_order,0.5,2,51.03879999660421,1,0,2,1,2,1,3,4
SYN-008-mixed_corruption,G008,test,mixed_corruption,prescription_order,0.75,3,51.168699996196665,3,0,0,2,2,0,4,4
SYN-008-mixed_corruption,G008,test,mixed_corruption,prescription_order,1.0,4,51.268099996377714,3,0,0,2,2,0,4,4
SYN-008-mixed_corruption,G008,test,mixed_corruption,uncertainty,0.0,0,50.40169999119826,0,0,3,0,2,3,1,4
SYN-008-mixed_corruption,G008,test,mixed_corruption,uncertainty,0.25,1,50.64319999655709,0,0,3,0,2,2,2,4
SYN-008-mixed_corruption,G008,test,mixed_corruption,uncertainty,0.5,2,50.76859999826411,1,0,2,1,2,1,3,4
SYN-008-mixed_corruption,G008,test,mixed_corruption,uncertainty,0.75,3,50.89159999624826,3,0,0,2,2,0,4,4
SYN-008-mixed_corruption,G008,test,mixed_corruption,uncertainty,1.0,4,50.98389999329811,3,0,0,2,2,0,4,4
SYN-008-mixed_corruption,G008,test,mixed_corruption,impact,0.0,0,50.46609998680651,0,0,3,0,2,3,1,4
SYN-008-mixed_corruption,G008,test,mixed_corruption,impact,0.25,1,50.67159998725401,1,0,2,1,2,2,2,4
SYN-008-mixed_corruption,G008,test,mixed_corruption,impact,0.5,2,50.81539999082452,2,0,1,1,2,1,3,4
SYN-008-mixed_corruption,G008,test,mixed_corruption,impact,0.75,3,50.93029999261489,3,0,0,2,2,0,4,4
SYN-008-mixed_corruption,G008,test,mixed_corruption,impact,1.0,4,51.02329998771893,3,0,0,2,2,0,4,4
SYN-008-mixed_corruption,G008,test,mixed_corruption,impact_without_severity,0.0,0,50.44129999441793,0,0,3,0,2,3,1,4
SYN-008-mixed_corruption,G008,test,mixed_corruption,impact_without_severity,0.25,1,50.63699999300297,1,0,2,1,2,2,2,4
SYN-008-mixed_corruption,G008,test,mixed_corruption,impact_without_severity,0.5,2,50.788799992005806,2,0,1,1,2,1,3,4
SYN-008-mixed_corruption,G008,test,mixed_corruption,impact_without_severity,0.75,3,50.89629999565659,3,0,0,2,2,0,4,4
SYN-008-mixed_corruption,G008,test,mixed_corruption,impact_without_severity,1.0,4,51.00499999389285,3,0,0,2,2,0,4,4
SYN-008-mixed_corruption,G008,test,mixed_corruption,gold_upper_bound,0.0,4,51.01299999660114,3,0,0,2,2,0,4,4
SYN-008-mixed_corruption,G008,test,mixed_corruption,gold_upper_bound,0.25,4,51.01299999660114,3,0,0,2,2,0,4,4
SYN-008-mixed_corruption,G008,test,mixed_corruption,gold_upper_bound,0.5,4,51.01299999660114,3,0,0,2,2,0,4,4
SYN-008-mixed_corruption,G008,test,mixed_corruption,gold_upper_bound,0.75,4,51.01299999660114,3,0,0,2,2,0,4,4
SYN-008-mixed_corruption,G008,test,mixed_corruption,gold_upper_bound,1.0,4,51.01299999660114,3,0,0,2,2,0,4,4
SYN-009-clean,G009,test,clean,legacy_baseline,0.0,0,0.4654000003938563,1,0,0,0,0,0,4,4
SYN-009-clean,G009,test,clean,legacy_baseline,0.25,0,0.4654000003938563,1,0,0,0,0,0,4,4
SYN-009-clean,G009,test,clean,legacy_baseline,0.5,0,0.4654000003938563,1,0,0,0,0,0,4,4
SYN-009-clean,G009,test,clean,legacy_baseline,0.75,0,0.4654000003938563,1,0,0,0,0,0,4,4
SYN-009-clean,G009,test,clean,legacy_baseline,1.0,0,0.4654000003938563,1,0,0,0,0,0,4,4
SYN-009-clean,G009,test,clean,corrected_baseline,0.0,0,0.1911999934236519,1,0,0,0,0,0,4,4
SYN-009-clean,G009,test,clean,corrected_baseline,0.25,0,0.1911999934236519,1,0,0,0,0,0,4,4
SYN-009-clean,G009,test,clean,corrected_baseline,0.5,0,0.1911999934236519,1,0,0,0,0,0,4,4
SYN-009-clean,G009,test,clean,corrected_baseline,0.75,0,0.1911999934236519,1,0,0,0,0,0,4,4
SYN-009-clean,G009,test,clean,corrected_baseline,1.0,0,0.1911999934236519,1,0,0,0,0,0,4,4
SYN-009-clean,G009,test,clean,prescription_order,0.0,0,0.16010000399546698,1,0,0,0,0,0,4,4
SYN-009-clean,G009,test,clean,prescription_order,0.25,1,0.280100000964012,1,0,0,0,0,0,4,4
SYN-009-clean,G009,test,clean,prescription_order,0.5,2,0.37600000359816477,1,0,0,0,0,0,4,4
SYN-009-clean,G009,test,clean,prescription_order,0.75,3,0.4668000037781894,1,0,0,0,0,0,4,4
SYN-009-clean,G009,test,clean,prescription_order,1.0,4,0.5473000055644661,1,0,0,0,0,0,4,4
SYN-009-clean,G009,test,clean,uncertainty,0.0,0,0.14630000077886507,1,0,0,0,0,0,4,4
SYN-009-clean,G009,test,clean,uncertainty,0.25,1,0.25719999393913895,1,0,0,0,0,0,4,4
SYN-009-clean,G009,test,clean,uncertainty,0.5,2,0.35260000004200265,1,0,0,0,0,0,4,4
SYN-009-clean,G009,test,clean,uncertainty,0.75,3,0.4445999948075041,1,0,0,0,0,0,4,4
SYN-009-clean,G009,test,clean,uncertainty,1.0,4,0.5279999968479387,1,0,0,0,0,0,4,4
SYN-009-clean,G009,test,clean,impact,0.0,0,0.14340000052470714,1,0,0,0,0,0,4,4
SYN-009-clean,G009,test,clean,impact,0.25,1,0.2508000034140423,1,0,0,0,0,0,4,4
SYN-009-clean,G009,test,clean,impact,0.5,2,0.34220000088680536,1,0,0,0,0,0,4,4
SYN-009-clean,G009,test,clean,impact,0.75,3,0.4298000058042817,1,0,0,0,0,0,4,4
SYN-009-clean,G009,test,clean,impact,1.0,4,0.5053000058978796,1,0,0,0,0,0,4,4
SYN-009-clean,G009,test,clean,impact_without_severity,0.0,0,0.14260000170907006,1,0,0,0,0,0,4,4
SYN-009-clean,G009,test,clean,impact_without_severity,0.25,1,0.25179999647662044,1,0,0,0,0,0,4,4
SYN-009-clean,G009,test,clean,impact_without_severity,0.5,2,0.34890000097220764,1,0,0,0,0,0,4,4
SYN-009-clean,G009,test,clean,impact_without_severity,0.75,3,0.4428999964147806,1,0,0,0,0,0,4,4
SYN-009-clean,G009,test,clean,impact_without_severity,1.0,4,0.523299997439608,1,0,0,0,0,0,4,4
SYN-009-clean,G009,test,clean,gold_upper_bound,0.0,4,0.4864000002271496,1,0,0,0,0,0,4,4
SYN-009-clean,G009,test,clean,gold_upper_bound,0.25,4,0.4864000002271496,1,0,0,0,0,0,4,4
SYN-009-clean,G009,test,clean,gold_upper_bound,0.5,4,0.4864000002271496,1,0,0,0,0,0,4,4
SYN-009-clean,G009,test,clean,gold_upper_bound,0.75,4,0.4864000002271496,1,0,0,0,0,0,4,4
SYN-009-clean,G009,test,clean,gold_upper_bound,1.0,4,0.4864000002271496,1,0,0,0,0,0,4,4
SYN-009-single_character_error,G009,test,single_character_error,legacy_baseline,0.0,0,44.705799999064766,0,0,1,0,0,2,2,4
SYN-009-single_character_error,G009,test,single_character_error,legacy_baseline,0.25,0,44.705799999064766,0,0,1,0,0,2,2,4
SYN-009-single_character_error,G009,test,single_character_error,legacy_baseline,0.5,0,44.705799999064766,0,0,1,0,0,2,2,4
SYN-009-single_character_error,G009,test,single_character_error,legacy_baseline,0.75,0,44.705799999064766,0,0,1,0,0,2,2,4
SYN-009-single_character_error,G009,test,single_character_error,legacy_baseline,1.0,0,44.705799999064766,0,0,1,0,0,2,2,4
SYN-009-single_character_error,G009,test,single_character_error,corrected_baseline,0.0,0,44.67029999796068,0,0,1,0,0,2,2,4
SYN-009-single_character_error,G009,test,single_character_error,corrected_baseline,0.25,0,44.67029999796068,0,0,1,0,0,2,2,4
SYN-009-single_character_error,G009,test,single_character_error,corrected_baseline,0.5,0,44.67029999796068,0,0,1,0,0,2,2,4
SYN-009-single_character_error,G009,test,single_character_error,corrected_baseline,0.75,0,44.67029999796068,0,0,1,0,0,2,2,4
SYN-009-single_character_error,G009,test,single_character_error,corrected_baseline,1.0,0,44.67029999796068,0,0,1,0,0,2,2,4
SYN-009-single_character_error,G009,test,single_character_error,prescription_order,0.0,0,44.500000003608875,0,0,1,0,0,2,2,4
SYN-009-single_character_error,G009,test,single_character_error,prescription_order,0.25,1,44.701300001179334,1,0,0,0,0,1,3,4
SYN-009-single_character_error,G009,test,single_character_error,prescription_order,0.5,2,44.84080000111135,1,0,0,0,0,1,3,4
SYN-009-single_character_error,G009,test,single_character_error,prescription_order,0.75,3,44.94259999773931,1,0,0,0,0,0,4,4
SYN-009-single_character_error,G009,test,single_character_error,prescription_order,1.0,4,45.02479999791831,1,0,0,0,0,0,4,4
SYN-009-single_character_error,G009,test,single_character_error,uncertainty,0.0,0,44.426900007238146,0,0,1,0,0,2,2,4
SYN-009-single_character_error,G009,test,single_character_error,uncertainty,0.25,1,44.591300007596146,1,0,0,0,0,1,3,4
SYN-009-single_character_error,G009,test,single_character_error,uncertainty,0.5,2,44.69790000439389,1,0,0,0,0,0,4,4
SYN-009-single_character_error,G009,test,single_character_error,uncertainty,0.75,3,44.80170000169892,1,0,0,0,0,0,4,4
SYN-009-single_character_error,G009,test,single_character_error,uncertainty,1.0,4,44.88410000340082,1,0,0,0,0,0,4,4
SYN-009-single_character_error,G009,test,single_character_error,impact,0.0,0,44.42780000681523,0,0,1,0,0,2,2,4
SYN-009-single_character_error,G009,test,single_character_error,impact,0.25,1,44.58320000412641,1,0,0,0,0,1,3,4
SYN-009-single_character_error,G009,test,single_character_error,impact,0.5,2,44.68210000777617,1,0,0,0,0,0,4,4
SYN-009-single_character_error,G009,test,single_character_error,impact,0.75,3,44.76980000617914,1,0,0,0,0,0,4,4
SYN-009-single_character_error,G009,test,single_character_error,impact,1.0,4,44.85620000195922,1,0,0,0,0,0,4,4
SYN-009-single_character_error,G009,test,single_character_error,impact_without_severity,0.0,0,44.45050000504125,0,0,1,0,0,2,2,4
SYN-009-single_character_error,G009,test,single_character_error,impact_without_severity,0.25,1,44.608900003368035,1,0,0,0,0,1,3,4
SYN-009-single_character_error,G009,test,single_character_error,impact_without_severity,0.5,2,44.70840000431053,1,0,0,0,0,0,4,4
SYN-009-single_character_error,G009,test,single_character_error,impact_without_severity,0.75,3,44.79850000643637,1,0,0,0,0,0,4,4
SYN-009-single_character_error,G009,test,single_character_error,impact_without_severity,1.0,4,44.884900002216455,1,0,0,0,0,0,4,4
SYN-009-single_character_error,G009,test,single_character_error,gold_upper_bound,0.0,4,44.86130000441335,1,0,0,0,0,0,4,4
SYN-009-single_character_error,G009,test,single_character_error,gold_upper_bound,0.25,4,44.86130000441335,1,0,0,0,0,0,4,4
SYN-009-single_character_error,G009,test,single_character_error,gold_upper_bound,0.5,4,44.86130000441335,1,0,0,0,0,0,4,4
SYN-009-single_character_error,G009,test,single_character_error,gold_upper_bound,0.75,4,44.86130000441335,1,0,0,0,0,0,4,4
SYN-009-single_character_error,G009,test,single_character_error,gold_upper_bound,1.0,4,44.86130000441335,1,0,0,0,0,0,4,4
SYN-009-mixed_corruption,G009,test,mixed_corruption,legacy_baseline,0.0,0,32.59789999719942,0,0,1,0,0,3,1,4
SYN-009-mixed_corruption,G009,test,mixed_corruption,legacy_baseline,0.25,0,32.59789999719942,0,0,1,0,0,3,1,4
SYN-009-mixed_corruption,G009,test,mixed_corruption,legacy_baseline,0.5,0,32.59789999719942,0,0,1,0,0,3,1,4
SYN-009-mixed_corruption,G009,test,mixed_corruption,legacy_baseline,0.75,0,32.59789999719942,0,0,1,0,0,3,1,4
SYN-009-mixed_corruption,G009,test,mixed_corruption,legacy_baseline,1.0,0,32.59789999719942,0,0,1,0,0,3,1,4
SYN-009-mixed_corruption,G009,test,mixed_corruption,corrected_baseline,0.0,0,32.83799999917392,0,0,1,0,0,3,1,4
SYN-009-mixed_corruption,G009,test,mixed_corruption,corrected_baseline,0.25,0,32.83799999917392,0,0,1,0,0,3,1,4
SYN-009-mixed_corruption,G009,test,mixed_corruption,corrected_baseline,0.5,0,32.83799999917392,0,0,1,0,0,3,1,4
SYN-009-mixed_corruption,G009,test,mixed_corruption,corrected_baseline,0.75,0,32.83799999917392,0,0,1,0,0,3,1,4
SYN-009-mixed_corruption,G009,test,mixed_corruption,corrected_baseline,1.0,0,32.83799999917392,0,0,1,0,0,3,1,4
SYN-009-mixed_corruption,G009,test,mixed_corruption,prescription_order,0.0,0,32.521400004043244,0,0,1,0,0,3,1,4
SYN-009-mixed_corruption,G009,test,mixed_corruption,prescription_order,0.25,1,32.78880000289064,1,0,0,0,0,2,2,4
SYN-009-mixed_corruption,G009,test,mixed_corruption,prescription_order,0.5,2,32.93619999749353,1,0,0,0,0,1,3,4
SYN-009-mixed_corruption,G009,test,mixed_corruption,prescription_order,0.75,3,33.03779999987455,1,0,0,0,0,0,4,4
SYN-009-mixed_corruption,G009,test,mixed_corruption,prescription_order,1.0,4,33.119100000476465,1,0,0,0,0,0,4,4
SYN-009-mixed_corruption,G009,test,mixed_corruption,uncertainty,0.0,0,32.45410000090487,0,0,1,0,0,3,1,4
SYN-009-mixed_corruption,G009,test,mixed_corruption,uncertainty,0.25,1,32.68450000177836,1,0,0,0,0,2,2,4
SYN-009-mixed_corruption,G009,test,mixed_corruption,uncertainty,0.5,2,32.81579999747919,1,0,0,0,0,1,3,4
SYN-009-mixed_corruption,G009,test,mixed_corruption,uncertainty,0.75,3,32.925499996053986,1,0,0,0,0,0,4,4
SYN-009-mixed_corruption,G009,test,mixed_corruption,uncertainty,1.0,4,33.00619999936316,1,0,0,0,0,0,4,4
SYN-009-mixed_corruption,G009,test,mixed_corruption,impact,0.0,0,32.502100002602674,0,0,1,0,0,3,1,4
SYN-009-mixed_corruption,G009,test,mixed_corruption,impact,0.25,1,32.741700000769924,1,0,0,0,0,2,2,4
SYN-009-mixed_corruption,G009,test,mixed_corruption,impact,0.5,2,32.879699996556155,1,0,0,0,0,1,3,4
SYN-009-mixed_corruption,G009,test,mixed_corruption,impact,0.75,3,32.98050000012154,1,0,0,0,0,0,4,4
SYN-009-mixed_corruption,G009,test,mixed_corruption,impact,1.0,4,33.06029999657767,1,0,0,0,0,0,4,4
SYN-009-mixed_corruption,G009,test,mixed_corruption,impact_without_severity,0.0,0,32.50549999938812,0,0,1,0,0,3,1,4
SYN-009-mixed_corruption,G009,test,mixed_corruption,impact_without_severity,0.25,1,32.73590000026161,1,0,0,0,0,2,2,4
SYN-009-mixed_corruption,G009,test,mixed_corruption,impact_without_severity,0.5,2,32.87129999807803,1,0,0,0,0,1,3,4
SYN-009-mixed_corruption,G009,test,mixed_corruption,impact_without_severity,0.75,3,32.96799999952782,1,0,0,0,0,0,4,4
SYN-009-mixed_corruption,G009,test,mixed_corruption,impact_without_severity,1.0,4,33.04979999666102,1,0,0,0,0,0,4,4
SYN-009-mixed_corruption,G009,test,mixed_corruption,gold_upper_bound,0.0,4,32.9963999975007,1,0,0,0,0,0,4,4
SYN-009-mixed_corruption,G009,test,mixed_corruption,gold_upper_bound,0.25,4,32.9963999975007,1,0,0,0,0,0,4,4
SYN-009-mixed_corruption,G009,test,mixed_corruption,gold_upper_bound,0.5,4,32.9963999975007,1,0,0,0,0,0,4,4
SYN-009-mixed_corruption,G009,test,mixed_corruption,gold_upper_bound,0.75,4,32.9963999975007,1,0,0,0,0,0,4,4
SYN-009-mixed_corruption,G009,test,mixed_corruption,gold_upper_bound,1.0,4,32.9963999975007,1,0,0,0,0,0,4,4
SYN-011-clean,G011,test,clean,legacy_baseline,0.0,0,0.4651000053854659,1,0,0,0,0,0,4,4
SYN-011-clean,G011,test,clean,legacy_baseline,0.25,0,0.4651000053854659,1,0,0,0,0,0,4,4
SYN-011-clean,G011,test,clean,legacy_baseline,0.5,0,0.4651000053854659,1,0,0,0,0,0,4,4
SYN-011-clean,G011,test,clean,legacy_baseline,0.75,0,0.4651000053854659,1,0,0,0,0,0,4,4
SYN-011-clean,G011,test,clean,legacy_baseline,1.0,0,0.4651000053854659,1,0,0,0,0,0,4,4
SYN-011-clean,G011,test,clean,corrected_baseline,0.0,0,0.21720000222558156,1,0,0,0,0,0,4,4
SYN-011-clean,G011,test,clean,corrected_baseline,0.25,0,0.21720000222558156,1,0,0,0,0,0,4,4
SYN-011-clean,G011,test,clean,corrected_baseline,0.5,0,0.21720000222558156,1,0,0,0,0,0,4,4
SYN-011-clean,G011,test,clean,corrected_baseline,0.75,0,0.21720000222558156,1,0,0,0,0,0,4,4
SYN-011-clean,G011,test,clean,corrected_baseline,1.0,0,0.21720000222558156,1,0,0,0,0,0,4,4
SYN-011-clean,G011,test,clean,prescription_order,0.0,0,0.15770000754855573,1,0,0,0,0,0,4,4
SYN-011-clean,G011,test,clean,prescription_order,0.25,1,0.27660000341711566,1,0,0,0,0,0,4,4
SYN-011-clean,G011,test,clean,prescription_order,0.5,2,0.37570000858977437,1,0,0,0,0,0,4,4
SYN-011-clean,G011,test,clean,prescription_order,0.75,3,0.462800009700004,1,0,0,0,0,0,4,4
SYN-011-clean,G011,test,clean,prescription_order,1.0,4,0.5362000083550811,1,0,0,0,0,0,4,4
SYN-011-clean,G011,test,clean,uncertainty,0.0,0,0.14970000484026968,1,0,0,0,0,0,4,4
SYN-011-clean,G011,test,clean,uncertainty,0.25,1,0.2576000042608939,1,0,0,0,0,0,4,4
SYN-011-clean,G011,test,clean,uncertainty,0.5,2,0.3502000035950914,1,0,0,0,0,0,4,4
SYN-011-clean,G011,test,clean,uncertainty,0.75,3,0.43420000292826444,1,0,0,0,0,0,4,4
SYN-011-clean,G011,test,clean,uncertainty,1.0,4,0.5115000021760352,1,0,0,0,0,0,4,4
SYN-011-clean,G011,test,clean,impact,0.0,0,0.14500000543193892,1,0,0,0,0,0,4,4
SYN-011-clean,G011,test,clean,impact,0.25,1,0.2541000067139976,1,0,0,0,0,0,4,4
SYN-011-clean,G011,test,clean,impact,0.5,2,0.35010000283364207,1,0,0,0,0,0,4,4
SYN-011-clean,G011,test,clean,impact,0.75,3,0.44470000284491107,1,0,0,0,0,0,4,4
SYN-011-clean,G011,test,clean,impact,1.0,4,0.5213000040384941,1,0,0,0,0,0,4,4
SYN-011-clean,G011,test,clean,impact_without_severity,0.0,0,0.14830000145593658,1,0,0,0,0,0,4,4
SYN-011-clean,G011,test,clean,impact_without_severity,0.25,1,0.262100002146326,1,0,0,0,0,0,4,4
SYN-011-clean,G011,test,clean,impact_without_severity,0.5,2,0.3691000019898638,1,0,0,0,0,0,4,4
SYN-011-clean,G011,test,clean,impact_without_severity,0.75,3,0.45450000470736995,1,0,0,0,0,0,4,4
SYN-011-clean,G011,test,clean,impact_without_severity,1.0,4,0.5289000037009828,1,0,0,0,0,0,4,4
SYN-011-clean,G011,test,clean,gold_upper_bound,0.0,4,0.4924000022583641,1,0,0,0,0,0,4,4
SYN-011-clean,G011,test,clean,gold_upper_bound,0.25,4,0.4924000022583641,1,0,0,0,0,0,4,4
SYN-011-clean,G011,test,clean,gold_upper_bound,0.5,4,0.4924000022583641,1,0,0,0,0,0,4,4
SYN-011-clean,G011,test,clean,gold_upper_bound,0.75,4,0.4924000022583641,1,0,0,0,0,0,4,4
SYN-011-clean,G011,test,clean,gold_upper_bound,1.0,4,0.4924000022583641,1,0,0,0,0,0,4,4
SYN-011-single_character_error,G011,test,single_character_error,legacy_baseline,0.0,0,37.91270000510849,0,0,1,0,0,2,2,4
SYN-011-single_character_error,G011,test,single_character_error,legacy_baseline,0.25,0,37.91270000510849,0,0,1,0,0,2,2,4
SYN-011-single_character_error,G011,test,single_character_error,legacy_baseline,0.5,0,37.91270000510849,0,0,1,0,0,2,2,4
SYN-011-single_character_error,G011,test,single_character_error,legacy_baseline,0.75,0,37.91270000510849,0,0,1,0,0,2,2,4
SYN-011-single_character_error,G011,test,single_character_error,legacy_baseline,1.0,0,37.91270000510849,0,0,1,0,0,2,2,4
SYN-011-single_character_error,G011,test,single_character_error,corrected_baseline,0.0,0,37.85810000408674,0,0,1,0,0,2,2,4
SYN-011-single_character_error,G011,test,single_character_error,corrected_baseline,0.25,0,37.85810000408674,0,0,1,0,0,2,2,4
SYN-011-single_character_error,G011,test,single_character_error,corrected_baseline,0.5,0,37.85810000408674,0,0,1,0,0,2,2,4
SYN-011-single_character_error,G011,test,single_character_error,corrected_baseline,0.75,0,37.85810000408674,0,0,1,0,0,2,2,4
SYN-011-single_character_error,G011,test,single_character_error,corrected_baseline,1.0,0,37.85810000408674,0,0,1,0,0,2,2,4
SYN-011-single_character_error,G011,test,single_character_error,prescription_order,0.0,0,37.7370999995037,0,0,1,0,0,2,2,4
SYN-011-single_character_error,G011,test,single_character_error,prescription_order,0.25,1,37.89839999808464,0,0,1,0,0,1,3,4
SYN-011-single_character_error,G011,test,single_character_error,prescription_order,0.5,2,38.35540000000037,0,0,1,0,0,1,3,4
SYN-011-single_character_error,G011,test,single_character_error,prescription_order,0.75,3,38.50840000086464,1,0,0,0,0,0,4,4
SYN-011-single_character_error,G011,test,single_character_error,prescription_order,1.0,4,38.59730000112904,1,0,0,0,0,0,4,4
SYN-011-single_character_error,G011,test,single_character_error,uncertainty,0.0,0,37.67750000406522,0,0,1,0,0,2,2,4
SYN-011-single_character_error,G011,test,single_character_error,uncertainty,0.25,1,37.85900000366382,1,0,0,0,0,1,3,4
SYN-011-single_character_error,G011,test,single_character_error,uncertainty,0.5,2,37.96449999936158,1,0,0,0,0,0,4,4
SYN-011-single_character_error,G011,test,single_character_error,uncertainty,0.75,3,38.05560000182595,1,0,0,0,0,0,4,4
SYN-011-single_character_error,G011,test,single_character_error,uncertainty,1.0,4,38.13400000217371,1,0,0,0,0,0,4,4
SYN-011-single_character_error,G011,test,single_character_error,impact,0.0,0,37.6512000002549,0,0,1,0,0,2,2,4
SYN-011-single_character_error,G011,test,single_character_error,impact,0.25,1,37.79579999536509,0,0,1,0,0,1,3,4
SYN-011-single_character_error,G011,test,single_character_error,impact,0.5,2,37.89600000163773,1,0,0,0,0,0,4,4
SYN-011-single_character_error,G011,test,single_character_error,impact,0.75,3,37.98580000147922,1,0,0,0,0,0,4,4
SYN-011-single_character_error,G011,test,single_character_error,impact,1.0,4,38.06339999573538,1,0,0,0,0,0,4,4
SYN-011-single_character_error,G011,test,single_character_error,impact_without_severity,0.0,0,37.66399999585701,0,0,1,0,0,2,2,4
SYN-011-single_character_error,G011,test,single_character_error,impact_without_severity,0.25,1,37.80859999824315,0,0,1,0,0,1,3,4
SYN-011-single_character_error,G011,test,single_character_error,impact_without_severity,0.5,2,37.91069999715546,1,0,0,0,0,0,4,4
SYN-011-single_character_error,G011,test,single_character_error,impact_without_severity,0.75,3,37.999399995896965,1,0,0,0,0,0,4,4
SYN-011-single_character_error,G011,test,single_character_error,impact_without_severity,1.0,4,38.07850000157487,1,0,0,0,0,0,4,4
SYN-011-single_character_error,G011,test,single_character_error,gold_upper_bound,0.0,4,38.05120000470197,1,0,0,0,0,0,4,4
SYN-011-single_character_error,G011,test,single_character_error,gold_upper_bound,0.25,4,38.05120000470197,1,0,0,0,0,0,4,4
SYN-011-single_character_error,G011,test,single_character_error,gold_upper_bound,0.5,4,38.05120000470197,1,0,0,0,0,0,4,4
SYN-011-single_character_error,G011,test,single_character_error,gold_upper_bound,0.75,4,38.05120000470197,1,0,0,0,0,0,4,4
SYN-011-single_character_error,G011,test,single_character_error,gold_upper_bound,1.0,4,38.05120000470197,1,0,0,0,0,0,4,4
SYN-011-mixed_corruption,G011,test,mixed_corruption,legacy_baseline,0.0,0,34.346699991147034,0,0,1,0,0,3,1,4
SYN-011-mixed_corruption,G011,test,mixed_corruption,legacy_baseline,0.25,0,34.346699991147034,0,0,1,0,0,3,1,4
SYN-011-mixed_corruption,G011,test,mixed_corruption,legacy_baseline,0.5,0,34.346699991147034,0,0,1,0,0,3,1,4
SYN-011-mixed_corruption,G011,test,mixed_corruption,legacy_baseline,0.75,0,34.346699991147034,0,0,1,0,0,3,1,4
SYN-011-mixed_corruption,G011,test,mixed_corruption,legacy_baseline,1.0,0,34.346699991147034,0,0,1,0,0,3,1,4
SYN-011-mixed_corruption,G011,test,mixed_corruption,corrected_baseline,0.0,0,34.21939999680035,0,0,1,0,0,3,1,4
SYN-011-mixed_corruption,G011,test,mixed_corruption,corrected_baseline,0.25,0,34.21939999680035,0,0,1,0,0,3,1,4
SYN-011-mixed_corruption,G011,test,mixed_corruption,corrected_baseline,0.5,0,34.21939999680035,0,0,1,0,0,3,1,4
SYN-011-mixed_corruption,G011,test,mixed_corruption,corrected_baseline,0.75,0,34.21939999680035,0,0,1,0,0,3,1,4
SYN-011-mixed_corruption,G011,test,mixed_corruption,corrected_baseline,1.0,0,34.21939999680035,0,0,1,0,0,3,1,4
SYN-011-mixed_corruption,G011,test,mixed_corruption,prescription_order,0.0,0,34.14879999036202,0,0,1,0,0,3,1,4
SYN-011-mixed_corruption,G011,test,mixed_corruption,prescription_order,0.25,1,34.32369999063667,0,0,1,0,0,2,2,4
SYN-011-mixed_corruption,G011,test,mixed_corruption,prescription_order,0.5,2,34.461999995983206,0,0,1,0,0,1,3,4
SYN-011-mixed_corruption,G011,test,mixed_corruption,prescription_order,0.75,3,34.56799999548821,1,0,0,0,0,0,4,4
SYN-011-mixed_corruption,G011,test,mixed_corruption,prescription_order,1.0,4,34.650799992959946,1,0,0,0,0,0,4,4
SYN-011-mixed_corruption,G011,test,mixed_corruption,uncertainty,0.0,0,34.077999989676755,0,0,1,0,0,3,1,4
SYN-011-mixed_corruption,G011,test,mixed_corruption,uncertainty,0.25,1,34.285799993085675,0,0,1,0,0,2,2,4
SYN-011-mixed_corruption,G011,test,mixed_corruption,uncertainty,0.5,2,34.418799994455185,1,0,0,0,0,1,3,4
SYN-011-mixed_corruption,G011,test,mixed_corruption,uncertainty,0.75,3,34.51039999345085,1,0,0,0,0,0,4,4
SYN-011-mixed_corruption,G011,test,mixed_corruption,uncertainty,1.0,4,34.58779999346007,1,0,0,0,0,0,4,4
SYN-011-mixed_corruption,G011,test,mixed_corruption,impact,0.0,0,34.21099999832222,0,0,1,0,0,3,1,4
SYN-011-mixed_corruption,G011,test,mixed_corruption,impact,0.25,1,34.38330000062706,0,0,1,0,0,2,2,4
SYN-011-mixed_corruption,G011,test,mixed_corruption,impact,0.5,2,34.500599998864345,0,0,1,0,0,1,3,4
SYN-011-mixed_corruption,G011,test,mixed_corruption,impact,0.75,3,34.5960999984527,1,0,0,0,0,0,4,4
SYN-011-mixed_corruption,G011,test,mixed_corruption,impact,1.0,4,34.67439999803901,1,0,0,0,0,0,4,4
SYN-011-mixed_corruption,G011,test,mixed_corruption,impact_without_severity,0.0,0,34.08739998849342,0,0,1,0,0,3,1,4
SYN-011-mixed_corruption,G011,test,mixed_corruption,impact_without_severity,0.25,1,34.25019999122014,0,0,1,0,0,2,2,4
SYN-011-mixed_corruption,G011,test,mixed_corruption,impact_without_severity,0.5,2,34.365899991826154,0,0,1,0,0,1,3,4
SYN-011-mixed_corruption,G011,test,mixed_corruption,impact_without_severity,0.75,3,34.4587999934447,1,0,0,0,0,0,4,4
SYN-011-mixed_corruption,G011,test,mixed_corruption,impact_without_severity,1.0,4,34.53619999345392,1,0,0,0,0,0,4,4
SYN-011-mixed_corruption,G011,test,mixed_corruption,gold_upper_bound,0.0,4,34.50629999861121,1,0,0,0,0,0,4,4
SYN-011-mixed_corruption,G011,test,mixed_corruption,gold_upper_bound,0.25,4,34.50629999861121,1,0,0,0,0,0,4,4
SYN-011-mixed_corruption,G011,test,mixed_corruption,gold_upper_bound,0.5,4,34.50629999861121,1,0,0,0,0,0,4,4
SYN-011-mixed_corruption,G011,test,mixed_corruption,gold_upper_bound,0.75,4,34.50629999861121,1,0,0,0,0,0,4,4
SYN-011-mixed_corruption,G011,test,mixed_corruption,gold_upper_bound,1.0,4,34.50629999861121,1,0,0,0,0,0,4,4
SYN-012-clean,G012,test,clean,legacy_baseline,0.0,0,0.42720000055851415,3,0,0,2,2,0,4,4
SYN-012-clean,G012,test,clean,legacy_baseline,0.25,0,0.42720000055851415,3,0,0,2,2,0,4,4
SYN-012-clean,G012,test,clean,legacy_baseline,0.5,0,0.42720000055851415,3,0,0,2,2,0,4,4
SYN-012-clean,G012,test,clean,legacy_baseline,0.75,0,0.42720000055851415,3,0,0,2,2,0,4,4
SYN-012-clean,G012,test,clean,legacy_baseline,1.0,0,0.42720000055851415,3,0,0,2,2,0,4,4
SYN-012-clean,G012,test,clean,corrected_baseline,0.0,0,0.2356000040890649,3,0,0,2,2,0,4,4
SYN-012-clean,G012,test,clean,corrected_baseline,0.25,0,0.2356000040890649,3,0,0,2,2,0,4,4
SYN-012-clean,G012,test,clean,corrected_baseline,0.5,0,0.2356000040890649,3,0,0,2,2,0,4,4
SYN-012-clean,G012,test,clean,corrected_baseline,0.75,0,0.2356000040890649,3,0,0,2,2,0,4,4
SYN-012-clean,G012,test,clean,corrected_baseline,1.0,0,0.2356000040890649,3,0,0,2,2,0,4,4
SYN-012-clean,G012,test,clean,prescription_order,0.0,0,0.167199999850709,3,0,0,2,2,0,4,4
SYN-012-clean,G012,test,clean,prescription_order,0.25,1,0.2936000018962659,3,0,0,2,2,0,4,4
SYN-012-clean,G012,test,clean,prescription_order,0.5,2,0.40270000317832455,3,0,0,2,2,0,4,4
SYN-012-clean,G012,test,clean,prescription_order,0.75,3,0.502500006405171,3,0,0,2,2,0,4,4
SYN-012-clean,G012,test,clean,prescription_order,1.0,4,0.589400005992502,3,0,0,2,2,0,4,4
SYN-012-clean,G012,test,clean,uncertainty,0.0,0,0.14969999756431207,3,0,0,2,2,0,4,4
SYN-012-clean,G012,test,clean,uncertainty,0.25,1,0.2707999956328422,3,0,0,2,2,0,4,4
SYN-012-clean,G012,test,clean,uncertainty,0.5,2,0.3723999980138615,3,0,0,2,2,0,4,4
SYN-012-clean,G012,test,clean,uncertainty,0.75,3,0.4658999969251454,3,0,0,2,2,0,4,4
SYN-012-clean,G012,test,clean,uncertainty,1.0,4,0.5510999981197529,3,0,0,2,2,0,4,4
SYN-012-clean,G012,test,clean,impact,0.0,0,0.15100000018719584,3,0,0,2,2,0,4,4
SYN-012-clean,G012,test,clean,impact,0.25,1,0.2697000018088147,3,0,0,2,2,0,4,4
SYN-012-clean,G012,test,clean,impact,0.5,2,0.37039999733678997,3,0,0,2,2,0,4,4
SYN-012-clean,G012,test,clean,impact,0.75,3,0.4625000001396984,3,0,0,2,2,0,4,4
SYN-012-clean,G012,test,clean,impact,1.0,4,0.5483999993884936,3,0,0,2,2,0,4,4
SYN-012-clean,G012,test,clean,impact_without_severity,0.0,0,0.14980000560171902,3,0,0,2,2,0,4,4
SYN-012-clean,G012,test,clean,impact_without_severity,0.25,1,0.26670000079320744,3,0,0,2,2,0,4,4
SYN-012-clean,G012,test,clean,impact_without_severity,0.5,2,0.37590000283671543,3,0,0,2,2,0,4,4
SYN-012-clean,G012,test,clean,impact_without_severity,0.75,3,0.4800000024260953,3,0,0,2,2,0,4,4
SYN-012-clean,G012,test,clean,impact_without_severity,1.0,4,0.5669000020134263,3,0,0,2,2,0,4,4
SYN-012-clean,G012,test,clean,gold_upper_bound,0.0,4,0.564500005566515,3,0,0,2,2,0,4,4
SYN-012-clean,G012,test,clean,gold_upper_bound,0.25,4,0.564500005566515,3,0,0,2,2,0,4,4
SYN-012-clean,G012,test,clean,gold_upper_bound,0.5,4,0.564500005566515,3,0,0,2,2,0,4,4
SYN-012-clean,G012,test,clean,gold_upper_bound,0.75,4,0.564500005566515,3,0,0,2,2,0,4,4
SYN-012-clean,G012,test,clean,gold_upper_bound,1.0,4,0.564500005566515,3,0,0,2,2,0,4,4
SYN-012-single_character_error,G012,test,single_character_error,legacy_baseline,0.0,0,128.39910000184318,1,0,2,0,2,2,2,4
SYN-012-single_character_error,G012,test,single_character_error,legacy_baseline,0.25,0,128.39910000184318,1,0,2,0,2,2,2,4
SYN-012-single_character_error,G012,test,single_character_error,legacy_baseline,0.5,0,128.39910000184318,1,0,2,0,2,2,2,4
SYN-012-single_character_error,G012,test,single_character_error,legacy_baseline,0.75,0,128.39910000184318,1,0,2,0,2,2,2,4
SYN-012-single_character_error,G012,test,single_character_error,legacy_baseline,1.0,0,128.39910000184318,1,0,2,0,2,2,2,4
SYN-012-single_character_error,G012,test,single_character_error,corrected_baseline,0.0,0,128.24969999928726,1,0,2,0,2,2,2,4
SYN-012-single_character_error,G012,test,single_character_error,corrected_baseline,0.25,0,128.24969999928726,1,0,2,0,2,2,2,4
SYN-012-single_character_error,G012,test,single_character_error,corrected_baseline,0.5,0,128.24969999928726,1,0,2,0,2,2,2,4
SYN-012-single_character_error,G012,test,single_character_error,corrected_baseline,0.75,0,128.24969999928726,1,0,2,0,2,2,2,4
SYN-012-single_character_error,G012,test,single_character_error,corrected_baseline,1.0,0,128.24969999928726,1,0,2,0,2,2,2,4
SYN-012-single_character_error,G012,test,single_character_error,prescription_order,0.0,0,127.50579999556066,1,0,2,0,2,2,2,4
SYN-012-single_character_error,G012,test,single_character_error,prescription_order,0.25,1,128.35210000048392,2,0,1,1,2,1,3,4
SYN-012-single_character_error,G012,test,single_character_error,prescription_order,0.5,2,128.89919999724953,2,0,1,1,2,1,3,4
SYN-012-single_character_error,G012,test,single_character_error,prescription_order,0.75,3,129.3398999987403,3,0,0,2,2,0,4,4
SYN-012-single_character_error,G012,test,single_character_error,prescription_order,1.0,4,129.72819999413332,3,0,0,2,2,0,4,4
SYN-012-single_character_error,G012,test,single_character_error,uncertainty,0.0,0,127.54660000064177,1,0,2,0,2,2,2,4
SYN-012-single_character_error,G012,test,single_character_error,uncertainty,0.25,1,128.2705999983591,2,0,1,1,2,1,3,4
SYN-012-single_character_error,G012,test,single_character_error,uncertainty,0.5,2,128.6956999974791,3,0,0,2,2,0,4,4
SYN-012-single_character_error,G012,test,single_character_error,uncertainty,0.75,3,129.1856000025291,3,0,0,2,2,0,4,4
SYN-012-single_character_error,G012,test,single_character_error,uncertainty,1.0,4,129.85869999829447,3,0,0,2,2,0,4,4
SYN-012-single_character_error,G012,test,single_character_error,impact,0.0,0,127.66769999143435,1,0,2,0,2,2,2,4
SYN-012-single_character_error,G012,test,single_character_error,impact,0.25,1,128.33719999616733,2,0,1,1,2,1,3,4
SYN-012-single_character_error,G012,test,single_character_error,impact,0.5,2,128.77929999376647,3,0,0,2,2,0,4,4
SYN-012-single_character_error,G012,test,single_character_error,impact,0.75,3,129.21089999144897,3,0,0,2,2,0,4,4
SYN-012-single_character_error,G012,test,single_character_error,impact,1.0,4,129.5715999949607,3,0,0,2,2,0,4,4
SYN-012-single_character_error,G012,test,single_character_error,impact_without_severity,0.0,0,127.59789999836357,1,0,2,0,2,2,2,4
SYN-012-single_character_error,G012,test,single_character_error,impact_without_severity,0.25,1,128.20929999725195,2,0,1,1,2,1,3,4
SYN-012-single_character_error,G012,test,single_character_error,impact_without_severity,0.5,2,128.66749999375315,3,0,0,2,2,0,4,4
SYN-012-single_character_error,G012,test,single_character_error,impact_without_severity,0.75,3,129.08349999634083,3,0,0,2,2,0,4,4
SYN-012-single_character_error,G012,test,single_character_error,impact_without_severity,1.0,4,129.47099999291822,3,0,0,2,2,0,4,4
SYN-012-single_character_error,G012,test,single_character_error,gold_upper_bound,0.0,4,129.37950000195997,3,0,0,2,2,0,4,4
SYN-012-single_character_error,G012,test,single_character_error,gold_upper_bound,0.25,4,129.37950000195997,3,0,0,2,2,0,4,4
SYN-012-single_character_error,G012,test,single_character_error,gold_upper_bound,0.5,4,129.37950000195997,3,0,0,2,2,0,4,4
SYN-012-single_character_error,G012,test,single_character_error,gold_upper_bound,0.75,4,129.37950000195997,3,0,0,2,2,0,4,4
SYN-012-single_character_error,G012,test,single_character_error,gold_upper_bound,1.0,4,129.37950000195997,3,0,0,2,2,0,4,4
SYN-012-mixed_corruption,G012,test,mixed_corruption,legacy_baseline,0.0,0,153.33960000862135,0,0,3,0,2,3,1,4
SYN-012-mixed_corruption,G012,test,mixed_corruption,legacy_baseline,0.25,0,153.33960000862135,0,0,3,0,2,3,1,4
SYN-012-mixed_corruption,G012,test,mixed_corruption,legacy_baseline,0.5,0,153.33960000862135,0,0,3,0,2,3,1,4
SYN-012-mixed_corruption,G012,test,mixed_corruption,legacy_baseline,0.75,0,153.33960000862135,0,0,3,0,2,3,1,4
SYN-012-mixed_corruption,G012,test,mixed_corruption,legacy_baseline,1.0,0,153.33960000862135,0,0,3,0,2,3,1,4
SYN-012-mixed_corruption,G012,test,mixed_corruption,corrected_baseline,0.0,0,153.87870000267867,0,0,3,0,2,3,1,4
SYN-012-mixed_corruption,G012,test,mixed_corruption,corrected_baseline,0.25,0,153.87870000267867,0,0,3,0,2,3,1,4
SYN-012-mixed_corruption,G012,test,mixed_corruption,corrected_baseline,0.5,0,153.87870000267867,0,0,3,0,2,3,1,4
SYN-012-mixed_corruption,G012,test,mixed_corruption,corrected_baseline,0.75,0,153.87870000267867,0,0,3,0,2,3,1,4
SYN-012-mixed_corruption,G012,test,mixed_corruption,corrected_baseline,1.0,0,153.87870000267867,0,0,3,0,2,3,1,4
SYN-012-mixed_corruption,G012,test,mixed_corruption,prescription_order,0.0,0,152.8429000027245,0,0,3,0,2,3,1,4
SYN-012-mixed_corruption,G012,test,mixed_corruption,prescription_order,0.25,1,153.79670000402257,1,0,2,1,2,2,2,4
SYN-012-mixed_corruption,G012,test,mixed_corruption,prescription_order,0.5,2,154.45780000300147,2,0,1,1,2,1,3,4
SYN-012-mixed_corruption,G012,test,mixed_corruption,prescription_order,0.75,3,155.02399999968475,3,0,0,2,2,0,4,4
SYN-012-mixed_corruption,G012,test,mixed_corruption,prescription_order,1.0,4,155.63160000601783,3,0,0,2,2,0,4,4
SYN-012-mixed_corruption,G012,test,mixed_corruption,uncertainty,0.0,0,152.37370000977535,0,0,3,0,2,3,1,4
SYN-012-mixed_corruption,G012,test,mixed_corruption,uncertainty,0.25,1,152.91860001161695,0,0,3,0,2,2,2,4
SYN-012-mixed_corruption,G012,test,mixed_corruption,uncertainty,0.5,2,153.46680000948254,1,0,2,1,2,1,3,4
SYN-012-mixed_corruption,G012,test,mixed_corruption,uncertainty,0.75,3,153.76540000579553,3,0,0,2,2,0,4,4
SYN-012-mixed_corruption,G012,test,mixed_corruption,uncertainty,1.0,4,154.0376000048127,3,0,0,2,2,0,4,4
SYN-012-mixed_corruption,G012,test,mixed_corruption,impact,0.0,0,152.57430000929162,0,0,3,0,2,3,1,4
SYN-012-mixed_corruption,G012,test,mixed_corruption,impact,0.25,1,153.3942000096431,0,0,3,0,2,2,2,4
SYN-012-mixed_corruption,G012,test,mixed_corruption,impact,0.5,2,154.16380001261132,1,0,2,1,2,1,3,4
SYN-012-mixed_corruption,G012,test,mixed_corruption,impact,0.75,3,154.8293000087142,3,0,0,2,2,0,4,4
SYN-012-mixed_corruption,G012,test,mixed_corruption,impact,1.0,4,155.3394000075059,3,0,0,2,2,0,4,4
SYN-012-mixed_corruption,G012,test,mixed_corruption,impact_without_severity,0.0,0,153.2506000075955,0,0,3,0,2,3,1,4
SYN-012-mixed_corruption,G012,test,mixed_corruption,impact_without_severity,0.25,1,153.96040000632638,0,0,3,0,2,2,2,4
SYN-012-mixed_corruption,G012,test,mixed_corruption,impact_without_severity,0.5,2,154.51930000563152,1,0,2,1,2,1,3,4
SYN-012-mixed_corruption,G012,test,mixed_corruption,impact_without_severity,0.75,3,154.96550000534626,3,0,0,2,2,0,4,4
SYN-012-mixed_corruption,G012,test,mixed_corruption,impact_without_severity,1.0,4,155.51060000871075,3,0,0,2,2,0,4,4
SYN-012-mixed_corruption,G012,test,mixed_corruption,gold_upper_bound,0.0,4,152.8936000104295,3,0,0,2,2,0,4,4
SYN-012-mixed_corruption,G012,test,mixed_corruption,gold_upper_bound,0.25,4,152.8936000104295,3,0,0,2,2,0,4,4
SYN-012-mixed_corruption,G012,test,mixed_corruption,gold_upper_bound,0.5,4,152.8936000104295,3,0,0,2,2,0,4,4
SYN-012-mixed_corruption,G012,test,mixed_corruption,gold_upper_bound,0.75,4,152.8936000104295,3,0,0,2,2,0,4,4
SYN-012-mixed_corruption,G012,test,mixed_corruption,gold_upper_bound,1.0,4,152.8936000104295,3,0,0,2,2,0,4,4
SYN-013-clean,G013,test,clean,legacy_baseline,0.0,0,0.7696999891777523,3,0,0,0,0,0,4,4
SYN-013-clean,G013,test,clean,legacy_baseline,0.25,0,0.7696999891777523,3,0,0,0,0,0,4,4
SYN-013-clean,G013,test,clean,legacy_baseline,0.5,0,0.7696999891777523,3,0,0,0,0,0,4,4
SYN-013-clean,G013,test,clean,legacy_baseline,0.75,0,0.7696999891777523,3,0,0,0,0,0,4,4
SYN-013-clean,G013,test,clean,legacy_baseline,1.0,0,0.7696999891777523,3,0,0,0,0,0,4,4
SYN-013-clean,G013,test,clean,corrected_baseline,0.0,0,0.4101000013179146,3,0,0,0,0,0,4,4
SYN-013-clean,G013,test,clean,corrected_baseline,0.25,0,0.4101000013179146,3,0,0,0,0,0,4,4
SYN-013-clean,G013,test,clean,corrected_baseline,0.5,0,0.4101000013179146,3,0,0,0,0,0,4,4
SYN-013-clean,G013,test,clean,corrected_baseline,0.75,0,0.4101000013179146,3,0,0,0,0,0,4,4
SYN-013-clean,G013,test,clean,corrected_baseline,1.0,0,0.4101000013179146,3,0,0,0,0,0,4,4
SYN-013-clean,G013,test,clean,prescription_order,0.0,0,0.2535999956307933,3,0,0,0,0,0,4,4
SYN-013-clean,G013,test,clean,prescription_order,0.25,1,0.4507999983616173,3,0,0,0,0,0,4,4
SYN-013-clean,G013,test,clean,prescription_order,0.5,2,0.635599993984215,3,0,0,0,0,0,4,4
SYN-013-clean,G013,test,clean,prescription_order,0.75,3,0.8413999967160635,3,0,0,0,0,0,4,4
SYN-013-clean,G013,test,clean,prescription_order,1.0,4,0.9867999979178421,3,0,0,0,0,0,4,4
SYN-013-clean,G013,test,clean,uncertainty,0.0,0,0.26029999571619555,3,0,0,0,0,0,4,4
SYN-013-clean,G013,test,clean,uncertainty,0.25,1,0.46519999887095764,3,0,0,0,0,0,4,4
SYN-013-clean,G013,test,clean,uncertainty,0.5,2,0.6432000009226613,3,0,0,0,0,0,4,4
SYN-013-clean,G013,test,clean,uncertainty,0.75,3,0.8076999947661534,3,0,0,0,0,0,4,4
SYN-013-clean,G013,test,clean,uncertainty,1.0,4,0.9592999995220453,3,0,0,0,0,0,4,4
SYN-013-clean,G013,test,clean,impact,0.0,0,0.2623999971547164,3,0,0,0,0,0,4,4
SYN-013-clean,G013,test,clean,impact,0.25,1,0.46469999506371096,3,0,0,0,0,0,4,4
SYN-013-clean,G013,test,clean,impact,0.5,2,0.6377999961841851,3,0,0,0,0,0,4,4
SYN-013-clean,G013,test,clean,impact,0.75,3,0.8120999991660938,3,0,0,0,0,0,4,4
SYN-013-clean,G013,test,clean,impact,1.0,4,0.9629999985918403,3,0,0,0,0,0,4,4
SYN-013-clean,G013,test,clean,impact_without_severity,0.0,0,0.2463999917381443,3,0,0,0,0,0,4,4
SYN-013-clean,G013,test,clean,impact_without_severity,0.25,1,0.4343999898992479,3,0,0,0,0,0,4,4
SYN-013-clean,G013,test,clean,impact_without_severity,0.5,2,0.596099991525989,3,0,0,0,0,0,4,4
SYN-013-clean,G013,test,clean,impact_without_severity,0.75,3,0.7457999963662587,3,0,0,0,0,0,4,4
SYN-013-clean,G013,test,clean,impact_without_severity,1.0,4,0.8807999911368825,3,0,0,0,0,0,4,4
SYN-013-clean,G013,test,clean,gold_upper_bound,0.0,4,0.8600999935879372,3,0,0,0,0,0,4,4
SYN-013-clean,G013,test,clean,gold_upper_bound,0.25,4,0.8600999935879372,3,0,0,0,0,0,4,4
SYN-013-clean,G013,test,clean,gold_upper_bound,0.5,4,0.8600999935879372,3,0,0,0,0,0,4,4
SYN-013-clean,G013,test,clean,gold_upper_bound,0.75,4,0.8600999935879372,3,0,0,0,0,0,4,4
SYN-013-clean,G013,test,clean,gold_upper_bound,1.0,4,0.8600999935879372,3,0,0,0,0,0,4,4
SYN-013-single_character_error,G013,test,single_character_error,legacy_baseline,0.0,0,94.03739999834215,1,0,2,0,0,2,2,4
SYN-013-single_character_error,G013,test,single_character_error,legacy_baseline,0.25,0,94.03739999834215,1,0,2,0,0,2,2,4
SYN-013-single_character_error,G013,test,single_character_error,legacy_baseline,0.5,0,94.03739999834215,1,0,2,0,0,2,2,4
SYN-013-single_character_error,G013,test,single_character_error,legacy_baseline,0.75,0,94.03739999834215,1,0,2,0,0,2,2,4
SYN-013-single_character_error,G013,test,single_character_error,legacy_baseline,1.0,0,94.03739999834215,1,0,2,0,0,2,2,4
SYN-013-single_character_error,G013,test,single_character_error,corrected_baseline,0.0,0,94.06609999859938,1,0,2,0,0,2,2,4
SYN-013-single_character_error,G013,test,single_character_error,corrected_baseline,0.25,0,94.06609999859938,1,0,2,0,0,2,2,4
SYN-013-single_character_error,G013,test,single_character_error,corrected_baseline,0.5,0,94.06609999859938,1,0,2,0,0,2,2,4
SYN-013-single_character_error,G013,test,single_character_error,corrected_baseline,0.75,0,94.06609999859938,1,0,2,0,0,2,2,4
SYN-013-single_character_error,G013,test,single_character_error,corrected_baseline,1.0,0,94.06609999859938,1,0,2,0,0,2,2,4
SYN-013-single_character_error,G013,test,single_character_error,prescription_order,0.0,0,93.83669999806443,1,0,2,0,0,2,2,4
SYN-013-single_character_error,G013,test,single_character_error,prescription_order,0.25,1,94.23170000081882,2,0,1,0,0,1,3,4
SYN-013-single_character_error,G013,test,single_character_error,prescription_order,0.5,2,94.63980000145966,2,0,1,0,0,1,3,4
SYN-013-single_character_error,G013,test,single_character_error,prescription_order,0.75,3,94.99399999913294,3,0,0,0,0,0,4,4
SYN-013-single_character_error,G013,test,single_character_error,prescription_order,1.0,4,95.16309999889927,3,0,0,0,0,0,4,4
SYN-013-single_character_error,G013,test,single_character_error,uncertainty,0.0,0,93.79079999780515,1,0,2,0,0,2,2,4
SYN-013-single_character_error,G013,test,single_character_error,uncertainty,0.25,1,94.11469999758992,2,0,1,0,0,1,3,4
SYN-013-single_character_error,G013,test,single_character_error,uncertainty,0.5,2,94.28869999828748,3,0,0,0,0,0,4,4
SYN-013-single_character_error,G013,test,single_character_error,uncertainty,0.75,3,94.45069999492262,3,0,0,0,0,0,4,4
SYN-013-single_character_error,G013,test,single_character_error,uncertainty,1.0,4,94.59739999874728,3,0,0,0,0,0,4,4
SYN-013-single_character_error,G013,test,single_character_error,impact,0.0,0,93.67110000312096,1,0,2,0,0,2,2,4
SYN-013-single_character_error,G013,test,single_character_error,impact,0.25,1,93.9146000018809,2,0,1,0,0,1,3,4
SYN-013-single_character_error,G013,test,single_character_error,impact,0.5,2,94.09459999733372,3,0,0,0,0,0,4,4
SYN-013-single_character_error,G013,test,single_character_error,impact,0.75,3,94.24610000132816,3,0,0,0,0,0,4,4
SYN-013-single_character_error,G013,test,single_character_error,impact,1.0,4,94.37969999999041,3,0,0,0,0,0,4,4
SYN-013-single_character_error,G013,test,single_character_error,impact_without_severity,0.0,0,93.61930000159191,1,0,2,0,0,2,2,4
SYN-013-single_character_error,G013,test,single_character_error,impact_without_severity,0.25,1,93.8453999988269,2,0,1,0,0,1,3,4
SYN-013-single_character_error,G013,test,single_character_error,impact_without_severity,0.5,2,94.0132999967318,3,0,0,0,0,0,4,4
SYN-013-single_character_error,G013,test,single_character_error,impact_without_severity,0.75,3,94.15769999759505,3,0,0,0,0,0,4,4
SYN-013-single_character_error,G013,test,single_character_error,impact_without_severity,1.0,4,94.28879999904893,3,0,0,0,0,0,4,4
SYN-013-single_character_error,G013,test,single_character_error,gold_upper_bound,0.0,4,94.29619999718852,3,0,0,0,0,0,4,4
SYN-013-single_character_error,G013,test,single_character_error,gold_upper_bound,0.25,4,94.29619999718852,3,0,0,0,0,0,4,4
SYN-013-single_character_error,G013,test,single_character_error,gold_upper_bound,0.5,4,94.29619999718852,3,0,0,0,0,0,4,4
SYN-013-single_character_error,G013,test,single_character_error,gold_upper_bound,0.75,4,94.29619999718852,3,0,0,0,0,0,4,4
SYN-013-single_character_error,G013,test,single_character_error,gold_upper_bound,1.0,4,94.29619999718852,3,0,0,0,0,0,4,4
SYN-013-mixed_corruption,G013,test,mixed_corruption,legacy_baseline,0.0,0,76.09919999958947,0,0,3,0,0,3,1,4
SYN-013-mixed_corruption,G013,test,mixed_corruption,legacy_baseline,0.25,0,76.09919999958947,0,0,3,0,0,3,1,4
SYN-013-mixed_corruption,G013,test,mixed_corruption,legacy_baseline,0.5,0,76.09919999958947,0,0,3,0,0,3,1,4
SYN-013-mixed_corruption,G013,test,mixed_corruption,legacy_baseline,0.75,0,76.09919999958947,0,0,3,0,0,3,1,4
SYN-013-mixed_corruption,G013,test,mixed_corruption,legacy_baseline,1.0,0,76.09919999958947,0,0,3,0,0,3,1,4
SYN-013-mixed_corruption,G013,test,mixed_corruption,corrected_baseline,0.0,0,77.28109999879962,0,0,3,0,0,3,1,4
SYN-013-mixed_corruption,G013,test,mixed_corruption,corrected_baseline,0.25,0,77.28109999879962,0,0,3,0,0,3,1,4
SYN-013-mixed_corruption,G013,test,mixed_corruption,corrected_baseline,0.5,0,77.28109999879962,0,0,3,0,0,3,1,4
SYN-013-mixed_corruption,G013,test,mixed_corruption,corrected_baseline,0.75,0,77.28109999879962,0,0,3,0,0,3,1,4
SYN-013-mixed_corruption,G013,test,mixed_corruption,corrected_baseline,1.0,0,77.28109999879962,0,0,3,0,0,3,1,4
SYN-013-mixed_corruption,G013,test,mixed_corruption,prescription_order,0.0,0,76.710200002708,0,0,3,0,0,3,1,4
SYN-013-mixed_corruption,G013,test,mixed_corruption,prescription_order,0.25,1,77.36909999948693,1,0,2,0,0,2,2,4
SYN-013-mixed_corruption,G013,test,mixed_corruption,prescription_order,0.5,2,77.78560000588186,2,0,1,0,0,1,3,4
SYN-013-mixed_corruption,G013,test,mixed_corruption,prescription_order,0.75,3,78.04240000405116,3,0,0,0,0,0,4,4
SYN-013-mixed_corruption,G013,test,mixed_corruption,prescription_order,1.0,4,78.25109999976121,3,0,0,0,0,0,4,4
SYN-013-mixed_corruption,G013,test,mixed_corruption,uncertainty,0.0,0,75.9671999985585,0,0,3,0,0,3,1,4
SYN-013-mixed_corruption,G013,test,mixed_corruption,uncertainty,0.25,1,76.45529999717837,1,0,2,0,0,2,2,4
SYN-013-mixed_corruption,G013,test,mixed_corruption,uncertainty,0.5,2,76.73090000025695,2,0,1,0,0,1,3,4
SYN-013-mixed_corruption,G013,test,mixed_corruption,uncertainty,0.75,3,76.94620000256691,3,0,0,0,0,0,4,4
SYN-013-mixed_corruption,G013,test,mixed_corruption,uncertainty,1.0,4,77.15019999886863,3,0,0,0,0,0,4,4
SYN-013-mixed_corruption,G013,test,mixed_corruption,impact,0.0,0,75.99069999560015,0,0,3,0,0,3,1,4
SYN-013-mixed_corruption,G013,test,mixed_corruption,impact,0.25,1,76.4227999970899,1,0,2,0,0,2,2,4
SYN-013-mixed_corruption,G013,test,mixed_corruption,impact,0.5,2,76.6827999977977,2,0,1,0,0,1,3,4
SYN-013-mixed_corruption,G013,test,mixed_corruption,impact,0.75,3,77.01069999893662,3,0,0,0,0,0,4,4
SYN-013-mixed_corruption,G013,test,mixed_corruption,impact,1.0,4,77.22389999980805,3,0,0,0,0,0,4,4
SYN-013-mixed_corruption,G013,test,mixed_corruption,impact_without_severity,0.0,0,76.02980000228854,0,0,3,0,0,3,1,4
SYN-013-mixed_corruption,G013,test,mixed_corruption,impact_without_severity,0.25,1,76.77690000127768,1,0,2,0,0,2,2,4
SYN-013-mixed_corruption,G013,test,mixed_corruption,impact_without_severity,0.5,2,77.0838000025833,2,0,1,0,0,1,3,4
SYN-013-mixed_corruption,G013,test,mixed_corruption,impact_without_severity,0.75,3,77.29699999617878,3,0,0,0,0,0,4,4
SYN-013-mixed_corruption,G013,test,mixed_corruption,impact_without_severity,1.0,4,77.50690000102622,3,0,0,0,0,0,4,4
SYN-013-mixed_corruption,G013,test,mixed_corruption,gold_upper_bound,0.0,4,77.08870000351453,3,0,0,0,0,0,4,4
SYN-013-mixed_corruption,G013,test,mixed_corruption,gold_upper_bound,0.25,4,77.08870000351453,3,0,0,0,0,0,4,4
SYN-013-mixed_corruption,G013,test,mixed_corruption,gold_upper_bound,0.5,4,77.08870000351453,3,0,0,0,0,0,4,4
SYN-013-mixed_corruption,G013,test,mixed_corruption,gold_upper_bound,0.75,4,77.08870000351453,3,0,0,0,0,0,4,4
SYN-013-mixed_corruption,G013,test,mixed_corruption,gold_upper_bound,1.0,4,77.08870000351453,3,0,0,0,0,0,4,4
SYN-014-clean,G014,test,clean,legacy_baseline,0.0,0,0.8135999960359186,3,0,0,0,0,0,4,4
SYN-014-clean,G014,test,clean,legacy_baseline,0.25,0,0.8135999960359186,3,0,0,0,0,0,4,4
SYN-014-clean,G014,test,clean,legacy_baseline,0.5,0,0.8135999960359186,3,0,0,0,0,0,4,4
SYN-014-clean,G014,test,clean,legacy_baseline,0.75,0,0.8135999960359186,3,0,0,0,0,0,4,4
SYN-014-clean,G014,test,clean,legacy_baseline,1.0,0,0.8135999960359186,3,0,0,0,0,0,4,4
SYN-014-clean,G014,test,clean,corrected_baseline,0.0,0,0.4180000032647513,3,0,0,0,0,0,4,4
SYN-014-clean,G014,test,clean,corrected_baseline,0.25,0,0.4180000032647513,3,0,0,0,0,0,4,4
SYN-014-clean,G014,test,clean,corrected_baseline,0.5,0,0.4180000032647513,3,0,0,0,0,0,4,4
SYN-014-clean,G014,test,clean,corrected_baseline,0.75,0,0.4180000032647513,3,0,0,0,0,0,4,4
SYN-014-clean,G014,test,clean,corrected_baseline,1.0,0,0.4180000032647513,3,0,0,0,0,0,4,4
SYN-014-clean,G014,test,clean,prescription_order,0.0,0,0.28000000020256266,3,0,0,0,0,0,4,4
SYN-014-clean,G014,test,clean,prescription_order,0.25,1,0.5039000025135465,3,0,0,0,0,0,4,4
SYN-014-clean,G014,test,clean,prescription_order,0.5,2,0.7058000046527013,3,0,0,0,0,0,4,4
SYN-014-clean,G014,test,clean,prescription_order,0.75,3,0.8947000023908913,3,0,0,0,0,0,4,4
SYN-014-clean,G014,test,clean,prescription_order,1.0,4,1.0570000013103709,3,0,0,0,0,0,4,4
SYN-014-clean,G014,test,clean,uncertainty,0.0,0,0.28200000087963417,3,0,0,0,0,0,4,4
SYN-014-clean,G014,test,clean,uncertainty,0.25,1,0.5082999996375293,3,0,0,0,0,0,4,4
SYN-014-clean,G014,test,clean,uncertainty,0.5,2,0.7107999990694225,3,0,0,0,0,0,4,4
SYN-014-clean,G014,test,clean,uncertainty,0.75,3,0.8811000006971881,3,0,0,0,0,0,4,4
SYN-014-clean,G014,test,clean,uncertainty,1.0,4,1.0325000039301813,3,0,0,0,0,0,4,4
SYN-014-clean,G014,test,clean,impact,0.0,0,0.284100002318155,3,0,0,0,0,0,4,4
SYN-014-clean,G014,test,clean,impact,0.25,1,0.49640000361250713,3,0,0,0,0,0,4,4
SYN-014-clean,G014,test,clean,impact,0.5,2,0.6798000031267293,3,0,0,0,0,0,4,4
SYN-014-clean,G014,test,clean,impact,0.75,3,0.8551000064471737,3,0,0,0,0,0,4,4
SYN-014-clean,G014,test,clean,impact,1.0,4,1.01120000181254,3,0,0,0,0,0,4,4
SYN-014-clean,G014,test,clean,impact_without_severity,0.0,0,0.3524999992805533,3,0,0,0,0,0,4,4
SYN-014-clean,G014,test,clean,impact_without_severity,0.25,1,0.6027999988873489,3,0,0,0,0,0,4,4
SYN-014-clean,G014,test,clean,impact_without_severity,0.5,2,0.8699999962118454,3,0,0,0,0,0,4,4
SYN-014-clean,G014,test,clean,impact_without_severity,0.75,3,1.0671999989426695,3,0,0,0,0,0,4,4
SYN-014-clean,G014,test,clean,impact_without_severity,1.0,4,1.2401999993016943,3,0,0,0,0,0,4,4
SYN-014-clean,G014,test,clean,gold_upper_bound,0.0,4,1.1301000049570575,3,0,0,0,0,0,4,4
SYN-014-clean,G014,test,clean,gold_upper_bound,0.25,4,1.1301000049570575,3,0,0,0,0,0,4,4
SYN-014-clean,G014,test,clean,gold_upper_bound,0.5,4,1.1301000049570575,3,0,0,0,0,0,4,4
SYN-014-clean,G014,test,clean,gold_upper_bound,0.75,4,1.1301000049570575,3,0,0,0,0,0,4,4
SYN-014-clean,G014,test,clean,gold_upper_bound,1.0,4,1.1301000049570575,3,0,0,0,0,0,4,4
SYN-014-single_character_error,G014,test,single_character_error,legacy_baseline,0.0,0,81.16950000840006,0,0,3,0,0,2,2,4
SYN-014-single_character_error,G014,test,single_character_error,legacy_baseline,0.25,0,81.16950000840006,0,0,3,0,0,2,2,4
SYN-014-single_character_error,G014,test,single_character_error,legacy_baseline,0.5,0,81.16950000840006,0,0,3,0,0,2,2,4
SYN-014-single_character_error,G014,test,single_character_error,legacy_baseline,0.75,0,81.16950000840006,0,0,3,0,0,2,2,4
SYN-014-single_character_error,G014,test,single_character_error,legacy_baseline,1.0,0,81.16950000840006,0,0,3,0,0,2,2,4
SYN-014-single_character_error,G014,test,single_character_error,corrected_baseline,0.0,0,80.8248000103049,0,0,3,0,0,2,2,4
SYN-014-single_character_error,G014,test,single_character_error,corrected_baseline,0.25,0,80.8248000103049,0,0,3,0,0,2,2,4
SYN-014-single_character_error,G014,test,single_character_error,corrected_baseline,0.5,0,80.8248000103049,0,0,3,0,0,2,2,4
SYN-014-single_character_error,G014,test,single_character_error,corrected_baseline,0.75,0,80.8248000103049,0,0,3,0,0,2,2,4
SYN-014-single_character_error,G014,test,single_character_error,corrected_baseline,1.0,0,80.8248000103049,0,0,3,0,0,2,2,4
SYN-014-single_character_error,G014,test,single_character_error,prescription_order,0.0,0,80.69340000656666,0,0,3,0,0,2,2,4
SYN-014-single_character_error,G014,test,single_character_error,prescription_order,0.25,1,80.94720000372035,1,0,2,0,0,1,3,4
SYN-014-single_character_error,G014,test,single_character_error,prescription_order,0.5,2,81.17140000831569,1,0,2,0,0,1,3,4
SYN-014-single_character_error,G014,test,single_character_error,prescription_order,0.75,3,81.47930000268389,3,0,0,0,0,0,4,4
SYN-014-single_character_error,G014,test,single_character_error,prescription_order,1.0,4,81.64540000871057,3,0,0,0,0,0,4,4
SYN-014-single_character_error,G014,test,single_character_error,uncertainty,0.0,0,80.64420000300743,0,0,3,0,0,2,2,4
SYN-014-single_character_error,G014,test,single_character_error,uncertainty,0.25,1,80.86760000878712,2,0,1,0,0,1,3,4
SYN-014-single_character_error,G014,test,single_character_error,uncertainty,0.5,2,81.05800000339514,3,0,0,0,0,0,4,4
SYN-014-single_character_error,G014,test,single_character_error,uncertainty,0.75,3,81.259400009003,3,0,0,0,0,0,4,4
SYN-014-single_character_error,G014,test,single_character_error,uncertainty,1.0,4,81.41490000707563,3,0,0,0,0,0,4,4
SYN-014-single_character_error,G014,test,single_character_error,impact,0.0,0,80.87460000388091,0,0,3,0,0,2,2,4
SYN-014-single_character_error,G014,test,single_character_error,impact,0.25,1,81.1905000009574,2,0,1,0,0,1,3,4
SYN-014-single_character_error,G014,test,single_character_error,impact,0.5,2,81.40230000572046,3,0,0,0,0,0,4,4
SYN-014-single_character_error,G014,test,single_character_error,impact,0.75,3,81.58900000125868,3,0,0,0,0,0,4,4
SYN-014-single_character_error,G014,test,single_character_error,impact,1.0,4,81.75490000576247,3,0,0,0,0,0,4,4
SYN-014-single_character_error,G014,test,single_character_error,impact_without_severity,0.0,0,80.69860000250628,0,0,3,0,0,2,2,4
SYN-014-single_character_error,G014,test,single_character_error,impact_without_severity,0.25,1,80.94740000524325,2,0,1,0,0,1,3,4
SYN-014-single_character_error,G014,test,single_character_error,impact_without_severity,0.5,2,81.15560000442201,3,0,0,0,0,0,4,4
SYN-014-single_character_error,G014,test,single_character_error,impact_without_severity,0.75,3,81.35600000241539,3,0,0,0,0,0,4,4
SYN-014-single_character_error,G014,test,single_character_error,impact_without_severity,1.0,4,81.51860000361921,3,0,0,0,0,0,4,4
SYN-014-single_character_error,G014,test,single_character_error,gold_upper_bound,0.0,4,81.34960000461433,3,0,0,0,0,0,4,4
SYN-014-single_character_error,G014,test,single_character_error,gold_upper_bound,0.25,4,81.34960000461433,3,0,0,0,0,0,4,4
SYN-014-single_character_error,G014,test,single_character_error,gold_upper_bound,0.5,4,81.34960000461433,3,0,0,0,0,0,4,4
SYN-014-single_character_error,G014,test,single_character_error,gold_upper_bound,0.75,4,81.34960000461433,3,0,0,0,0,0,4,4
SYN-014-single_character_error,G014,test,single_character_error,gold_upper_bound,1.0,4,81.34960000461433,3,0,0,0,0,0,4,4
SYN-014-mixed_corruption,G014,test,mixed_corruption,legacy_baseline,0.0,0,56.372300001385156,0,0,3,0,0,4,0,4
SYN-014-mixed_corruption,G014,test,mixed_corruption,legacy_baseline,0.25,0,56.372300001385156,0,0,3,0,0,4,0,4
SYN-014-mixed_corruption,G014,test,mixed_corruption,legacy_baseline,0.5,0,56.372300001385156,0,0,3,0,0,4,0,4
SYN-014-mixed_corruption,G014,test,mixed_corruption,legacy_baseline,0.75,0,56.372300001385156,0,0,3,0,0,4,0,4
SYN-014-mixed_corruption,G014,test,mixed_corruption,legacy_baseline,1.0,0,56.372300001385156,0,0,3,0,0,4,0,4
SYN-014-mixed_corruption,G014,test,mixed_corruption,corrected_baseline,0.0,0,55.936900003871415,0,0,3,0,0,4,0,4
SYN-014-mixed_corruption,G014,test,mixed_corruption,corrected_baseline,0.25,0,55.936900003871415,0,0,3,0,0,4,0,4
SYN-014-mixed_corruption,G014,test,mixed_corruption,corrected_baseline,0.5,0,55.936900003871415,0,0,3,0,0,4,0,4
SYN-014-mixed_corruption,G014,test,mixed_corruption,corrected_baseline,0.75,0,55.936900003871415,0,0,3,0,0,4,0,4
SYN-014-mixed_corruption,G014,test,mixed_corruption,corrected_baseline,1.0,0,55.936900003871415,0,0,3,0,0,4,0,4
SYN-014-mixed_corruption,G014,test,mixed_corruption,prescription_order,0.0,0,55.84239999734564,0,0,3,0,0,4,0,4
SYN-014-mixed_corruption,G014,test,mixed_corruption,prescription_order,0.25,1,56.097199994837865,0,0,3,0,0,3,1,4
SYN-014-mixed_corruption,G014,test,mixed_corruption,prescription_order,0.5,2,56.34039999858942,1,0,2,0,0,2,2,4
SYN-014-mixed_corruption,G014,test,mixed_corruption,prescription_order,0.75,3,56.61770000006072,1,0,2,0,0,1,3,4
SYN-014-mixed_corruption,G014,test,mixed_corruption,prescription_order,1.0,4,56.78030000126455,3,0,0,0,0,0,4,4
SYN-014-mixed_corruption,G014,test,mixed_corruption,uncertainty,0.0,0,55.811199999880046,0,0,3,0,0,4,0,4
SYN-014-mixed_corruption,G014,test,mixed_corruption,uncertainty,0.25,1,56.04029999813065,0,0,3,0,0,3,1,4
SYN-014-mixed_corruption,G014,test,mixed_corruption,uncertainty,0.5,2,56.200899998657405,1,0,2,0,0,2,2,4
SYN-014-mixed_corruption,G014,test,mixed_corruption,uncertainty,0.75,3,56.3516999973217,2,0,1,0,0,1,3,4
SYN-014-mixed_corruption,G014,test,mixed_corruption,uncertainty,1.0,4,56.50690000038594,3,0,0,0,0,0,4,4
SYN-014-mixed_corruption,G014,test,mixed_corruption,impact,0.0,0,55.803900002501905,0,0,3,0,0,4,0,4
SYN-014-mixed_corruption,G014,test,mixed_corruption,impact,0.25,1,56.01500000193482,0,0,3,0,0,3,1,4
SYN-014-mixed_corruption,G014,test,mixed_corruption,impact,0.5,2,56.160000000090804,1,0,2,0,0,2,2,4
SYN-014-mixed_corruption,G014,test,mixed_corruption,impact,0.75,3,56.302999997569714,2,0,1,0,0,1,3,4
SYN-014-mixed_corruption,G014,test,mixed_corruption,impact,1.0,4,56.43379999673925,3,0,0,0,0,0,4,4
SYN-014-mixed_corruption,G014,test,mixed_corruption,impact_without_severity,0.0,0,55.79129999387078,0,0,3,0,0,4,0,4
SYN-014-mixed_corruption,G014,test,mixed_corruption,impact_without_severity,0.25,1,56.07379999855766,0,0,3,0,0,3,1,4
SYN-014-mixed_corruption,G014,test,mixed_corruption,impact_without_severity,0.5,2,56.36459999368526,1,0,2,0,0,2,2,4
SYN-014-mixed_corruption,G014,test,mixed_corruption,impact_without_severity,0.75,3,56.59619999642018,2,0,1,0,0,1,3,4
SYN-014-mixed_corruption,G014,test,mixed_corruption,impact_without_severity,1.0,4,56.759699997201096,3,0,0,0,0,0,4,4
SYN-014-mixed_corruption,G014,test,mixed_corruption,gold_upper_bound,0.0,4,56.53570000140462,3,0,0,0,0,0,4,4
SYN-014-mixed_corruption,G014,test,mixed_corruption,gold_upper_bound,0.25,4,56.53570000140462,3,0,0,0,0,0,4,4
SYN-014-mixed_corruption,G014,test,mixed_corruption,gold_upper_bound,0.5,4,56.53570000140462,3,0,0,0,0,0,4,4
SYN-014-mixed_corruption,G014,test,mixed_corruption,gold_upper_bound,0.75,4,56.53570000140462,3,0,0,0,0,0,4,4
SYN-014-mixed_corruption,G014,test,mixed_corruption,gold_upper_bound,1.0,4,56.53570000140462,3,0,0,0,0,0,4,4
SYN-016-clean,G016,test,clean,legacy_baseline,0.0,0,0.6256999986362644,1,0,0,1,1,0,4,4
SYN-016-clean,G016,test,clean,legacy_baseline,0.25,0,0.6256999986362644,1,0,0,1,1,0,4,4
SYN-016-clean,G016,test,clean,legacy_baseline,0.5,0,0.6256999986362644,1,0,0,1,1,0,4,4
SYN-016-clean,G016,test,clean,legacy_baseline,0.75,0,0.6256999986362644,1,0,0,1,1,0,4,4
SYN-016-clean,G016,test,clean,legacy_baseline,1.0,0,0.6256999986362644,1,0,0,1,1,0,4,4
SYN-016-clean,G016,test,clean,corrected_baseline,0.0,0,0.27910000062547624,1,0,0,1,1,0,4,4
SYN-016-clean,G016,test,clean,corrected_baseline,0.25,0,0.27910000062547624,1,0,0,1,1,0,4,4
SYN-016-clean,G016,test,clean,corrected_baseline,0.5,0,0.27910000062547624,1,0,0,1,1,0,4,4
SYN-016-clean,G016,test,clean,corrected_baseline,0.75,0,0.27910000062547624,1,0,0,1,1,0,4,4
SYN-016-clean,G016,test,clean,corrected_baseline,1.0,0,0.27910000062547624,1,0,0,1,1,0,4,4
SYN-016-clean,G016,test,clean,prescription_order,0.0,0,0.20419999782461673,1,0,0,1,1,0,4,4
SYN-016-clean,G016,test,clean,prescription_order,0.25,1,0.3571999986888841,1,0,0,1,1,0,4,4
SYN-016-clean,G016,test,clean,prescription_order,0.5,2,0.4917999976896681,1,0,0,1,1,0,4,4
SYN-016-clean,G016,test,clean,prescription_order,0.75,3,0.6161999990581535,1,0,0,1,1,0,4,4
SYN-016-clean,G016,test,clean,prescription_order,1.0,4,0.724199999240227,1,0,0,1,1,0,4,4
SYN-016-clean,G016,test,clean,uncertainty,0.0,0,0.19699999393196777,1,0,0,1,1,0,4,4
SYN-016-clean,G016,test,clean,uncertainty,0.25,1,0.348599991411902,1,0,0,1,1,0,4,4
SYN-016-clean,G016,test,clean,uncertainty,0.5,2,0.4988999935449101,1,0,0,1,1,0,4,4
SYN-016-clean,G016,test,clean,uncertainty,0.75,3,0.6196999966050498,1,0,0,1,1,0,4,4
SYN-016-clean,G016,test,clean,uncertainty,1.0,4,0.7258999976329505,1,0,0,1,1,0,4,4
SYN-016-clean,G016,test,clean,impact,0.0,0,0.19889999384758994,1,0,0,1,1,0,4,4
SYN-016-clean,G016,test,clean,impact,0.25,1,0.3485999986878596,1,0,0,1,1,0,4,4
SYN-016-clean,G016,test,clean,impact,0.5,2,0.47649999760324135,1,0,0,1,1,0,4,4
SYN-016-clean,G016,test,clean,impact,0.75,3,0.5924999932176434,1,0,0,1,1,0,4,4
SYN-016-clean,G016,test,clean,impact,1.0,4,0.6959999955142848,1,0,0,1,1,0,4,4
SYN-016-clean,G016,test,clean,impact_without_severity,0.0,0,0.19489999249344692,1,0,0,1,1,0,4,4
SYN-016-clean,G016,test,clean,impact_without_severity,0.25,1,0.3436999977566302,1,0,0,1,1,0,4,4
SYN-016-clean,G016,test,clean,impact_without_severity,0.5,2,0.4718999989563599,1,0,0,1,1,0,4,4
SYN-016-clean,G016,test,clean,impact_without_severity,0.75,3,0.5878999945707619,1,0,0,1,1,0,4,4
SYN-016-clean,G016,test,clean,impact_without_severity,1.0,4,0.6921999956830405,1,0,0,1,1,0,4,4
SYN-016-clean,G016,test,clean,gold_upper_bound,0.0,4,0.7044000012683682,1,0,0,1,1,0,4,4
SYN-016-clean,G016,test,clean,gold_upper_bound,0.25,4,0.7044000012683682,1,0,0,1,1,0,4,4
SYN-016-clean,G016,test,clean,gold_upper_bound,0.5,4,0.7044000012683682,1,0,0,1,1,0,4,4
SYN-016-clean,G016,test,clean,gold_upper_bound,0.75,4,0.7044000012683682,1,0,0,1,1,0,4,4
SYN-016-clean,G016,test,clean,gold_upper_bound,1.0,4,0.7044000012683682,1,0,0,1,1,0,4,4
SYN-016-single_character_error,G016,test,single_character_error,legacy_baseline,0.0,0,58.88089999643853,0,0,1,0,1,2,2,4
SYN-016-single_character_error,G016,test,single_character_error,legacy_baseline,0.25,0,58.88089999643853,0,0,1,0,1,2,2,4
SYN-016-single_character_error,G016,test,single_character_error,legacy_baseline,0.5,0,58.88089999643853,0,0,1,0,1,2,2,4
SYN-016-single_character_error,G016,test,single_character_error,legacy_baseline,0.75,0,58.88089999643853,0,0,1,0,1,2,2,4
SYN-016-single_character_error,G016,test,single_character_error,legacy_baseline,1.0,0,58.88089999643853,0,0,1,0,1,2,2,4
SYN-016-single_character_error,G016,test,single_character_error,corrected_baseline,0.0,0,58.61709999589948,0,0,1,0,1,2,2,4
SYN-016-single_character_error,G016,test,single_character_error,corrected_baseline,0.25,0,58.61709999589948,0,0,1,0,1,2,2,4
SYN-016-single_character_error,G016,test,single_character_error,corrected_baseline,0.5,0,58.61709999589948,0,0,1,0,1,2,2,4
SYN-016-single_character_error,G016,test,single_character_error,corrected_baseline,0.75,0,58.61709999589948,0,0,1,0,1,2,2,4
SYN-016-single_character_error,G016,test,single_character_error,corrected_baseline,1.0,0,58.61709999589948,0,0,1,0,1,2,2,4
SYN-016-single_character_error,G016,test,single_character_error,prescription_order,0.0,0,58.450999997148756,0,0,1,0,1,2,2,4
SYN-016-single_character_error,G016,test,single_character_error,prescription_order,0.25,1,58.68719999853056,0,0,1,0,1,1,3,4
SYN-016-single_character_error,G016,test,single_character_error,prescription_order,0.5,2,58.859999997366685,0,0,1,0,1,1,3,4
SYN-016-single_character_error,G016,test,single_character_error,prescription_order,0.75,3,59.01769999763928,1,0,0,1,1,0,4,4
SYN-016-single_character_error,G016,test,single_character_error,prescription_order,1.0,4,59.135999996215105,1,0,0,1,1,0,4,4
SYN-016-single_character_error,G016,test,single_character_error,uncertainty,0.0,0,58.4960999985924,0,0,1,0,1,2,2,4
SYN-016-single_character_error,G016,test,single_character_error,uncertainty,0.25,1,58.69139999413164,0,0,1,0,1,1,3,4
SYN-016-single_character_error,G016,test,single_character_error,uncertainty,0.5,2,58.97089999780292,1,0,0,1,1,0,4,4
SYN-016-single_character_error,G016,test,single_character_error,uncertainty,0.75,3,59.20319999859203,1,0,0,1,1,0,4,4
SYN-016-single_character_error,G016,test,single_character_error,uncertainty,1.0,4,59.33649999496993,1,0,0,1,1,0,4,4
SYN-016-single_character_error,G016,test,single_character_error,impact,0.0,0,58.448399999178946,0,0,1,0,1,2,2,4
SYN-016-single_character_error,G016,test,single_character_error,impact,0.25,1,58.60760000359733,0,0,1,0,1,1,3,4
SYN-016-single_character_error,G016,test,single_character_error,impact,0.5,2,58.75419999938458,1,0,0,1,1,0,4,4
SYN-016-single_character_error,G016,test,single_character_error,impact,0.75,3,58.88009999762289,1,0,0,1,1,0,4,4
SYN-016-single_character_error,G016,test,single_character_error,impact,1.0,4,58.9927999972133,1,0,0,1,1,0,4,4
SYN-016-single_character_error,G016,test,single_character_error,impact_without_severity,0.0,0,58.436699997400865,0,0,1,0,1,2,2,4
SYN-016-single_character_error,G016,test,single_character_error,impact_without_severity,0.25,1,58.60399999801302,0,0,1,0,1,1,3,4
SYN-016-single_character_error,G016,test,single_character_error,impact_without_severity,0.5,2,58.74839999160031,1,0,0,1,1,0,4,4
SYN-016-single_character_error,G016,test,single_character_error,impact_without_severity,0.75,3,58.89079999178648,1,0,0,1,1,0,4,4
SYN-016-single_character_error,G016,test,single_character_error,impact_without_severity,1.0,4,59.000799992645625,1,0,0,1,1,0,4,4
SYN-016-single_character_error,G016,test,single_character_error,gold_upper_bound,0.0,4,58.92949999542907,1,0,0,1,1,0,4,4
SYN-016-single_character_error,G016,test,single_character_error,gold_upper_bound,0.25,4,58.92949999542907,1,0,0,1,1,0,4,4
SYN-016-single_character_error,G016,test,single_character_error,gold_upper_bound,0.5,4,58.92949999542907,1,0,0,1,1,0,4,4
SYN-016-single_character_error,G016,test,single_character_error,gold_upper_bound,0.75,4,58.92949999542907,1,0,0,1,1,0,4,4
SYN-016-single_character_error,G016,test,single_character_error,gold_upper_bound,1.0,4,58.92949999542907,1,0,0,1,1,0,4,4
SYN-016-mixed_corruption,G016,test,mixed_corruption,legacy_baseline,0.0,0,50.32719999871915,0,0,1,0,1,3,1,4
SYN-016-mixed_corruption,G016,test,mixed_corruption,legacy_baseline,0.25,0,50.32719999871915,0,0,1,0,1,3,1,4
SYN-016-mixed_corruption,G016,test,mixed_corruption,legacy_baseline,0.5,0,50.32719999871915,0,0,1,0,1,3,1,4
SYN-016-mixed_corruption,G016,test,mixed_corruption,legacy_baseline,0.75,0,50.32719999871915,0,0,1,0,1,3,1,4
SYN-016-mixed_corruption,G016,test,mixed_corruption,legacy_baseline,1.0,0,50.32719999871915,0,0,1,0,1,3,1,4
SYN-016-mixed_corruption,G016,test,mixed_corruption,corrected_baseline,0.0,0,50.43640000076266,0,0,1,0,1,3,1,4
SYN-016-mixed_corruption,G016,test,mixed_corruption,corrected_baseline,0.25,0,50.43640000076266,0,0,1,0,1,3,1,4
SYN-016-mixed_corruption,G016,test,mixed_corruption,corrected_baseline,0.5,0,50.43640000076266,0,0,1,0,1,3,1,4
SYN-016-mixed_corruption,G016,test,mixed_corruption,corrected_baseline,0.75,0,50.43640000076266,0,0,1,0,1,3,1,4
SYN-016-mixed_corruption,G016,test,mixed_corruption,corrected_baseline,1.0,0,50.43640000076266,0,0,1,0,1,3,1,4
SYN-016-mixed_corruption,G016,test,mixed_corruption,prescription_order,0.0,0,50.37000000447733,0,0,1,0,1,3,1,4
SYN-016-mixed_corruption,G016,test,mixed_corruption,prescription_order,0.25,1,50.65119999926537,0,0,1,0,1,2,2,4
SYN-016-mixed_corruption,G016,test,mixed_corruption,prescription_order,0.5,2,50.82100000436185,0,0,1,0,1,1,3,4
SYN-016-mixed_corruption,G016,test,mixed_corruption,prescription_order,0.75,3,50.98400000133552,1,0,0,1,1,0,4,4
SYN-016-mixed_corruption,G016,test,mixed_corruption,prescription_order,1.0,4,51.14200000389246,1,0,0,1,1,0,4,4
SYN-016-mixed_corruption,G016,test,mixed_corruption,uncertainty,0.0,0,49.99110000062501,0,0,1,0,1,3,1,4
SYN-016-mixed_corruption,G016,test,mixed_corruption,uncertainty,0.25,1,50.197800002933946,0,0,1,0,1,2,2,4
SYN-016-mixed_corruption,G016,test,mixed_corruption,uncertainty,0.5,2,50.33189999812748,0,0,1,0,1,1,3,4
SYN-016-mixed_corruption,G016,test,mixed_corruption,uncertainty,0.75,3,50.45860000245739,1,0,0,1,1,0,4,4
SYN-016-mixed_corruption,G016,test,mixed_corruption,uncertainty,1.0,4,50.56730000069365,1,0,0,1,1,0,4,4
SYN-016-mixed_corruption,G016,test,mixed_corruption,impact,0.0,0,50.026899996737484,0,0,1,0,1,3,1,4
SYN-016-mixed_corruption,G016,test,mixed_corruption,impact,0.25,1,50.24109999794746,0,0,1,0,1,2,2,4
SYN-016-mixed_corruption,G016,test,mixed_corruption,impact,0.5,2,50.4268000004231,1,0,0,1,1,1,3,4
SYN-016-mixed_corruption,G016,test,mixed_corruption,impact,0.75,3,50.56579999654787,1,0,0,1,1,0,4,4
SYN-016-mixed_corruption,G016,test,mixed_corruption,impact,1.0,4,50.679799998761155,1,0,0,1,1,0,4,4
SYN-016-mixed_corruption,G016,test,mixed_corruption,impact_without_severity,0.0,0,49.99669999961043,0,0,1,0,1,3,1,4
SYN-016-mixed_corruption,G016,test,mixed_corruption,impact_without_severity,0.25,1,50.19680000259541,0,0,1,0,1,2,2,4
SYN-016-mixed_corruption,G016,test,mixed_corruption,impact_without_severity,0.5,2,50.37630000151694,1,0,0,1,1,1,3,4
SYN-016-mixed_corruption,G016,test,mixed_corruption,impact_without_severity,0.75,3,50.582899995788466,1,0,0,1,1,0,4,4
SYN-016-mixed_corruption,G016,test,mixed_corruption,impact_without_severity,1.0,4,50.725599998258986,1,0,0,1,1,0,4,4
SYN-016-mixed_corruption,G016,test,mixed_corruption,gold_upper_bound,0.0,4,50.74949999834644,1,0,0,1,1,0,4,4
SYN-016-mixed_corruption,G016,test,mixed_corruption,gold_upper_bound,0.25,4,50.74949999834644,1,0,0,1,1,0,4,4
SYN-016-mixed_corruption,G016,test,mixed_corruption,gold_upper_bound,0.5,4,50.74949999834644,1,0,0,1,1,0,4,4
SYN-016-mixed_corruption,G016,test,mixed_corruption,gold_upper_bound,0.75,4,50.74949999834644,1,0,0,1,1,0,4,4
SYN-016-mixed_corruption,G016,test,mixed_corruption,gold_upper_bound,1.0,4,50.74949999834644,1,0,0,1,1,0,4,4
SYN-017-clean,G017,test,clean,legacy_baseline,0.0,0,0.7145999989006668,1,0,0,0,0,0,4,4
SYN-017-clean,G017,test,clean,legacy_baseline,0.25,0,0.7145999989006668,1,0,0,0,0,0,4,4
SYN-017-clean,G017,test,clean,legacy_baseline,0.5,0,0.7145999989006668,1,0,0,0,0,0,4,4
SYN-017-clean,G017,test,clean,legacy_baseline,0.75,0,0.7145999989006668,1,0,0,0,0,0,4,4
SYN-017-clean,G017,test,clean,legacy_baseline,1.0,0,0.7145999989006668,1,0,0,0,0,0,4,4
SYN-017-clean,G017,test,clean,corrected_baseline,0.0,0,0.28030000248691067,1,0,0,0,0,0,4,4
SYN-017-clean,G017,test,clean,corrected_baseline,0.25,0,0.28030000248691067,1,0,0,0,0,0,4,4
SYN-017-clean,G017,test,clean,corrected_baseline,0.5,0,0.28030000248691067,1,0,0,0,0,0,4,4
SYN-017-clean,G017,test,clean,corrected_baseline,0.75,0,0.28030000248691067,1,0,0,0,0,0,4,4
SYN-017-clean,G017,test,clean,corrected_baseline,1.0,0,0.28030000248691067,1,0,0,0,0,0,4,4
SYN-017-clean,G017,test,clean,prescription_order,0.0,0,0.20349999249447137,1,0,0,0,0,0,4,4
SYN-017-clean,G017,test,clean,prescription_order,0.25,1,0.3620999923441559,1,0,0,0,0,0,4,4
SYN-017-clean,G017,test,clean,prescription_order,0.5,2,0.5043999990448356,1,0,0,0,0,0,4,4
SYN-017-clean,G017,test,clean,prescription_order,0.75,3,0.6328999952529557,1,0,0,0,0,0,4,4
SYN-017-clean,G017,test,clean,prescription_order,1.0,4,0.742199998057913,1,0,0,0,0,0,4,4
SYN-017-clean,G017,test,clean,uncertainty,0.0,0,0.20479999511735514,1,0,0,0,0,0,4,4
SYN-017-clean,G017,test,clean,uncertainty,0.25,1,0.3693999969982542,1,0,0,0,0,0,4,4
SYN-017-clean,G017,test,clean,uncertainty,0.5,2,0.5196999918553047,1,0,0,0,0,0,4,4
SYN-017-clean,G017,test,clean,uncertainty,0.75,3,0.8108999973046593,1,0,0,0,0,0,4,4
SYN-017-clean,G017,test,clean,uncertainty,1.0,4,0.971099994785618,1,0,0,0,0,0,4,4
SYN-017-clean,G017,test,clean,impact,0.0,0,0.2680999969015829,1,0,0,0,0,0,4,4
SYN-017-clean,G017,test,clean,impact,0.25,1,0.4533000028459355,1,0,0,0,0,0,4,4
SYN-017-clean,G017,test,clean,impact,0.5,2,0.5944000004092231,1,0,0,0,0,0,4,4
SYN-017-clean,G017,test,clean,impact,0.75,3,0.7852999988244846,1,0,0,0,0,0,4,4
SYN-017-clean,G017,test,clean,impact,1.0,4,0.9292999966419302,1,0,0,0,0,0,4,4
SYN-017-clean,G017,test,clean,impact_without_severity,0.0,0,0.24399999529123306,1,0,0,0,0,0,4,4
SYN-017-clean,G017,test,clean,impact_without_severity,0.25,1,0.4090999937034212,1,0,0,0,0,0,4,4
SYN-017-clean,G017,test,clean,impact_without_severity,0.5,2,0.544699993042741,1,0,0,0,0,0,4,4
SYN-017-clean,G017,test,clean,impact_without_severity,0.75,3,0.6794999935664237,1,0,0,0,0,0,4,4
SYN-017-clean,G017,test,clean,impact_without_severity,1.0,4,0.7926999969640747,1,0,0,0,0,0,4,4
SYN-017-clean,G017,test,clean,gold_upper_bound,0.0,4,0.7119000001694076,1,0,0,0,0,0,4,4
SYN-017-clean,G017,test,clean,gold_upper_bound,0.25,4,0.7119000001694076,1,0,0,0,0,0,4,4
SYN-017-clean,G017,test,clean,gold_upper_bound,0.5,4,0.7119000001694076,1,0,0,0,0,0,4,4
SYN-017-clean,G017,test,clean,gold_upper_bound,0.75,4,0.7119000001694076,1,0,0,0,0,0,4,4
SYN-017-clean,G017,test,clean,gold_upper_bound,1.0,4,0.7119000001694076,1,0,0,0,0,0,4,4
SYN-017-single_character_error,G017,test,single_character_error,legacy_baseline,0.0,0,121.65640000603162,0,0,1,0,0,2,2,4
SYN-017-single_character_error,G017,test,single_character_error,legacy_baseline,0.25,0,121.65640000603162,0,0,1,0,0,2,2,4
SYN-017-single_character_error,G017,test,single_character_error,legacy_baseline,0.5,0,121.65640000603162,0,0,1,0,0,2,2,4
SYN-017-single_character_error,G017,test,single_character_error,legacy_baseline,0.75,0,121.65640000603162,0,0,1,0,0,2,2,4
SYN-017-single_character_error,G017,test,single_character_error,legacy_baseline,1.0,0,121.65640000603162,0,0,1,0,0,2,2,4
SYN-017-single_character_error,G017,test,single_character_error,corrected_baseline,0.0,0,121.57080000179121,0,0,1,0,0,2,2,4
SYN-017-single_character_error,G017,test,single_character_error,corrected_baseline,0.25,0,121.57080000179121,0,0,1,0,0,2,2,4
SYN-017-single_character_error,G017,test,single_character_error,corrected_baseline,0.5,0,121.57080000179121,0,0,1,0,0,2,2,4
SYN-017-single_character_error,G017,test,single_character_error,corrected_baseline,0.75,0,121.57080000179121,0,0,1,0,0,2,2,4
SYN-017-single_character_error,G017,test,single_character_error,corrected_baseline,1.0,0,121.57080000179121,0,0,1,0,0,2,2,4
SYN-017-single_character_error,G017,test,single_character_error,prescription_order,0.0,0,121.39310000202386,0,0,1,0,0,2,2,4
SYN-017-single_character_error,G017,test,single_character_error,prescription_order,0.25,1,121.61339999875054,1,0,0,0,0,1,3,4
SYN-017-single_character_error,G017,test,single_character_error,prescription_order,0.5,2,121.79570000444073,1,0,0,0,0,1,3,4
SYN-017-single_character_error,G017,test,single_character_error,prescription_order,0.75,3,121.9305999984499,1,0,0,0,0,0,4,4
SYN-017-single_character_error,G017,test,single_character_error,prescription_order,1.0,4,122.06249999871943,1,0,0,0,0,0,4,4
SYN-017-single_character_error,G017,test,single_character_error,uncertainty,0.0,0,121.30620000243653,0,0,1,0,0,2,2,4
SYN-017-single_character_error,G017,test,single_character_error,uncertainty,0.25,1,121.50510000356007,0,0,1,0,0,1,3,4
SYN-017-single_character_error,G017,test,single_character_error,uncertainty,0.5,2,121.64579999807756,1,0,0,0,0,0,4,4
SYN-017-single_character_error,G017,test,single_character_error,uncertainty,0.75,3,121.77150000206893,1,0,0,0,0,0,4,4
SYN-017-single_character_error,G017,test,single_character_error,uncertainty,1.0,4,121.88160000368953,1,0,0,0,0,0,4,4
SYN-017-single_character_error,G017,test,single_character_error,impact,0.0,0,121.3010999999824,0,0,1,0,0,2,2,4
SYN-017-single_character_error,G017,test,single_character_error,impact,0.25,1,121.51180000364548,1,0,0,0,0,1,3,4
SYN-017-single_character_error,G017,test,single_character_error,impact,0.5,2,121.6500000009546,1,0,0,0,0,0,4,4
SYN-017-single_character_error,G017,test,single_character_error,impact,0.75,3,121.77299999893876,1,0,0,0,0,0,4,4
SYN-017-single_character_error,G017,test,single_character_error,impact,1.0,4,121.87989999802085,1,0,0,0,0,0,4,4
SYN-017-single_character_error,G017,test,single_character_error,impact_without_severity,0.0,0,121.41300000075717,0,0,1,0,0,2,2,4
SYN-017-single_character_error,G017,test,single_character_error,impact_without_severity,0.25,1,121.74799999775132,1,0,0,0,0,1,3,4
SYN-017-single_character_error,G017,test,single_character_error,impact_without_severity,0.5,2,121.90849999751663,1,0,0,0,0,0,4,4
SYN-017-single_character_error,G017,test,single_character_error,impact_without_severity,0.75,3,122.04609999753302,1,0,0,0,0,0,4,4
SYN-017-single_character_error,G017,test,single_character_error,impact_without_severity,1.0,4,122.16510000143899,1,0,0,0,0,0,4,4
SYN-017-single_character_error,G017,test,single_character_error,gold_upper_bound,0.0,4,121.96209999819985,1,0,0,0,0,0,4,4
SYN-017-single_character_error,G017,test,single_character_error,gold_upper_bound,0.25,4,121.96209999819985,1,0,0,0,0,0,4,4
SYN-017-single_character_error,G017,test,single_character_error,gold_upper_bound,0.5,4,121.96209999819985,1,0,0,0,0,0,4,4
SYN-017-single_character_error,G017,test,single_character_error,gold_upper_bound,0.75,4,121.96209999819985,1,0,0,0,0,0,4,4
SYN-017-single_character_error,G017,test,single_character_error,gold_upper_bound,1.0,4,121.96209999819985,1,0,0,0,0,0,4,4
SYN-017-mixed_corruption,G017,test,mixed_corruption,legacy_baseline,0.0,0,56.49359999370063,0,0,1,0,0,3,1,4
SYN-017-mixed_corruption,G017,test,mixed_corruption,legacy_baseline,0.25,0,56.49359999370063,0,0,1,0,0,3,1,4
SYN-017-mixed_corruption,G017,test,mixed_corruption,legacy_baseline,0.5,0,56.49359999370063,0,0,1,0,0,3,1,4
SYN-017-mixed_corruption,G017,test,mixed_corruption,legacy_baseline,0.75,0,56.49359999370063,0,0,1,0,0,3,1,4
SYN-017-mixed_corruption,G017,test,mixed_corruption,legacy_baseline,1.0,0,56.49359999370063,0,0,1,0,0,3,1,4
SYN-017-mixed_corruption,G017,test,mixed_corruption,corrected_baseline,0.0,0,56.53549999988172,0,0,1,0,0,3,1,4
SYN-017-mixed_corruption,G017,test,mixed_corruption,corrected_baseline,0.25,0,56.53549999988172,0,0,1,0,0,3,1,4
SYN-017-mixed_corruption,G017,test,mixed_corruption,corrected_baseline,0.5,0,56.53549999988172,0,0,1,0,0,3,1,4
SYN-017-mixed_corruption,G017,test,mixed_corruption,corrected_baseline,0.75,0,56.53549999988172,0,0,1,0,0,3,1,4
SYN-017-mixed_corruption,G017,test,mixed_corruption,corrected_baseline,1.0,0,56.53549999988172,0,0,1,0,0,3,1,4
SYN-017-mixed_corruption,G017,test,mixed_corruption,prescription_order,0.0,0,56.4035999996122,0,0,1,0,0,3,1,4
SYN-017-mixed_corruption,G017,test,mixed_corruption,prescription_order,0.25,1,56.798199999320786,1,0,0,0,0,2,2,4
SYN-017-mixed_corruption,G017,test,mixed_corruption,prescription_order,0.5,2,57.01469999621622,1,0,0,0,0,1,3,4
SYN-017-mixed_corruption,G017,test,mixed_corruption,prescription_order,0.75,3,57.16989999928046,1,0,0,0,0,0,4,4
SYN-017-mixed_corruption,G017,test,mixed_corruption,prescription_order,1.0,4,57.29449999489589,1,0,0,0,0,0,4,4
SYN-017-mixed_corruption,G017,test,mixed_corruption,uncertainty,0.0,0,56.249299996125046,0,0,1,0,0,3,1,4
SYN-017-mixed_corruption,G017,test,mixed_corruption,uncertainty,0.25,1,56.58409999887226,0,0,1,0,0,2,2,4
SYN-017-mixed_corruption,G017,test,mixed_corruption,uncertainty,0.5,2,56.783799998811446,1,0,0,0,0,1,3,4
SYN-017-mixed_corruption,G017,test,mixed_corruption,uncertainty,0.75,3,56.924399999843445,1,0,0,0,0,0,4,4
SYN-017-mixed_corruption,G017,test,mixed_corruption,uncertainty,1.0,4,57.047599999350496,1,0,0,0,0,0,4,4
SYN-017-mixed_corruption,G017,test,mixed_corruption,impact,0.0,0,56.32630000036443,0,0,1,0,0,3,1,4
SYN-017-mixed_corruption,G017,test,mixed_corruption,impact,0.25,1,56.65719999524299,1,0,0,0,0,2,2,4
SYN-017-mixed_corruption,G017,test,mixed_corruption,impact,0.5,2,56.85109999467386,1,0,0,0,0,1,3,4
SYN-017-mixed_corruption,G017,test,mixed_corruption,impact,0.75,3,57.00409999553813,1,0,0,0,0,0,4,4
SYN-017-mixed_corruption,G017,test,mixed_corruption,impact,1.0,4,57.14439999428578,1,0,0,0,0,0,4,4
SYN-017-mixed_corruption,G017,test,mixed_corruption,impact_without_severity,0.0,0,56.29000000044471,0,0,1,0,0,3,1,4
SYN-017-mixed_corruption,G017,test,mixed_corruption,impact_without_severity,0.25,1,56.59580000065034,1,0,0,0,0,2,2,4
SYN-017-mixed_corruption,G017,test,mixed_corruption,impact_without_severity,0.5,2,56.778999998641666,1,0,0,0,0,1,3,4
SYN-017-mixed_corruption,G017,test,mixed_corruption,impact_without_severity,0.75,3,56.91359999764245,1,0,0,0,0,0,4,4
SYN-017-mixed_corruption,G017,test,mixed_corruption,impact_without_severity,1.0,4,57.03519999951823,1,0,0,0,0,0,4,4
SYN-017-mixed_corruption,G017,test,mixed_corruption,gold_upper_bound,0.0,4,57.106299995211884,1,0,0,0,0,0,4,4
SYN-017-mixed_corruption,G017,test,mixed_corruption,gold_upper_bound,0.25,4,57.106299995211884,1,0,0,0,0,0,4,4
SYN-017-mixed_corruption,G017,test,mixed_corruption,gold_upper_bound,0.5,4,57.106299995211884,1,0,0,0,0,0,4,4
SYN-017-mixed_corruption,G017,test,mixed_corruption,gold_upper_bound,0.75,4,57.106299995211884,1,0,0,0,0,0,4,4
SYN-017-mixed_corruption,G017,test,mixed_corruption,gold_upper_bound,1.0,4,57.106299995211884,1,0,0,0,0,0,4,4
SYN-018-clean,G018,test,clean,legacy_baseline,0.0,0,0.7422999988193624,3,0,0,2,2,0,4,4
SYN-018-clean,G018,test,clean,legacy_baseline,0.25,0,0.7422999988193624,3,0,0,2,2,0,4,4
SYN-018-clean,G018,test,clean,legacy_baseline,0.5,0,0.7422999988193624,3,0,0,2,2,0,4,4
SYN-018-clean,G018,test,clean,legacy_baseline,0.75,0,0.7422999988193624,3,0,0,2,2,0,4,4
SYN-018-clean,G018,test,clean,legacy_baseline,1.0,0,0.7422999988193624,3,0,0,2,2,0,4,4
SYN-018-clean,G018,test,clean,corrected_baseline,0.0,0,0.3361999988555908,3,0,0,2,2,0,4,4
SYN-018-clean,G018,test,clean,corrected_baseline,0.25,0,0.3361999988555908,3,0,0,2,2,0,4,4
SYN-018-clean,G018,test,clean,corrected_baseline,0.5,0,0.3361999988555908,3,0,0,2,2,0,4,4
SYN-018-clean,G018,test,clean,corrected_baseline,0.75,0,0.3361999988555908,3,0,0,2,2,0,4,4
SYN-018-clean,G018,test,clean,corrected_baseline,1.0,0,0.3361999988555908,3,0,0,2,2,0,4,4
SYN-018-clean,G018,test,clean,prescription_order,0.0,0,0.23430000146618113,3,0,0,2,2,0,4,4
SYN-018-clean,G018,test,clean,prescription_order,0.25,1,0.40669999725650996,3,0,0,2,2,0,4,4
SYN-018-clean,G018,test,clean,prescription_order,0.5,2,0.559899999643676,3,0,0,2,2,0,4,4
SYN-018-clean,G018,test,clean,prescription_order,0.75,3,0.7019999975454994,3,0,0,2,2,0,4,4
SYN-018-clean,G018,test,clean,prescription_order,1.0,4,0.8289999968837947,3,0,0,2,2,0,4,4
SYN-018-clean,G018,test,clean,uncertainty,0.0,0,0.22360000002663583,3,0,0,2,2,0,4,4
SYN-018-clean,G018,test,clean,uncertainty,0.25,1,0.4119000004720874,3,0,0,2,2,0,4,4
SYN-018-clean,G018,test,clean,uncertainty,0.5,2,0.5634999979520217,3,0,0,2,2,0,4,4
SYN-018-clean,G018,test,clean,uncertainty,0.75,3,0.6996000010985881,3,0,0,2,2,0,4,4
SYN-018-clean,G018,test,clean,uncertainty,1.0,4,0.8215999987442046,3,0,0,2,2,0,4,4
SYN-018-clean,G018,test,clean,impact,0.0,0,0.21779999951831996,3,0,0,2,2,0,4,4
SYN-018-clean,G018,test,clean,impact,0.25,1,0.38240000139921904,3,0,0,2,2,0,4,4
SYN-018-clean,G018,test,clean,impact,0.5,2,0.5280999976093881,3,0,0,2,2,0,4,4
SYN-018-clean,G018,test,clean,impact,0.75,3,0.6762999983038753,3,0,0,2,2,0,4,4
SYN-018-clean,G018,test,clean,impact,1.0,4,0.797100001364015,3,0,0,2,2,0,4,4
SYN-018-clean,G018,test,clean,impact_without_severity,0.0,0,0.2190000013797544,3,0,0,2,2,0,4,4
SYN-018-clean,G018,test,clean,impact_without_severity,0.25,1,0.3853999951388687,3,0,0,2,2,0,4,4
SYN-018-clean,G018,test,clean,impact_without_severity,0.5,2,0.5318999974406324,3,0,0,2,2,0,4,4
SYN-018-clean,G018,test,clean,impact_without_severity,0.75,3,0.6662999949185178,3,0,0,2,2,0,4,4
SYN-018-clean,G018,test,clean,impact_without_severity,1.0,4,0.7876999952713959,3,0,0,2,2,0,4,4
SYN-018-clean,G018,test,clean,gold_upper_bound,0.0,4,0.7785999987390824,3,0,0,2,2,0,4,4
SYN-018-clean,G018,test,clean,gold_upper_bound,0.25,4,0.7785999987390824,3,0,0,2,2,0,4,4
SYN-018-clean,G018,test,clean,gold_upper_bound,0.5,4,0.7785999987390824,3,0,0,2,2,0,4,4
SYN-018-clean,G018,test,clean,gold_upper_bound,0.75,4,0.7785999987390824,3,0,0,2,2,0,4,4
SYN-018-clean,G018,test,clean,gold_upper_bound,1.0,4,0.7785999987390824,3,0,0,2,2,0,4,4
SYN-018-single_character_error,G018,test,single_character_error,legacy_baseline,0.0,0,76.50319999811472,1,0,2,1,2,2,2,4
SYN-018-single_character_error,G018,test,single_character_error,legacy_baseline,0.25,0,76.50319999811472,1,0,2,1,2,2,2,4
SYN-018-single_character_error,G018,test,single_character_error,legacy_baseline,0.5,0,76.50319999811472,1,0,2,1,2,2,2,4
SYN-018-single_character_error,G018,test,single_character_error,legacy_baseline,0.75,0,76.50319999811472,1,0,2,1,2,2,2,4
SYN-018-single_character_error,G018,test,single_character_error,legacy_baseline,1.0,0,76.50319999811472,1,0,2,1,2,2,2,4
SYN-018-single_character_error,G018,test,single_character_error,corrected_baseline,0.0,0,76.41100000182632,1,0,2,1,2,2,2,4
SYN-018-single_character_error,G018,test,single_character_error,corrected_baseline,0.25,0,76.41100000182632,1,0,2,1,2,2,2,4
SYN-018-single_character_error,G018,test,single_character_error,corrected_baseline,0.5,0,76.41100000182632,1,0,2,1,2,2,2,4
SYN-018-single_character_error,G018,test,single_character_error,corrected_baseline,0.75,0,76.41100000182632,1,0,2,1,2,2,2,4
SYN-018-single_character_error,G018,test,single_character_error,corrected_baseline,1.0,0,76.41100000182632,1,0,2,1,2,2,2,4
SYN-018-single_character_error,G018,test,single_character_error,prescription_order,0.0,0,75.97820000228239,1,0,2,1,2,2,2,4
SYN-018-single_character_error,G018,test,single_character_error,prescription_order,0.25,1,76.45220000267727,2,0,1,2,2,1,3,4
SYN-018-single_character_error,G018,test,single_character_error,prescription_order,0.5,2,76.77050000347663,2,0,1,2,2,1,3,4
SYN-018-single_character_error,G018,test,single_character_error,prescription_order,0.75,3,77.02750000316883,3,0,0,2,2,0,4,4
SYN-018-single_character_error,G018,test,single_character_error,prescription_order,1.0,4,77.2477999998955,3,0,0,2,2,0,4,4
SYN-018-single_character_error,G018,test,single_character_error,uncertainty,0.0,0,75.91880000109086,1,0,2,1,2,2,2,4
SYN-018-single_character_error,G018,test,single_character_error,uncertainty,0.25,1,76.29689999885159,2,0,1,2,2,1,3,4
SYN-018-single_character_error,G018,test,single_character_error,uncertainty,0.5,2,76.56129999668337,3,0,0,2,2,0,4,4
SYN-018-single_character_error,G018,test,single_character_error,uncertainty,0.75,3,76.80229999823496,3,0,0,2,2,0,4,4
SYN-018-single_character_error,G018,test,single_character_error,uncertainty,1.0,4,77.01789999555331,3,0,0,2,2,0,4,4
SYN-018-single_character_error,G018,test,single_character_error,impact,0.0,0,75.92510000540642,1,0,2,1,2,2,2,4
SYN-018-single_character_error,G018,test,single_character_error,impact,0.25,1,76.27700000011828,2,0,1,2,2,1,3,4
SYN-018-single_character_error,G018,test,single_character_error,impact,0.5,2,76.55410000006668,3,0,0,2,2,0,4,4
SYN-018-single_character_error,G018,test,single_character_error,impact,0.75,3,76.78400000440888,3,0,0,2,2,0,4,4
SYN-018-single_character_error,G018,test,single_character_error,impact,1.0,4,76.98360000358662,3,0,0,2,2,0,4,4
SYN-018-single_character_error,G018,test,single_character_error,impact_without_severity,0.0,0,75.89130000269506,1,0,2,1,2,2,2,4
SYN-018-single_character_error,G018,test,single_character_error,impact_without_severity,0.25,1,76.21940000535687,2,0,1,2,2,1,3,4
SYN-018-single_character_error,G018,test,single_character_error,impact_without_severity,0.5,2,76.45590000174707,3,0,0,2,2,0,4,4
SYN-018-single_character_error,G018,test,single_character_error,impact_without_severity,0.75,3,76.7656000025454,3,0,0,2,2,0,4,4
SYN-018-single_character_error,G018,test,single_character_error,impact_without_severity,1.0,4,76.98340000206372,3,0,0,2,2,0,4,4
SYN-018-single_character_error,G018,test,single_character_error,gold_upper_bound,0.0,4,76.81210000737337,3,0,0,2,2,0,4,4
SYN-018-single_character_error,G018,test,single_character_error,gold_upper_bound,0.25,4,76.81210000737337,3,0,0,2,2,0,4,4
SYN-018-single_character_error,G018,test,single_character_error,gold_upper_bound,0.5,4,76.81210000737337,3,0,0,2,2,0,4,4
SYN-018-single_character_error,G018,test,single_character_error,gold_upper_bound,0.75,4,76.81210000737337,3,0,0,2,2,0,4,4
SYN-018-single_character_error,G018,test,single_character_error,gold_upper_bound,1.0,4,76.81210000737337,3,0,0,2,2,0,4,4
SYN-018-mixed_corruption,G018,test,mixed_corruption,legacy_baseline,0.0,0,75.10589999583317,0,0,3,0,2,3,1,4
SYN-018-mixed_corruption,G018,test,mixed_corruption,legacy_baseline,0.25,0,75.10589999583317,0,0,3,0,2,3,1,4
SYN-018-mixed_corruption,G018,test,mixed_corruption,legacy_baseline,0.5,0,75.10589999583317,0,0,3,0,2,3,1,4
SYN-018-mixed_corruption,G018,test,mixed_corruption,legacy_baseline,0.75,0,75.10589999583317,0,0,3,0,2,3,1,4
SYN-018-mixed_corruption,G018,test,mixed_corruption,legacy_baseline,1.0,0,75.10589999583317,0,0,3,0,2,3,1,4
SYN-018-mixed_corruption,G018,test,mixed_corruption,corrected_baseline,0.0,0,75.05509999464266,0,0,3,0,2,3,1,4
SYN-018-mixed_corruption,G018,test,mixed_corruption,corrected_baseline,0.25,0,75.05509999464266,0,0,3,0,2,3,1,4
SYN-018-mixed_corruption,G018,test,mixed_corruption,corrected_baseline,0.5,0,75.05509999464266,0,0,3,0,2,3,1,4
SYN-018-mixed_corruption,G018,test,mixed_corruption,corrected_baseline,0.75,0,75.05509999464266,0,0,3,0,2,3,1,4
SYN-018-mixed_corruption,G018,test,mixed_corruption,corrected_baseline,1.0,0,75.05509999464266,0,0,3,0,2,3,1,4
SYN-018-mixed_corruption,G018,test,mixed_corruption,prescription_order,0.0,0,74.76280000264524,0,0,3,0,2,3,1,4
SYN-018-mixed_corruption,G018,test,mixed_corruption,prescription_order,0.25,1,75.07669999904465,0,0,3,0,2,2,2,4
SYN-018-mixed_corruption,G018,test,mixed_corruption,prescription_order,0.5,2,75.30009999754839,2,0,1,2,2,1,3,4
SYN-018-mixed_corruption,G018,test,mixed_corruption,prescription_order,0.75,3,75.63189999928,3,0,0,2,2,0,4,4
SYN-018-mixed_corruption,G018,test,mixed_corruption,prescription_order,1.0,4,75.78749999811407,3,0,0,2,2,0,4,4
SYN-018-mixed_corruption,G018,test,mixed_corruption,uncertainty,0.0,0,74.77049999579322,0,0,3,0,2,3,1,4
SYN-018-mixed_corruption,G018,test,mixed_corruption,uncertainty,0.25,1,75.14629999786848,1,0,2,1,2,2,2,4
SYN-018-mixed_corruption,G018,test,mixed_corruption,uncertainty,0.5,2,75.37089999823365,2,0,1,2,2,1,3,4
SYN-018-mixed_corruption,G018,test,mixed_corruption,uncertainty,0.75,3,75.5455999969854,3,0,0,2,2,0,4,4
SYN-018-mixed_corruption,G018,test,mixed_corruption,uncertainty,1.0,4,75.68760000140173,3,0,0,2,2,0,4,4
SYN-018-mixed_corruption,G018,test,mixed_corruption,impact,0.0,0,74.80399999622023,0,0,3,0,2,3,1,4
SYN-018-mixed_corruption,G018,test,mixed_corruption,impact,0.25,1,75.11199999862583,1,0,2,1,2,2,2,4
SYN-018-mixed_corruption,G018,test,mixed_corruption,impact,0.5,2,75.3097999986494,2,0,1,2,2,1,3,4
SYN-018-mixed_corruption,G018,test,mixed_corruption,impact,0.75,3,75.46649999858346,3,0,0,2,2,0,4,4
SYN-018-mixed_corruption,G018,test,mixed_corruption,impact,1.0,4,75.60369999555405,3,0,0,2,2,0,4,4
SYN-018-mixed_corruption,G018,test,mixed_corruption,impact_without_severity,0.0,0,75.03859999997076,0,0,3,0,2,3,1,4
SYN-018-mixed_corruption,G018,test,mixed_corruption,impact_without_severity,0.25,1,75.31969999399735,1,0,2,1,2,2,2,4
SYN-018-mixed_corruption,G018,test,mixed_corruption,impact_without_severity,0.5,2,75.51369999418966,2,0,1,2,2,1,3,4
SYN-018-mixed_corruption,G018,test,mixed_corruption,impact_without_severity,0.75,3,75.66829999996116,3,0,0,2,2,0,4,4
SYN-018-mixed_corruption,G018,test,mixed_corruption,impact_without_severity,1.0,4,75.80099999904633,3,0,0,2,2,0,4,4
SYN-018-mixed_corruption,G018,test,mixed_corruption,gold_upper_bound,0.0,4,75.60579999699257,3,0,0,2,2,0,4,4
SYN-018-mixed_corruption,G018,test,mixed_corruption,gold_upper_bound,0.25,4,75.60579999699257,3,0,0,2,2,0,4,4
SYN-018-mixed_corruption,G018,test,mixed_corruption,gold_upper_bound,0.5,4,75.60579999699257,3,0,0,2,2,0,4,4
SYN-018-mixed_corruption,G018,test,mixed_corruption,gold_upper_bound,0.75,4,75.60579999699257,3,0,0,2,2,0,4,4
SYN-018-mixed_corruption,G018,test,mixed_corruption,gold_upper_bound,1.0,4,75.60579999699257,3,0,0,2,2,0,4,4
SYN-019-clean,G019,test,clean,legacy_baseline,0.0,0,0.7079999995767139,1,0,0,0,0,0,4,4
SYN-019-clean,G019,test,clean,legacy_baseline,0.25,0,0.7079999995767139,1,0,0,0,0,0,4,4
SYN-019-clean,G019,test,clean,legacy_baseline,0.5,0,0.7079999995767139,1,0,0,0,0,0,4,4
SYN-019-clean,G019,test,clean,legacy_baseline,0.75,0,0.7079999995767139,1,0,0,0,0,0,4,4
SYN-019-clean,G019,test,clean,legacy_baseline,1.0,0,0.7079999995767139,1,0,0,0,0,0,4,4
SYN-019-clean,G019,test,clean,corrected_baseline,0.0,0,0.2952999930130318,1,0,0,0,0,0,4,4
SYN-019-clean,G019,test,clean,corrected_baseline,0.25,0,0.2952999930130318,1,0,0,0,0,0,4,4
SYN-019-clean,G019,test,clean,corrected_baseline,0.5,0,0.2952999930130318,1,0,0,0,0,0,4,4
SYN-019-clean,G019,test,clean,corrected_baseline,0.75,0,0.2952999930130318,1,0,0,0,0,0,4,4
SYN-019-clean,G019,test,clean,corrected_baseline,1.0,0,0.2952999930130318,1,0,0,0,0,0,4,4
SYN-019-clean,G019,test,clean,prescription_order,0.0,0,0.2167999991797842,1,0,0,0,0,0,4,4
SYN-019-clean,G019,test,clean,prescription_order,0.25,1,0.3676999986055307,1,0,0,0,0,0,4,4
SYN-019-clean,G019,test,clean,prescription_order,0.5,2,0.5029000021750107,1,0,0,0,0,0,4,4
SYN-019-clean,G019,test,clean,prescription_order,0.75,3,0.6240000002435409,1,0,0,0,0,0,4,4
SYN-019-clean,G019,test,clean,prescription_order,1.0,4,0.7297000047401525,1,0,0,0,0,0,4,4
SYN-019-clean,G019,test,clean,uncertainty,0.0,0,0.2103000006172806,1,0,0,0,0,0,4,4
SYN-019-clean,G019,test,clean,uncertainty,0.25,1,0.3615000023273751,1,0,0,0,0,0,4,4
SYN-019-clean,G019,test,clean,uncertainty,0.5,2,0.4912000003969297,1,0,0,0,0,0,4,4
SYN-019-clean,G019,test,clean,uncertainty,0.75,3,0.6080000021029264,1,0,0,0,0,0,4,4
SYN-019-clean,G019,test,clean,uncertainty,1.0,4,0.73079999856418,1,0,0,0,0,0,4,4
SYN-019-clean,G019,test,clean,impact,0.0,0,0.21320000087143853,1,0,0,0,0,0,4,4
SYN-019-clean,G019,test,clean,impact,0.25,1,0.36080000427318737,1,0,0,0,0,0,4,4
SYN-019-clean,G019,test,clean,impact,0.5,2,0.4906000031041913,1,0,0,0,0,0,4,4
SYN-019-clean,G019,test,clean,impact,0.75,3,0.607599999057129,1,0,0,0,0,0,4,4
SYN-019-clean,G019,test,clean,impact,1.0,4,0.7133000035537407,1,0,0,0,0,0,4,4
SYN-019-clean,G019,test,clean,impact_without_severity,0.0,0,0.2201999959652312,1,0,0,0,0,0,4,4
SYN-019-clean,G019,test,clean,impact_without_severity,0.25,1,0.37779999547638,1,0,0,0,0,0,4,4
SYN-019-clean,G019,test,clean,impact_without_severity,0.5,2,0.5119999987073243,1,0,0,0,0,0,4,4
SYN-019-clean,G019,test,clean,impact_without_severity,0.75,3,0.6335999933071434,1,0,0,0,0,0,4,4
SYN-019-clean,G019,test,clean,impact_without_severity,1.0,4,0.7414999927277677,1,0,0,0,0,0,4,4
SYN-019-clean,G019,test,clean,gold_upper_bound,0.0,4,0.934600000618957,1,0,0,0,0,0,4,4
SYN-019-clean,G019,test,clean,gold_upper_bound,0.25,4,0.934600000618957,1,0,0,0,0,0,4,4
SYN-019-clean,G019,test,clean,gold_upper_bound,0.5,4,0.934600000618957,1,0,0,0,0,0,4,4
SYN-019-clean,G019,test,clean,gold_upper_bound,0.75,4,0.934600000618957,1,0,0,0,0,0,4,4
SYN-019-clean,G019,test,clean,gold_upper_bound,1.0,4,0.934600000618957,1,0,0,0,0,0,4,4
SYN-019-single_character_error,G019,test,single_character_error,legacy_baseline,0.0,0,69.19329999800539,0,0,1,0,0,2,2,4
SYN-019-single_character_error,G019,test,single_character_error,legacy_baseline,0.25,0,69.19329999800539,0,0,1,0,0,2,2,4
SYN-019-single_character_error,G019,test,single_character_error,legacy_baseline,0.5,0,69.19329999800539,0,0,1,0,0,2,2,4
SYN-019-single_character_error,G019,test,single_character_error,legacy_baseline,0.75,0,69.19329999800539,0,0,1,0,0,2,2,4
SYN-019-single_character_error,G019,test,single_character_error,legacy_baseline,1.0,0,69.19329999800539,0,0,1,0,0,2,2,4
SYN-019-single_character_error,G019,test,single_character_error,corrected_baseline,0.0,0,69.19449999986682,0,0,1,0,0,2,2,4
SYN-019-single_character_error,G019,test,single_character_error,corrected_baseline,0.25,0,69.19449999986682,0,0,1,0,0,2,2,4
SYN-019-single_character_error,G019,test,single_character_error,corrected_baseline,0.5,0,69.19449999986682,0,0,1,0,0,2,2,4
SYN-019-single_character_error,G019,test,single_character_error,corrected_baseline,0.75,0,69.19449999986682,0,0,1,0,0,2,2,4
SYN-019-single_character_error,G019,test,single_character_error,corrected_baseline,1.0,0,69.19449999986682,0,0,1,0,0,2,2,4
SYN-019-single_character_error,G019,test,single_character_error,prescription_order,0.0,0,69.03250000323169,0,0,1,0,0,2,2,4
SYN-019-single_character_error,G019,test,single_character_error,prescription_order,0.25,1,69.24720000097295,0,0,1,0,0,1,3,4
SYN-019-single_character_error,G019,test,single_character_error,prescription_order,0.5,2,69.4156000026851,0,0,1,0,0,1,3,4
SYN-019-single_character_error,G019,test,single_character_error,prescription_order,0.75,3,69.55730000481708,1,0,0,0,0,0,4,4
SYN-019-single_character_error,G019,test,single_character_error,prescription_order,1.0,4,69.67360000271583,1,0,0,0,0,0,4,4
SYN-019-single_character_error,G019,test,single_character_error,uncertainty,0.0,0,68.84590000117896,0,0,1,0,0,2,2,4
SYN-019-single_character_error,G019,test,single_character_error,uncertainty,0.25,1,69.04239999857964,0,0,1,0,0,1,3,4
SYN-019-single_character_error,G019,test,single_character_error,uncertainty,0.5,2,69.18679999944288,1,0,0,0,0,0,4,4
SYN-019-single_character_error,G019,test,single_character_error,uncertainty,0.75,3,69.31600000098115,1,0,0,0,0,0,4,4
SYN-019-single_character_error,G019,test,single_character_error,uncertainty,1.0,4,69.42780000099447,1,0,0,0,0,0,4,4
SYN-019-single_character_error,G019,test,single_character_error,impact,0.0,0,69.17149999935646,0,0,1,0,0,2,2,4
SYN-019-single_character_error,G019,test,single_character_error,impact,0.25,1,69.3773999955738,0,0,1,0,0,1,3,4
SYN-019-single_character_error,G019,test,single_character_error,impact,0.5,2,69.52589999855263,1,0,0,0,0,0,4,4
SYN-019-single_character_error,G019,test,single_character_error,impact,0.75,3,69.65309999941383,1,0,0,0,0,0,4,4
SYN-019-single_character_error,G019,test,single_character_error,impact,1.0,4,69.76149999536574,1,0,0,0,0,0,4,4
SYN-019-single_character_error,G019,test,single_character_error,impact_without_severity,0.0,0,68.84000000718515,0,0,1,0,0,2,2,4
SYN-019-single_character_error,G019,test,single_character_error,impact_without_severity,0.25,1,69.03080000483897,0,0,1,0,0,1,3,4
SYN-019-single_character_error,G019,test,single_character_error,impact_without_severity,0.5,2,69.17010000324808,1,0,0,0,0,0,4,4
SYN-019-single_character_error,G019,test,single_character_error,impact_without_severity,0.75,3,69.29450000461657,1,0,0,0,0,0,4,4
SYN-019-single_character_error,G019,test,single_character_error,impact_without_severity,1.0,4,69.40450000547571,1,0,0,0,0,0,4,4
SYN-019-single_character_error,G019,test,single_character_error,gold_upper_bound,0.0,4,69.39609999972163,1,0,0,0,0,0,4,4
SYN-019-single_character_error,G019,test,single_character_error,gold_upper_bound,0.25,4,69.39609999972163,1,0,0,0,0,0,4,4
SYN-019-single_character_error,G019,test,single_character_error,gold_upper_bound,0.5,4,69.39609999972163,1,0,0,0,0,0,4,4
SYN-019-single_character_error,G019,test,single_character_error,gold_upper_bound,0.75,4,69.39609999972163,1,0,0,0,0,0,4,4
SYN-019-single_character_error,G019,test,single_character_error,gold_upper_bound,1.0,4,69.39609999972163,1,0,0,0,0,0,4,4
SYN-019-mixed_corruption,G019,test,mixed_corruption,legacy_baseline,0.0,0,97.71879999607336,0,0,1,0,0,3,1,4
SYN-019-mixed_corruption,G019,test,mixed_corruption,legacy_baseline,0.25,0,97.71879999607336,0,0,1,0,0,3,1,4
SYN-019-mixed_corruption,G019,test,mixed_corruption,legacy_baseline,0.5,0,97.71879999607336,0,0,1,0,0,3,1,4
SYN-019-mixed_corruption,G019,test,mixed_corruption,legacy_baseline,0.75,0,97.71879999607336,0,0,1,0,0,3,1,4
SYN-019-mixed_corruption,G019,test,mixed_corruption,legacy_baseline,1.0,0,97.71879999607336,0,0,1,0,0,3,1,4
SYN-019-mixed_corruption,G019,test,mixed_corruption,corrected_baseline,0.0,0,97.8530999927898,0,0,1,0,0,3,1,4
SYN-019-mixed_corruption,G019,test,mixed_corruption,corrected_baseline,0.25,0,97.8530999927898,0,0,1,0,0,3,1,4
SYN-019-mixed_corruption,G019,test,mixed_corruption,corrected_baseline,0.5,0,97.8530999927898,0,0,1,0,0,3,1,4
SYN-019-mixed_corruption,G019,test,mixed_corruption,corrected_baseline,0.75,0,97.8530999927898,0,0,1,0,0,3,1,4
SYN-019-mixed_corruption,G019,test,mixed_corruption,corrected_baseline,1.0,0,97.8530999927898,0,0,1,0,0,3,1,4
SYN-019-mixed_corruption,G019,test,mixed_corruption,prescription_order,0.0,0,97.64259999064961,0,0,1,0,0,3,1,4
SYN-019-mixed_corruption,G019,test,mixed_corruption,prescription_order,0.25,1,97.93639999406878,0,0,1,0,0,2,2,4
SYN-019-mixed_corruption,G019,test,mixed_corruption,prescription_order,0.5,2,98.10459999425802,0,0,1,0,0,1,3,4
SYN-019-mixed_corruption,G019,test,mixed_corruption,prescription_order,0.75,3,98.24409999419004,1,0,0,0,0,0,4,4
SYN-019-mixed_corruption,G019,test,mixed_corruption,prescription_order,1.0,4,98.36309999082005,1,0,0,0,0,0,4,4
SYN-019-mixed_corruption,G019,test,mixed_corruption,uncertainty,0.0,0,97.40289999172091,0,0,1,0,0,3,1,4
SYN-019-mixed_corruption,G019,test,mixed_corruption,uncertainty,0.25,1,97.66249999665888,0,0,1,0,0,2,2,4
SYN-019-mixed_corruption,G019,test,mixed_corruption,uncertainty,0.5,2,97.83499999321066,1,0,0,0,0,1,3,4
SYN-019-mixed_corruption,G019,test,mixed_corruption,uncertainty,0.75,3,97.97489999618847,1,0,0,0,0,0,4,4
SYN-019-mixed_corruption,G019,test,mixed_corruption,uncertainty,1.0,4,98.08989999146434,1,0,0,0,0,0,4,4
SYN-019-mixed_corruption,G019,test,mixed_corruption,impact,0.0,0,97.49369999190094,0,0,1,0,0,3,1,4
SYN-019-mixed_corruption,G019,test,mixed_corruption,impact,0.25,1,97.7500999943004,0,0,1,0,0,2,2,4
SYN-019-mixed_corruption,G019,test,mixed_corruption,impact,0.5,2,97.91529999347404,1,0,0,0,0,1,3,4
SYN-019-mixed_corruption,G019,test,mixed_corruption,impact,0.75,3,98.05759999289876,1,0,0,0,0,0,4,4
SYN-019-mixed_corruption,G019,test,mixed_corruption,impact,1.0,4,98.16919999138918,1,0,0,0,0,0,4,4
SYN-019-mixed_corruption,G019,test,mixed_corruption,impact_without_severity,0.0,0,97.59879999182886,0,0,1,0,0,3,1,4
SYN-019-mixed_corruption,G019,test,mixed_corruption,impact_without_severity,0.25,1,97.90139999677194,0,0,1,0,0,2,2,4
SYN-019-mixed_corruption,G019,test,mixed_corruption,impact_without_severity,0.5,2,98.11179999087472,1,0,0,0,0,1,3,4
SYN-019-mixed_corruption,G019,test,mixed_corruption,impact_without_severity,0.75,3,98.26009999233065,1,0,0,0,0,0,4,4
SYN-019-mixed_corruption,G019,test,mixed_corruption,impact_without_severity,1.0,4,98.38289999606786,1,0,0,0,0,0,4,4
SYN-019-mixed_corruption,G019,test,mixed_corruption,gold_upper_bound,0.0,4,98.23239999968791,1,0,0,0,0,0,4,4
SYN-019-mixed_corruption,G019,test,mixed_corruption,gold_upper_bound,0.25,4,98.23239999968791,1,0,0,0,0,0,4,4
SYN-019-mixed_corruption,G019,test,mixed_corruption,gold_upper_bound,0.5,4,98.23239999968791,1,0,0,0,0,0,4,4
SYN-019-mixed_corruption,G019,test,mixed_corruption,gold_upper_bound,0.75,4,98.23239999968791,1,0,0,0,0,0,4,4
SYN-019-mixed_corruption,G019,test,mixed_corruption,gold_upper_bound,1.0,4,98.23239999968791,1,0,0,0,0,0,4,4
SYN-021-clean,G021,test,clean,legacy_baseline,0.0,0,0.851099997817073,5,0,0,0,0,0,4,4
SYN-021-clean,G021,test,clean,legacy_baseline,0.25,0,0.851099997817073,5,0,0,0,0,0,4,4
SYN-021-clean,G021,test,clean,legacy_baseline,0.5,0,0.851099997817073,5,0,0,0,0,0,4,4
SYN-021-clean,G021,test,clean,legacy_baseline,0.75,0,0.851099997817073,5,0,0,0,0,0,4,4
SYN-021-clean,G021,test,clean,legacy_baseline,1.0,0,0.851099997817073,5,0,0,0,0,0,4,4
SYN-021-clean,G021,test,clean,corrected_baseline,0.0,0,0.42019999818876386,5,0,0,0,0,0,4,4
SYN-021-clean,G021,test,clean,corrected_baseline,0.25,0,0.42019999818876386,5,0,0,0,0,0,4,4
SYN-021-clean,G021,test,clean,corrected_baseline,0.5,0,0.42019999818876386,5,0,0,0,0,0,4,4
SYN-021-clean,G021,test,clean,corrected_baseline,0.75,0,0.42019999818876386,5,0,0,0,0,0,4,4
SYN-021-clean,G021,test,clean,corrected_baseline,1.0,0,0.42019999818876386,5,0,0,0,0,0,4,4
SYN-021-clean,G021,test,clean,prescription_order,0.0,0,0.24110000231303275,5,0,0,0,0,0,4,4
SYN-021-clean,G021,test,clean,prescription_order,0.25,1,0.4302000015741214,5,0,0,0,0,0,4,4
SYN-021-clean,G021,test,clean,prescription_order,0.5,2,0.6769000028725713,5,0,0,0,0,0,4,4
SYN-021-clean,G021,test,clean,prescription_order,0.75,3,0.8490000036545098,5,0,0,0,0,0,4,4
SYN-021-clean,G021,test,clean,prescription_order,1.0,4,0.9962000040104613,5,0,0,0,0,0,4,4
SYN-021-clean,G021,test,clean,uncertainty,0.0,0,0.23610000062035397,5,0,0,0,0,0,4,4
SYN-021-clean,G021,test,clean,uncertainty,0.25,1,0.4291000004741363,5,0,0,0,0,0,4,4
SYN-021-clean,G021,test,clean,uncertainty,0.5,2,0.5988999982946552,5,0,0,0,0,0,4,4
SYN-021-clean,G021,test,clean,uncertainty,0.75,3,0.7616000002599321,5,0,0,0,0,0,4,4
SYN-021-clean,G021,test,clean,uncertainty,1.0,4,0.9244999964721501,5,0,0,0,0,0,4,4
SYN-021-clean,G021,test,clean,impact,0.0,0,0.24419999681413174,5,0,0,0,0,0,4,4
SYN-021-clean,G021,test,clean,impact,0.25,1,0.4322000022511929,5,0,0,0,0,0,4,4
SYN-021-clean,G021,test,clean,impact,0.5,2,0.5994000021019019,5,0,0,0,0,0,4,4
SYN-021-clean,G021,test,clean,impact,0.75,3,0.752799998736009,5,0,0,0,0,0,4,4
SYN-021-clean,G021,test,clean,impact,1.0,4,0.8933999997680075,5,0,0,0,0,0,4,4
SYN-021-clean,G021,test,clean,impact_without_severity,0.0,0,0.23180000425782055,5,0,0,0,0,0,4,4
SYN-021-clean,G021,test,clean,impact_without_severity,0.25,1,0.4229000041959807,5,0,0,0,0,0,4,4
SYN-021-clean,G021,test,clean,impact_without_severity,0.5,2,0.5897000010008924,5,0,0,0,0,0,4,4
SYN-021-clean,G021,test,clean,impact_without_severity,0.75,3,0.7447000025422312,5,0,0,0,0,0,4,4
SYN-021-clean,G021,test,clean,impact_without_severity,1.0,4,0.8873000042513013,5,0,0,0,0,0,4,4
SYN-021-clean,G021,test,clean,gold_upper_bound,0.0,4,0.986300001386553,5,0,0,0,0,0,4,4
SYN-021-clean,G021,test,clean,gold_upper_bound,0.25,4,0.986300001386553,5,0,0,0,0,0,4,4
SYN-021-clean,G021,test,clean,gold_upper_bound,0.5,4,0.986300001386553,5,0,0,0,0,0,4,4
SYN-021-clean,G021,test,clean,gold_upper_bound,0.75,4,0.986300001386553,5,0,0,0,0,0,4,4
SYN-021-clean,G021,test,clean,gold_upper_bound,1.0,4,0.986300001386553,5,0,0,0,0,0,4,4
SYN-021-single_character_error,G021,test,single_character_error,legacy_baseline,0.0,0,49.54420000285609,1,0,4,0,0,2,2,4
SYN-021-single_character_error,G021,test,single_character_error,legacy_baseline,0.25,0,49.54420000285609,1,0,4,0,0,2,2,4
SYN-021-single_character_error,G021,test,single_character_error,legacy_baseline,0.5,0,49.54420000285609,1,0,4,0,0,2,2,4
SYN-021-single_character_error,G021,test,single_character_error,legacy_baseline,0.75,0,49.54420000285609,1,0,4,0,0,2,2,4
SYN-021-single_character_error,G021,test,single_character_error,legacy_baseline,1.0,0,49.54420000285609,1,0,4,0,0,2,2,4
SYN-021-single_character_error,G021,test,single_character_error,corrected_baseline,0.0,0,49.38830000173766,1,0,4,0,0,2,2,4
SYN-021-single_character_error,G021,test,single_character_error,corrected_baseline,0.25,0,49.38830000173766,1,0,4,0,0,2,2,4
SYN-021-single_character_error,G021,test,single_character_error,corrected_baseline,0.5,0,49.38830000173766,1,0,4,0,0,2,2,4
SYN-021-single_character_error,G021,test,single_character_error,corrected_baseline,0.75,0,49.38830000173766,1,0,4,0,0,2,2,4
SYN-021-single_character_error,G021,test,single_character_error,corrected_baseline,1.0,0,49.38830000173766,1,0,4,0,0,2,2,4
SYN-021-single_character_error,G021,test,single_character_error,prescription_order,0.0,0,49.13930000475375,1,0,4,0,0,2,2,4
SYN-021-single_character_error,G021,test,single_character_error,prescription_order,0.25,1,49.37830000562826,3,0,2,0,0,1,3,4
SYN-021-single_character_error,G021,test,single_character_error,prescription_order,0.5,2,49.578300007851794,3,0,2,0,0,1,3,4
SYN-021-single_character_error,G021,test,single_character_error,prescription_order,0.75,3,49.7799000077066,5,0,0,0,0,0,4,4
SYN-021-single_character_error,G021,test,single_character_error,prescription_order,1.0,4,50.04200000257697,5,0,0,0,0,0,4,4
SYN-021-single_character_error,G021,test,single_character_error,uncertainty,0.0,0,49.172000006365124,1,0,4,0,0,2,2,4
SYN-021-single_character_error,G021,test,single_character_error,uncertainty,0.25,1,49.44430000614375,2,0,3,0,0,1,3,4
SYN-021-single_character_error,G021,test,single_character_error,uncertainty,0.5,2,49.641300007351674,5,0,0,0,0,0,4,4
SYN-021-single_character_error,G021,test,single_character_error,uncertainty,0.75,3,49.810300006356556,5,0,0,0,0,0,4,4
SYN-021-single_character_error,G021,test,single_character_error,uncertainty,1.0,4,49.95990000315942,5,0,0,0,0,0,4,4
SYN-021-single_character_error,G021,test,single_character_error,impact,0.0,0,49.13240000314545,1,0,4,0,0,2,2,4
SYN-021-single_character_error,G021,test,single_character_error,impact,0.25,1,49.36100000486476,3,0,2,0,0,1,3,4
SYN-021-single_character_error,G021,test,single_character_error,impact,0.5,2,49.53880000539357,5,0,0,0,0,0,4,4
SYN-021-single_character_error,G021,test,single_character_error,impact,0.75,3,49.71950000617653,5,0,0,0,0,0,4,4
SYN-021-single_character_error,G021,test,single_character_error,impact,1.0,4,49.86670000653248,5,0,0,0,0,0,4,4
SYN-021-single_character_error,G021,test,single_character_error,impact_without_severity,0.0,0,49.11069999798201,1,0,4,0,0,2,2,4
SYN-021-single_character_error,G021,test,single_character_error,impact_without_severity,0.25,1,49.33560000063153,3,0,2,0,0,1,3,4
SYN-021-single_character_error,G021,test,single_character_error,impact_without_severity,0.5,2,49.515400001837406,5,0,0,0,0,0,4,4
SYN-021-single_character_error,G021,test,single_character_error,impact_without_severity,0.75,3,49.684800003888085,5,0,0,0,0,0,4,4
SYN-021-single_character_error,G021,test,single_character_error,impact_without_severity,1.0,4,49.84620000323048,5,0,0,0,0,0,4,4
SYN-021-single_character_error,G021,test,single_character_error,gold_upper_bound,0.0,4,49.82620000373572,5,0,0,0,0,0,4,4
SYN-021-single_character_error,G021,test,single_character_error,gold_upper_bound,0.25,4,49.82620000373572,5,0,0,0,0,0,4,4
SYN-021-single_character_error,G021,test,single_character_error,gold_upper_bound,0.5,4,49.82620000373572,5,0,0,0,0,0,4,4
SYN-021-single_character_error,G021,test,single_character_error,gold_upper_bound,0.75,4,49.82620000373572,5,0,0,0,0,0,4,4
SYN-021-single_character_error,G021,test,single_character_error,gold_upper_bound,1.0,4,49.82620000373572,5,0,0,0,0,0,4,4
SYN-021-mixed_corruption,G021,test,mixed_corruption,legacy_baseline,0.0,0,57.018799998331815,0,0,5,0,0,4,0,4
SYN-021-mixed_corruption,G021,test,mixed_corruption,legacy_baseline,0.25,0,57.018799998331815,0,0,5,0,0,4,0,4
SYN-021-mixed_corruption,G021,test,mixed_corruption,legacy_baseline,0.5,0,57.018799998331815,0,0,5,0,0,4,0,4
SYN-021-mixed_corruption,G021,test,mixed_corruption,legacy_baseline,0.75,0,57.018799998331815,0,0,5,0,0,4,0,4
SYN-021-mixed_corruption,G021,test,mixed_corruption,legacy_baseline,1.0,0,57.018799998331815,0,0,5,0,0,4,0,4
SYN-021-mixed_corruption,G021,test,mixed_corruption,corrected_baseline,0.0,0,56.82320000050822,0,0,5,0,0,4,0,4
SYN-021-mixed_corruption,G021,test,mixed_corruption,corrected_baseline,0.25,0,56.82320000050822,0,0,5,0,0,4,0,4
SYN-021-mixed_corruption,G021,test,mixed_corruption,corrected_baseline,0.5,0,56.82320000050822,0,0,5,0,0,4,0,4
SYN-021-mixed_corruption,G021,test,mixed_corruption,corrected_baseline,0.75,0,56.82320000050822,0,0,5,0,0,4,0,4
SYN-021-mixed_corruption,G021,test,mixed_corruption,corrected_baseline,1.0,0,56.82320000050822,0,0,5,0,0,4,0,4
SYN-021-mixed_corruption,G021,test,mixed_corruption,prescription_order,0.0,0,56.87680000119144,0,0,5,0,0,4,0,4
SYN-021-mixed_corruption,G021,test,mixed_corruption,prescription_order,0.25,1,57.3391000070842,0,0,5,0,0,3,1,4
SYN-021-mixed_corruption,G021,test,mixed_corruption,prescription_order,0.5,2,58.29730000550626,1,0,4,0,0,2,2,4
SYN-021-mixed_corruption,G021,test,mixed_corruption,prescription_order,0.75,3,58.49760000273818,3,0,2,0,0,1,3,4
SYN-021-mixed_corruption,G021,test,mixed_corruption,prescription_order,1.0,4,58.663400006480515,5,0,0,0,0,0,4,4
SYN-021-mixed_corruption,G021,test,mixed_corruption,uncertainty,0.0,0,56.530000001657754,0,0,5,0,0,4,0,4
SYN-021-mixed_corruption,G021,test,mixed_corruption,uncertainty,0.25,1,56.86250000871951,0,0,5,0,0,3,1,4
SYN-021-mixed_corruption,G021,test,mixed_corruption,uncertainty,0.5,2,57.180100004188716,1,0,4,0,0,2,2,4
SYN-021-mixed_corruption,G021,test,mixed_corruption,uncertainty,0.75,3,57.349500006239396,2,0,3,0,0,1,3,4
SYN-021-mixed_corruption,G021,test,mixed_corruption,uncertainty,1.0,4,57.50260000786511,5,0,0,0,0,0,4,4
SYN-021-mixed_corruption,G021,test,mixed_corruption,impact,0.0,0,56.49719999928493,0,0,5,0,0,4,0,4
SYN-021-mixed_corruption,G021,test,mixed_corruption,impact,0.25,1,56.82350000279257,0,0,5,0,0,3,1,4
SYN-021-mixed_corruption,G021,test,mixed_corruption,impact,0.5,2,57.02559999917867,1,0,4,0,0,2,2,4
SYN-021-mixed_corruption,G021,test,mixed_corruption,impact,0.75,3,57.274600003438536,3,0,2,0,0,1,3,4
SYN-021-mixed_corruption,G021,test,mixed_corruption,impact,1.0,4,57.44060000142781,5,0,0,0,0,0,4,4
SYN-021-mixed_corruption,G021,test,mixed_corruption,impact_without_severity,0.0,0,56.51870000292547,0,0,5,0,0,4,0,4
SYN-021-mixed_corruption,G021,test,mixed_corruption,impact_without_severity,0.25,1,56.87230000330601,0,0,5,0,0,3,1,4
SYN-021-mixed_corruption,G021,test,mixed_corruption,impact_without_severity,0.5,2,57.100600002740975,1,0,4,0,0,2,2,4
SYN-021-mixed_corruption,G021,test,mixed_corruption,impact_without_severity,0.75,3,57.356500008609146,3,0,2,0,0,1,3,4
SYN-021-mixed_corruption,G021,test,mixed_corruption,impact_without_severity,1.0,4,57.51960000634426,5,0,0,0,0,0,4,4
SYN-021-mixed_corruption,G021,test,mixed_corruption,gold_upper_bound,0.0,4,57.58310000237543,5,0,0,0,0,0,4,4
SYN-021-mixed_corruption,G021,test,mixed_corruption,gold_upper_bound,0.25,4,57.58310000237543,5,0,0,0,0,0,4,4
SYN-021-mixed_corruption,G021,test,mixed_corruption,gold_upper_bound,0.5,4,57.58310000237543,5,0,0,0,0,0,4,4
SYN-021-mixed_corruption,G021,test,mixed_corruption,gold_upper_bound,0.75,4,57.58310000237543,5,0,0,0,0,0,4,4
SYN-021-mixed_corruption,G021,test,mixed_corruption,gold_upper_bound,1.0,4,57.58310000237543,5,0,0,0,0,0,4,4
SYN-022-clean,G022,test,clean,legacy_baseline,0.0,0,0.6588999967789277,4,0,0,1,1,0,4,4
SYN-022-clean,G022,test,clean,legacy_baseline,0.25,0,0.6588999967789277,4,0,0,1,1,0,4,4
SYN-022-clean,G022,test,clean,legacy_baseline,0.5,0,0.6588999967789277,4,0,0,1,1,0,4,4
SYN-022-clean,G022,test,clean,legacy_baseline,0.75,0,0.6588999967789277,4,0,0,1,1,0,4,4
SYN-022-clean,G022,test,clean,legacy_baseline,1.0,0,0.6588999967789277,4,0,0,1,1,0,4,4
SYN-022-clean,G022,test,clean,corrected_baseline,0.0,0,0.36579999868990853,4,0,0,1,1,0,4,4
SYN-022-clean,G022,test,clean,corrected_baseline,0.25,0,0.36579999868990853,4,0,0,1,1,0,4,4
SYN-022-clean,G022,test,clean,corrected_baseline,0.5,0,0.36579999868990853,4,0,0,1,1,0,4,4
SYN-022-clean,G022,test,clean,corrected_baseline,0.75,0,0.36579999868990853,4,0,0,1,1,0,4,4
SYN-022-clean,G022,test,clean,corrected_baseline,1.0,0,0.36579999868990853,4,0,0,1,1,0,4,4
SYN-022-clean,G022,test,clean,prescription_order,0.0,0,0.23220000002766028,4,0,0,1,1,0,4,4
SYN-022-clean,G022,test,clean,prescription_order,0.25,1,0.4130000015720725,4,0,0,1,1,0,4,4
SYN-022-clean,G022,test,clean,prescription_order,0.5,2,0.5793000018456951,4,0,0,1,1,0,4,4
SYN-022-clean,G022,test,clean,prescription_order,0.75,3,0.7289999994100071,4,0,0,1,1,0,4,4
SYN-022-clean,G022,test,clean,prescription_order,1.0,4,0.8648000002722256,4,0,0,1,1,0,4,4
SYN-022-clean,G022,test,clean,uncertainty,0.0,0,0.23820000205887482,4,0,0,1,1,0,4,4
SYN-022-clean,G022,test,clean,uncertainty,0.25,1,0.41929999861167744,4,0,0,1,1,0,4,4
SYN-022-clean,G022,test,clean,uncertainty,0.5,2,0.5764999950770289,4,0,0,1,1,0,4,4
SYN-022-clean,G022,test,clean,uncertainty,0.75,3,0.7232999996631406,4,0,0,1,1,0,4,4
SYN-022-clean,G022,test,clean,uncertainty,1.0,4,0.8573000013711862,4,0,0,1,1,0,4,4
SYN-022-clean,G022,test,clean,impact,0.0,0,0.23689999943599105,4,0,0,1,1,0,4,4
SYN-022-clean,G022,test,clean,impact,0.25,1,0.41760000021895394,4,0,0,1,1,0,4,4
SYN-022-clean,G022,test,clean,impact,0.5,2,0.5755000020144507,4,0,0,1,1,0,4,4
SYN-022-clean,G022,test,clean,impact,0.75,3,0.719700001354795,4,0,0,1,1,0,4,4
SYN-022-clean,G022,test,clean,impact,1.0,4,0.8530999984941445,4,0,0,1,1,0,4,4
SYN-022-clean,G022,test,clean,impact_without_severity,0.0,0,0.2241000038338825,4,0,0,1,1,0,4,4
SYN-022-clean,G022,test,clean,impact_without_severity,0.25,1,0.4039999985252507,4,0,0,1,1,0,4,4
SYN-022-clean,G022,test,clean,impact_without_severity,0.5,2,0.5613000030280091,4,0,0,1,1,0,4,4
SYN-022-clean,G022,test,clean,impact_without_severity,0.75,3,0.708799998392351,4,0,0,1,1,0,4,4
SYN-022-clean,G022,test,clean,impact_without_severity,1.0,4,0.8425999985774979,4,0,0,1,1,0,4,4
SYN-022-clean,G022,test,clean,gold_upper_bound,0.0,4,0.8430000016232952,4,0,0,1,1,0,4,4
SYN-022-clean,G022,test,clean,gold_upper_bound,0.25,4,0.8430000016232952,4,0,0,1,1,0,4,4
SYN-022-clean,G022,test,clean,gold_upper_bound,0.5,4,0.8430000016232952,4,0,0,1,1,0,4,4
SYN-022-clean,G022,test,clean,gold_upper_bound,0.75,4,0.8430000016232952,4,0,0,1,1,0,4,4
SYN-022-clean,G022,test,clean,gold_upper_bound,1.0,4,0.8430000016232952,4,0,0,1,1,0,4,4
SYN-022-single_character_error,G022,test,single_character_error,legacy_baseline,0.0,0,71.58630000049016,1,0,3,0,1,2,2,4
SYN-022-single_character_error,G022,test,single_character_error,legacy_baseline,0.25,0,71.58630000049016,1,0,3,0,1,2,2,4
SYN-022-single_character_error,G022,test,single_character_error,legacy_baseline,0.5,0,71.58630000049016,1,0,3,0,1,2,2,4
SYN-022-single_character_error,G022,test,single_character_error,legacy_baseline,0.75,0,71.58630000049016,1,0,3,0,1,2,2,4
SYN-022-single_character_error,G022,test,single_character_error,legacy_baseline,1.0,0,71.58630000049016,1,0,3,0,1,2,2,4
SYN-022-single_character_error,G022,test,single_character_error,corrected_baseline,0.0,0,71.7263999977149,1,0,3,0,1,2,2,4
SYN-022-single_character_error,G022,test,single_character_error,corrected_baseline,0.25,0,71.7263999977149,1,0,3,0,1,2,2,4
SYN-022-single_character_error,G022,test,single_character_error,corrected_baseline,0.5,0,71.7263999977149,1,0,3,0,1,2,2,4
SYN-022-single_character_error,G022,test,single_character_error,corrected_baseline,0.75,0,71.7263999977149,1,0,3,0,1,2,2,4
SYN-022-single_character_error,G022,test,single_character_error,corrected_baseline,1.0,0,71.7263999977149,1,0,3,0,1,2,2,4
SYN-022-single_character_error,G022,test,single_character_error,prescription_order,0.0,0,71.21899999765446,1,0,3,0,1,2,2,4
SYN-022-single_character_error,G022,test,single_character_error,prescription_order,0.25,1,71.45529999979772,3,0,1,1,1,1,3,4
SYN-022-single_character_error,G022,test,single_character_error,prescription_order,0.5,2,71.66679999500047,3,0,1,1,1,1,3,4
SYN-022-single_character_error,G022,test,single_character_error,prescription_order,0.75,3,71.857099996123,4,0,0,1,1,0,4,4
SYN-022-single_character_error,G022,test,single_character_error,prescription_order,1.0,4,72.0526000004611,4,0,0,1,1,0,4,4
SYN-022-single_character_error,G022,test,single_character_error,uncertainty,0.0,0,71.20649999706075,1,0,3,0,1,2,2,4
SYN-022-single_character_error,G022,test,single_character_error,uncertainty,0.25,1,71.43129999894882,2,0,2,0,1,1,3,4
SYN-022-single_character_error,G022,test,single_character_error,uncertainty,0.5,2,71.60149999981513,4,0,0,1,1,0,4,4
SYN-022-single_character_error,G022,test,single_character_error,uncertainty,0.75,3,71.75699999788776,4,0,0,1,1,0,4,4
SYN-022-single_character_error,G022,test,single_character_error,uncertainty,1.0,4,71.90179999452084,4,0,0,1,1,0,4,4
SYN-022-single_character_error,G022,test,single_character_error,impact,0.0,0,71.21850000112318,1,0,3,0,1,2,2,4
SYN-022-single_character_error,G022,test,single_character_error,impact,0.25,1,71.45859999582171,3,0,1,1,1,1,3,4
SYN-022-single_character_error,G022,test,single_character_error,impact,0.5,2,71.64129999728175,4,0,0,1,1,0,4,4
SYN-022-single_character_error,G022,test,single_character_error,impact,0.75,3,71.7949999962002,4,0,0,1,1,0,4,4
SYN-022-single_character_error,G022,test,single_character_error,impact,1.0,4,71.93499999993946,4,0,0,1,1,0,4,4
SYN-022-single_character_error,G022,test,single_character_error,impact_without_severity,0.0,0,71.1957999956212,1,0,3,0,1,2,2,4
SYN-022-single_character_error,G022,test,single_character_error,impact_without_severity,0.25,1,71.42169999860926,3,0,1,1,1,1,3,4
SYN-022-single_character_error,G022,test,single_character_error,impact_without_severity,0.5,2,71.58769999659853,4,0,0,1,1,0,4,4
SYN-022-single_character_error,G022,test,single_character_error,impact_without_severity,0.75,3,71.74139999551699,4,0,0,1,1,0,4,4
SYN-022-single_character_error,G022,test,single_character_error,impact_without_severity,1.0,4,71.88299999688752,4,0,0,1,1,0,4,4
SYN-022-single_character_error,G022,test,single_character_error,gold_upper_bound,0.0,4,71.88080000196351,4,0,0,1,1,0,4,4
SYN-022-single_character_error,G022,test,single_character_error,gold_upper_bound,0.25,4,71.88080000196351,4,0,0,1,1,0,4,4
SYN-022-single_character_error,G022,test,single_character_error,gold_upper_bound,0.5,4,71.88080000196351,4,0,0,1,1,0,4,4
SYN-022-single_character_error,G022,test,single_character_error,gold_upper_bound,0.75,4,71.88080000196351,4,0,0,1,1,0,4,4
SYN-022-single_character_error,G022,test,single_character_error,gold_upper_bound,1.0,4,71.88080000196351,4,0,0,1,1,0,4,4
SYN-022-mixed_corruption,G022,test,mixed_corruption,legacy_baseline,0.0,0,62.041999997745734,0,0,4,0,1,3,1,4
SYN-022-mixed_corruption,G022,test,mixed_corruption,legacy_baseline,0.25,0,62.041999997745734,0,0,4,0,1,3,1,4
SYN-022-mixed_corruption,G022,test,mixed_corruption,legacy_baseline,0.5,0,62.041999997745734,0,0,4,0,1,3,1,4
SYN-022-mixed_corruption,G022,test,mixed_corruption,legacy_baseline,0.75,0,62.041999997745734,0,0,4,0,1,3,1,4
SYN-022-mixed_corruption,G022,test,mixed_corruption,legacy_baseline,1.0,0,62.041999997745734,0,0,4,0,1,3,1,4
SYN-022-mixed_corruption,G022,test,mixed_corruption,corrected_baseline,0.0,0,61.862899994594045,0,0,4,0,1,3,1,4
SYN-022-mixed_corruption,G022,test,mixed_corruption,corrected_baseline,0.25,0,61.862899994594045,0,0,4,0,1,3,1,4
SYN-022-mixed_corruption,G022,test,mixed_corruption,corrected_baseline,0.5,0,61.862899994594045,0,0,4,0,1,3,1,4
SYN-022-mixed_corruption,G022,test,mixed_corruption,corrected_baseline,0.75,0,61.862899994594045,0,0,4,0,1,3,1,4
SYN-022-mixed_corruption,G022,test,mixed_corruption,corrected_baseline,1.0,0,61.862899994594045,0,0,4,0,1,3,1,4
SYN-022-mixed_corruption,G022,test,mixed_corruption,prescription_order,0.0,0,61.738900003547315,0,0,4,0,1,3,1,4
SYN-022-mixed_corruption,G022,test,mixed_corruption,prescription_order,0.25,1,62.077900001895614,1,0,3,0,1,2,2,4
SYN-022-mixed_corruption,G022,test,mixed_corruption,prescription_order,0.5,2,62.28840000403579,3,0,1,1,1,1,3,4
SYN-022-mixed_corruption,G022,test,mixed_corruption,prescription_order,0.75,3,62.457899999571964,4,0,0,1,1,0,4,4
SYN-022-mixed_corruption,G022,test,mixed_corruption,prescription_order,1.0,4,62.60450000263518,4,0,0,1,1,0,4,4
SYN-022-mixed_corruption,G022,test,mixed_corruption,uncertainty,0.0,0,61.65189999592258,0,0,4,0,1,3,1,4
SYN-022-mixed_corruption,G022,test,mixed_corruption,uncertainty,0.25,1,61.93609999900218,1,0,3,0,1,2,2,4
SYN-022-mixed_corruption,G022,test,mixed_corruption,uncertainty,0.5,2,62.12219999724766,2,0,2,0,1,1,3,4
SYN-022-mixed_corruption,G022,test,mixed_corruption,uncertainty,0.75,3,62.28059999557445,4,0,0,1,1,0,4,4
SYN-022-mixed_corruption,G022,test,mixed_corruption,uncertainty,1.0,4,62.42539999948349,4,0,0,1,1,0,4,4
SYN-022-mixed_corruption,G022,test,mixed_corruption,impact,0.0,0,61.739099997794256,0,0,4,0,1,3,1,4
SYN-022-mixed_corruption,G022,test,mixed_corruption,impact,0.25,1,62.02539999503642,1,0,3,0,1,2,2,4
SYN-022-mixed_corruption,G022,test,mixed_corruption,impact,0.5,2,62.21989999903599,3,0,1,1,1,1,3,4
SYN-022-mixed_corruption,G022,test,mixed_corruption,impact,0.75,3,62.38160000066273,4,0,0,1,1,0,4,4
SYN-022-mixed_corruption,G022,test,mixed_corruption,impact,1.0,4,62.52219999441877,4,0,0,1,1,0,4,4
SYN-022-mixed_corruption,G022,test,mixed_corruption,impact_without_severity,0.0,0,61.70290000591194,0,0,4,0,1,3,1,4
SYN-022-mixed_corruption,G022,test,mixed_corruption,impact_without_severity,0.25,1,61.98410000069998,1,0,3,0,1,2,2,4
SYN-022-mixed_corruption,G022,test,mixed_corruption,impact_without_severity,0.5,2,62.184000002162065,3,0,1,1,1,1,3,4
SYN-022-mixed_corruption,G022,test,mixed_corruption,impact_without_severity,0.75,3,62.34460000268882,4,0,0,1,1,0,4,4
SYN-022-mixed_corruption,G022,test,mixed_corruption,impact_without_severity,1.0,4,62.486800001352094,4,0,0,1,1,0,4,4
SYN-022-mixed_corruption,G022,test,mixed_corruption,gold_upper_bound,0.0,4,62.457200001517776,4,0,0,1,1,0,4,4
SYN-022-mixed_corruption,G022,test,mixed_corruption,gold_upper_bound,0.25,4,62.457200001517776,4,0,0,1,1,0,4,4
SYN-022-mixed_corruption,G022,test,mixed_corruption,gold_upper_bound,0.5,4,62.457200001517776,4,0,0,1,1,0,4,4
SYN-022-mixed_corruption,G022,test,mixed_corruption,gold_upper_bound,0.75,4,62.457200001517776,4,0,0,1,1,0,4,4
SYN-022-mixed_corruption,G022,test,mixed_corruption,gold_upper_bound,1.0,4,62.457200001517776,4,0,0,1,1,0,4,4
SYN-023-clean,G023,test,clean,legacy_baseline,0.0,0,0.5899999960092828,1,0,0,0,0,0,4,4
SYN-023-clean,G023,test,clean,legacy_baseline,0.25,0,0.5899999960092828,1,0,0,0,0,0,4,4
SYN-023-clean,G023,test,clean,legacy_baseline,0.5,0,0.5899999960092828,1,0,0,0,0,0,4,4
SYN-023-clean,G023,test,clean,legacy_baseline,0.75,0,0.5899999960092828,1,0,0,0,0,0,4,4
SYN-023-clean,G023,test,clean,legacy_baseline,1.0,0,0.5899999960092828,1,0,0,0,0,0,4,4
SYN-023-clean,G023,test,clean,corrected_baseline,0.0,0,0.2657999939401634,1,0,0,0,0,0,4,4
SYN-023-clean,G023,test,clean,corrected_baseline,0.25,0,0.2657999939401634,1,0,0,0,0,0,4,4
SYN-023-clean,G023,test,clean,corrected_baseline,0.5,0,0.2657999939401634,1,0,0,0,0,0,4,4
SYN-023-clean,G023,test,clean,corrected_baseline,0.75,0,0.2657999939401634,1,0,0,0,0,0,4,4
SYN-023-clean,G023,test,clean,corrected_baseline,1.0,0,0.2657999939401634,1,0,0,0,0,0,4,4
SYN-023-clean,G023,test,clean,prescription_order,0.0,0,0.1979000007850118,1,0,0,0,0,0,4,4
SYN-023-clean,G023,test,clean,prescription_order,0.25,1,0.34609999420354143,1,0,0,0,0,0,4,4
SYN-023-clean,G023,test,clean,prescription_order,0.5,2,0.4794999986188486,1,0,0,0,0,0,4,4
SYN-023-clean,G023,test,clean,prescription_order,0.75,3,0.5977999971946701,1,0,0,0,0,0,4,4
SYN-023-clean,G023,test,clean,prescription_order,1.0,4,0.7010999979684129,1,0,0,0,0,0,4,4
SYN-023-clean,G023,test,clean,uncertainty,0.0,0,0.19219999376218766,1,0,0,0,0,0,4,4
SYN-023-clean,G023,test,clean,uncertainty,0.25,1,0.3409999990253709,1,0,0,0,0,0,4,4
SYN-023-clean,G023,test,clean,uncertainty,0.5,2,0.4695999959949404,1,0,0,0,0,0,4,4
SYN-023-clean,G023,test,clean,uncertainty,0.75,3,0.5856999923707917,1,0,0,0,0,0,4,4
SYN-023-clean,G023,test,clean,uncertainty,1.0,4,0.6900999942445196,1,0,0,0,0,0,4,4
SYN-023-clean,G023,test,clean,impact,0.0,0,0.1919999995152466,1,0,0,0,0,0,4,4
SYN-023-clean,G023,test,clean,impact,0.25,1,0.3507000001263805,1,0,0,0,0,0,4,4
SYN-023-clean,G023,test,clean,impact,0.5,2,0.5766999965999275,1,0,0,0,0,0,4,4
SYN-023-clean,G023,test,clean,impact,0.75,3,0.7569000008516014,1,0,0,0,0,0,4,4
SYN-023-clean,G023,test,clean,impact,1.0,4,0.8871000027284026,1,0,0,0,0,0,4,4
SYN-023-clean,G023,test,clean,impact_without_severity,0.0,0,0.21739999647252262,1,0,0,0,0,0,4,4
SYN-023-clean,G023,test,clean,impact_without_severity,0.25,1,0.37369999336078763,1,0,0,0,0,0,4,4
SYN-023-clean,G023,test,clean,impact_without_severity,0.5,2,0.5136999971000478,1,0,0,0,0,0,4,4
SYN-023-clean,G023,test,clean,impact_without_severity,0.75,3,0.643299994408153,1,0,0,0,0,0,4,4
SYN-023-clean,G023,test,clean,impact_without_severity,1.0,4,0.7493999946746044,1,0,0,0,0,0,4,4
SYN-023-clean,G023,test,clean,gold_upper_bound,0.0,4,0.9175999948638491,1,0,0,0,0,0,4,4
SYN-023-clean,G023,test,clean,gold_upper_bound,0.25,4,0.9175999948638491,1,0,0,0,0,0,4,4
SYN-023-clean,G023,test,clean,gold_upper_bound,0.5,4,0.9175999948638491,1,0,0,0,0,0,4,4
SYN-023-clean,G023,test,clean,gold_upper_bound,0.75,4,0.9175999948638491,1,0,0,0,0,0,4,4
SYN-023-clean,G023,test,clean,gold_upper_bound,1.0,4,0.9175999948638491,1,0,0,0,0,0,4,4
SYN-023-single_character_error,G023,test,single_character_error,legacy_baseline,0.0,0,73.14639999822248,0,0,1,0,0,2,2,4
SYN-023-single_character_error,G023,test,single_character_error,legacy_baseline,0.25,0,73.14639999822248,0,0,1,0,0,2,2,4
SYN-023-single_character_error,G023,test,single_character_error,legacy_baseline,0.5,0,73.14639999822248,0,0,1,0,0,2,2,4
SYN-023-single_character_error,G023,test,single_character_error,legacy_baseline,0.75,0,73.14639999822248,0,0,1,0,0,2,2,4
SYN-023-single_character_error,G023,test,single_character_error,legacy_baseline,1.0,0,73.14639999822248,0,0,1,0,0,2,2,4
SYN-023-single_character_error,G023,test,single_character_error,corrected_baseline,0.0,0,72.89229999878444,0,0,1,0,0,2,2,4
SYN-023-single_character_error,G023,test,single_character_error,corrected_baseline,0.25,0,72.89229999878444,0,0,1,0,0,2,2,4
SYN-023-single_character_error,G023,test,single_character_error,corrected_baseline,0.5,0,72.89229999878444,0,0,1,0,0,2,2,4
SYN-023-single_character_error,G023,test,single_character_error,corrected_baseline,0.75,0,72.89229999878444,0,0,1,0,0,2,2,4
SYN-023-single_character_error,G023,test,single_character_error,corrected_baseline,1.0,0,72.89229999878444,0,0,1,0,0,2,2,4
SYN-023-single_character_error,G023,test,single_character_error,prescription_order,0.0,0,72.5252999982331,0,0,1,0,0,2,2,4
SYN-023-single_character_error,G023,test,single_character_error,prescription_order,0.25,1,72.72569999622647,0,0,1,0,0,1,3,4
SYN-023-single_character_error,G023,test,single_character_error,prescription_order,0.5,2,72.97379999363329,0,0,1,0,0,1,3,4
SYN-023-single_character_error,G023,test,single_character_error,prescription_order,0.75,3,73.11229999322677,1,0,0,0,0,0,4,4
SYN-023-single_character_error,G023,test,single_character_error,prescription_order,1.0,4,73.2272999957786,1,0,0,0,0,0,4,4
SYN-023-single_character_error,G023,test,single_character_error,uncertainty,0.0,0,72.51130000076955,0,0,1,0,0,2,2,4
SYN-023-single_character_error,G023,test,single_character_error,uncertainty,0.25,1,72.70240000070771,0,0,1,0,0,1,3,4
SYN-023-single_character_error,G023,test,single_character_error,uncertainty,0.5,2,72.84130000334699,1,0,0,0,0,0,4,4
SYN-023-single_character_error,G023,test,single_character_error,uncertainty,0.75,3,72.96620000124676,1,0,0,0,0,0,4,4
SYN-023-single_character_error,G023,test,single_character_error,uncertainty,1.0,4,73.07610000134446,1,0,0,0,0,0,4,4
SYN-023-single_character_error,G023,test,single_character_error,impact,0.0,0,72.56349999806844,0,0,1,0,0,2,2,4
SYN-023-single_character_error,G023,test,single_character_error,impact,0.25,1,72.84819999767933,1,0,0,0,0,1,3,4
SYN-023-single_character_error,G023,test,single_character_error,impact,0.5,2,73.0139999941457,1,0,0,0,0,0,4,4
SYN-023-single_character_error,G023,test,single_character_error,impact,0.75,3,73.15969999763183,1,0,0,0,0,0,4,4
SYN-023-single_character_error,G023,test,single_character_error,impact,1.0,4,73.2750999959535,1,0,0,0,0,0,4,4
SYN-023-single_character_error,G023,test,single_character_error,impact_without_severity,0.0,0,72.66289999824949,0,0,1,0,0,2,2,4
SYN-023-single_character_error,G023,test,single_character_error,impact_without_severity,0.25,1,72.89539999328554,1,0,0,0,0,1,3,4
SYN-023-single_character_error,G023,test,single_character_error,impact_without_severity,0.5,2,73.35809999494813,1,0,0,0,0,0,4,4
SYN-023-single_character_error,G023,test,single_character_error,impact_without_severity,0.75,3,73.50779999251245,1,0,0,0,0,0,4,4
SYN-023-single_character_error,G023,test,single_character_error,impact_without_severity,1.0,4,73.62319999811007,1,0,0,0,0,0,4,4
SYN-023-single_character_error,G023,test,single_character_error,gold_upper_bound,0.0,4,73.28940000297735,1,0,0,0,0,0,4,4
SYN-023-single_character_error,G023,test,single_character_error,gold_upper_bound,0.25,4,73.28940000297735,1,0,0,0,0,0,4,4
SYN-023-single_character_error,G023,test,single_character_error,gold_upper_bound,0.5,4,73.28940000297735,1,0,0,0,0,0,4,4
SYN-023-single_character_error,G023,test,single_character_error,gold_upper_bound,0.75,4,73.28940000297735,1,0,0,0,0,0,4,4
SYN-023-single_character_error,G023,test,single_character_error,gold_upper_bound,1.0,4,73.28940000297735,1,0,0,0,0,0,4,4
SYN-023-mixed_corruption,G023,test,mixed_corruption,legacy_baseline,0.0,0,64.64349999441765,0,0,1,0,0,3,1,4
SYN-023-mixed_corruption,G023,test,mixed_corruption,legacy_baseline,0.25,0,64.64349999441765,0,0,1,0,0,3,1,4
SYN-023-mixed_corruption,G023,test,mixed_corruption,legacy_baseline,0.5,0,64.64349999441765,0,0,1,0,0,3,1,4
SYN-023-mixed_corruption,G023,test,mixed_corruption,legacy_baseline,0.75,0,64.64349999441765,0,0,1,0,0,3,1,4
SYN-023-mixed_corruption,G023,test,mixed_corruption,legacy_baseline,1.0,0,64.64349999441765,0,0,1,0,0,3,1,4
SYN-023-mixed_corruption,G023,test,mixed_corruption,corrected_baseline,0.0,0,64.36829999438487,0,0,1,0,0,3,1,4
SYN-023-mixed_corruption,G023,test,mixed_corruption,corrected_baseline,0.25,0,64.36829999438487,0,0,1,0,0,3,1,4
SYN-023-mixed_corruption,G023,test,mixed_corruption,corrected_baseline,0.5,0,64.36829999438487,0,0,1,0,0,3,1,4
SYN-023-mixed_corruption,G023,test,mixed_corruption,corrected_baseline,0.75,0,64.36829999438487,0,0,1,0,0,3,1,4
SYN-023-mixed_corruption,G023,test,mixed_corruption,corrected_baseline,1.0,0,64.36829999438487,0,0,1,0,0,3,1,4
SYN-023-mixed_corruption,G023,test,mixed_corruption,prescription_order,0.0,0,64.31379999412457,0,0,1,0,0,3,1,4
SYN-023-mixed_corruption,G023,test,mixed_corruption,prescription_order,0.25,1,64.52209999406477,0,0,1,0,0,2,2,4
SYN-023-mixed_corruption,G023,test,mixed_corruption,prescription_order,0.5,2,64.69919998926343,0,0,1,0,0,1,3,4
SYN-023-mixed_corruption,G023,test,mixed_corruption,prescription_order,0.75,3,64.84999998792773,1,0,0,0,0,0,4,4
SYN-023-mixed_corruption,G023,test,mixed_corruption,prescription_order,1.0,4,65.05539998761378,1,0,0,0,0,0,4,4
SYN-023-mixed_corruption,G023,test,mixed_corruption,uncertainty,0.0,0,64.30129999353085,0,0,1,0,0,3,1,4
SYN-023-mixed_corruption,G023,test,mixed_corruption,uncertainty,0.25,1,64.49989999237005,0,0,1,0,0,2,2,4
SYN-023-mixed_corruption,G023,test,mixed_corruption,uncertainty,0.5,2,64.63149999035522,0,0,1,0,0,1,3,4
SYN-023-mixed_corruption,G023,test,mixed_corruption,uncertainty,0.75,3,64.76879999536322,1,0,0,0,0,0,4,4
SYN-023-mixed_corruption,G023,test,mixed_corruption,uncertainty,1.0,4,64.89309999597026,1,0,0,0,0,0,4,4
SYN-023-mixed_corruption,G023,test,mixed_corruption,impact,0.0,0,64.30819999513915,0,0,1,0,0,3,1,4
SYN-023-mixed_corruption,G023,test,mixed_corruption,impact,0.25,1,64.49449999490753,0,0,1,0,0,2,2,4
SYN-023-mixed_corruption,G023,test,mixed_corruption,impact,0.5,2,64.63309999526246,0,0,1,0,0,1,3,4
SYN-023-mixed_corruption,G023,test,mixed_corruption,impact,0.75,3,64.77279999671737,1,0,0,0,0,0,4,4
SYN-023-mixed_corruption,G023,test,mixed_corruption,impact,1.0,4,64.89439999859314,1,0,0,0,0,0,4,4
SYN-023-mixed_corruption,G023,test,mixed_corruption,impact_without_severity,0.0,0,64.30659999023192,0,0,1,0,0,3,1,4
SYN-023-mixed_corruption,G023,test,mixed_corruption,impact_without_severity,0.25,1,64.50549999135546,0,0,1,0,0,2,2,4
SYN-023-mixed_corruption,G023,test,mixed_corruption,impact_without_severity,0.5,2,64.64149999374058,0,0,1,0,0,1,3,4
SYN-023-mixed_corruption,G023,test,mixed_corruption,impact_without_severity,0.75,3,64.77999999333406,1,0,0,0,0,0,4,4
SYN-023-mixed_corruption,G023,test,mixed_corruption,impact_without_severity,1.0,4,64.9007999963942,1,0,0,0,0,0,4,4
SYN-023-mixed_corruption,G023,test,mixed_corruption,gold_upper_bound,0.0,4,64.87799999740673,1,0,0,0,0,0,4,4
SYN-023-mixed_corruption,G023,test,mixed_corruption,gold_upper_bound,0.25,4,64.87799999740673,1,0,0,0,0,0,4,4
SYN-023-mixed_corruption,G023,test,mixed_corruption,gold_upper_bound,0.5,4,64.87799999740673,1,0,0,0,0,0,4,4
SYN-023-mixed_corruption,G023,test,mixed_corruption,gold_upper_bound,0.75,4,64.87799999740673,1,0,0,0,0,0,4,4
SYN-023-mixed_corruption,G023,test,mixed_corruption,gold_upper_bound,1.0,4,64.87799999740673,1,0,0,0,0,0,4,4
SYN-024-clean,G024,test,clean,legacy_baseline,0.0,0,0.6097999939811416,5,0,0,2,2,0,4,4
SYN-024-clean,G024,test,clean,legacy_baseline,0.25,0,0.6097999939811416,5,0,0,2,2,0,4,4
SYN-024-clean,G024,test,clean,legacy_baseline,0.5,0,0.6097999939811416,5,0,0,2,2,0,4,4
SYN-024-clean,G024,test,clean,legacy_baseline,0.75,0,0.6097999939811416,5,0,0,2,2,0,4,4
SYN-024-clean,G024,test,clean,legacy_baseline,1.0,0,0.6097999939811416,5,0,0,2,2,0,4,4
SYN-024-clean,G024,test,clean,corrected_baseline,0.0,0,0.4115999981877394,5,0,0,2,2,0,4,4
SYN-024-clean,G024,test,clean,corrected_baseline,0.25,0,0.4115999981877394,5,0,0,2,2,0,4,4
SYN-024-clean,G024,test,clean,corrected_baseline,0.5,0,0.4115999981877394,5,0,0,2,2,0,4,4
SYN-024-clean,G024,test,clean,corrected_baseline,0.75,0,0.4115999981877394,5,0,0,2,2,0,4,4
SYN-024-clean,G024,test,clean,corrected_baseline,1.0,0,0.4115999981877394,5,0,0,2,2,0,4,4
SYN-024-clean,G024,test,clean,prescription_order,0.0,0,0.25299999833805487,5,0,0,2,2,0,4,4
SYN-024-clean,G024,test,clean,prescription_order,0.25,1,0.4600999964168295,5,0,0,2,2,0,4,4
SYN-024-clean,G024,test,clean,prescription_order,0.5,2,0.6494999979622662,5,0,0,2,2,0,4,4
SYN-024-clean,G024,test,clean,prescription_order,0.75,3,0.8269999962067232,5,0,0,2,2,0,4,4
SYN-024-clean,G024,test,clean,prescription_order,1.0,4,0.9966999932657927,5,0,0,2,2,0,4,4
SYN-024-clean,G024,test,clean,uncertainty,0.0,0,0.2514999941922724,5,0,0,2,2,0,4,4
SYN-024-clean,G024,test,clean,uncertainty,0.25,1,0.46269999438663945,5,0,0,2,2,0,4,4
SYN-024-clean,G024,test,clean,uncertainty,0.5,2,0.6607999966945499,5,0,0,2,2,0,4,4
SYN-024-clean,G024,test,clean,uncertainty,0.75,3,0.8325999951921403,5,0,0,2,2,0,4,4
SYN-024-clean,G024,test,clean,uncertainty,1.0,4,0.9883999955491163,5,0,0,2,2,0,4,4
SYN-024-clean,G024,test,clean,impact,0.0,0,0.3761999978451058,5,0,0,2,2,0,4,4
SYN-024-clean,G024,test,clean,impact,0.25,1,0.6283999973675236,5,0,0,2,2,0,4,4
SYN-024-clean,G024,test,clean,impact,0.5,2,1.1301999984425493,5,0,0,2,2,0,4,4
SYN-024-clean,G024,test,clean,impact,0.75,3,1.66200000239769,5,0,0,2,2,0,4,4
SYN-024-clean,G024,test,clean,impact,1.0,4,1.8363999988650903,5,0,0,2,2,0,4,4
SYN-024-clean,G024,test,clean,impact_without_severity,0.0,0,0.2668000015546568,5,0,0,2,2,0,4,4
SYN-024-clean,G024,test,clean,impact_without_severity,0.25,1,0.4850999976042658,5,0,0,2,2,0,4,4
SYN-024-clean,G024,test,clean,impact_without_severity,0.5,2,0.6712000031257048,5,0,0,2,2,0,4,4
SYN-024-clean,G024,test,clean,impact_without_severity,0.75,3,0.8447000000160187,5,0,0,2,2,0,4,4
SYN-024-clean,G024,test,clean,impact_without_severity,1.0,4,1.0045000017271377,5,0,0,2,2,0,4,4
SYN-024-clean,G024,test,clean,gold_upper_bound,0.0,4,1.1363999947207049,5,0,0,2,2,0,4,4
SYN-024-clean,G024,test,clean,gold_upper_bound,0.25,4,1.1363999947207049,5,0,0,2,2,0,4,4
SYN-024-clean,G024,test,clean,gold_upper_bound,0.5,4,1.1363999947207049,5,0,0,2,2,0,4,4
SYN-024-clean,G024,test,clean,gold_upper_bound,0.75,4,1.1363999947207049,5,0,0,2,2,0,4,4
SYN-024-clean,G024,test,clean,gold_upper_bound,1.0,4,1.1363999947207049,5,0,0,2,2,0,4,4
SYN-024-single_character_error,G024,test,single_character_error,legacy_baseline,0.0,0,74.65919999231119,1,0,4,0,2,2,2,4
SYN-024-single_character_error,G024,test,single_character_error,legacy_baseline,0.25,0,74.65919999231119,1,0,4,0,2,2,2,4
SYN-024-single_character_error,G024,test,single_character_error,legacy_baseline,0.5,0,74.65919999231119,1,0,4,0,2,2,2,4
SYN-024-single_character_error,G024,test,single_character_error,legacy_baseline,0.75,0,74.65919999231119,1,0,4,0,2,2,2,4
SYN-024-single_character_error,G024,test,single_character_error,legacy_baseline,1.0,0,74.65919999231119,1,0,4,0,2,2,2,4
SYN-024-single_character_error,G024,test,single_character_error,corrected_baseline,0.0,0,75.11119999253424,1,0,4,0,2,2,2,4
SYN-024-single_character_error,G024,test,single_character_error,corrected_baseline,0.25,0,75.11119999253424,1,0,4,0,2,2,2,4
SYN-024-single_character_error,G024,test,single_character_error,corrected_baseline,0.5,0,75.11119999253424,1,0,4,0,2,2,2,4
SYN-024-single_character_error,G024,test,single_character_error,corrected_baseline,0.75,0,75.11119999253424,1,0,4,0,2,2,2,4
SYN-024-single_character_error,G024,test,single_character_error,corrected_baseline,1.0,0,75.11119999253424,1,0,4,0,2,2,2,4
SYN-024-single_character_error,G024,test,single_character_error,prescription_order,0.0,0,74.40749999659602,1,0,4,0,2,2,2,4
SYN-024-single_character_error,G024,test,single_character_error,prescription_order,0.25,1,74.74329999968177,3,0,2,1,2,1,3,4
SYN-024-single_character_error,G024,test,single_character_error,prescription_order,0.5,2,74.96869999886258,3,0,2,1,2,1,3,4
SYN-024-single_character_error,G024,test,single_character_error,prescription_order,0.75,3,75.1657000000705,5,0,0,2,2,0,4,4
SYN-024-single_character_error,G024,test,single_character_error,prescription_order,1.0,4,75.33310000144411,5,0,0,2,2,0,4,4
SYN-024-single_character_error,G024,test,single_character_error,uncertainty,0.0,0,74.35089999489719,1,0,4,0,2,2,2,4
SYN-024-single_character_error,G024,test,single_character_error,uncertainty,0.25,1,74.61689999036025,3,0,2,1,2,1,3,4
SYN-024-single_character_error,G024,test,single_character_error,uncertainty,0.5,2,74.80589999613585,5,0,0,2,2,0,4,4
SYN-024-single_character_error,G024,test,single_character_error,uncertainty,0.75,3,75.00639999489067,5,0,0,2,2,0,4,4
SYN-024-single_character_error,G024,test,single_character_error,uncertainty,1.0,4,75.16569999279454,5,0,0,2,2,0,4,4
SYN-024-single_character_error,G024,test,single_character_error,impact,0.0,0,74.31090000318363,1,0,4,0,2,2,2,4
SYN-024-single_character_error,G024,test,single_character_error,impact,0.25,1,74.55029999982798,3,0,2,1,2,1,3,4
SYN-024-single_character_error,G024,test,single_character_error,impact,0.5,2,74.82549999986077,5,0,0,2,2,0,4,4
SYN-024-single_character_error,G024,test,single_character_error,impact,0.75,3,75.06889999785926,5,0,0,2,2,0,4,4
SYN-024-single_character_error,G024,test,single_character_error,impact,1.0,4,75.37559999764198,5,0,0,2,2,0,4,4
SYN-024-single_character_error,G024,test,single_character_error,impact_without_severity,0.0,0,74.9329000027501,1,0,4,0,2,2,2,4
SYN-024-single_character_error,G024,test,single_character_error,impact_without_severity,0.25,1,75.27359999949113,3,0,2,1,2,1,3,4
SYN-024-single_character_error,G024,test,single_character_error,impact_without_severity,0.5,2,75.47429999976885,5,0,0,2,2,0,4,4
SYN-024-single_character_error,G024,test,single_character_error,impact_without_severity,0.75,3,75.65510000131326,5,0,0,2,2,0,4,4
SYN-024-single_character_error,G024,test,single_character_error,impact_without_severity,1.0,4,75.81509999727132,5,0,0,2,2,0,4,4
SYN-024-single_character_error,G024,test,single_character_error,gold_upper_bound,0.0,4,75.08689999667695,5,0,0,2,2,0,4,4
SYN-024-single_character_error,G024,test,single_character_error,gold_upper_bound,0.25,4,75.08689999667695,5,0,0,2,2,0,4,4
SYN-024-single_character_error,G024,test,single_character_error,gold_upper_bound,0.5,4,75.08689999667695,5,0,0,2,2,0,4,4
SYN-024-single_character_error,G024,test,single_character_error,gold_upper_bound,0.75,4,75.08689999667695,5,0,0,2,2,0,4,4
SYN-024-single_character_error,G024,test,single_character_error,gold_upper_bound,1.0,4,75.08689999667695,5,0,0,2,2,0,4,4
SYN-024-mixed_corruption,G024,test,mixed_corruption,legacy_baseline,0.0,0,69.9739000046975,0,0,5,0,2,3,1,4
SYN-024-mixed_corruption,G024,test,mixed_corruption,legacy_baseline,0.25,0,69.9739000046975,0,0,5,0,2,3,1,4
SYN-024-mixed_corruption,G024,test,mixed_corruption,legacy_baseline,0.5,0,69.9739000046975,0,0,5,0,2,3,1,4
SYN-024-mixed_corruption,G024,test,mixed_corruption,legacy_baseline,0.75,0,69.9739000046975,0,0,5,0,2,3,1,4
SYN-024-mixed_corruption,G024,test,mixed_corruption,legacy_baseline,1.0,0,69.9739000046975,0,0,5,0,2,3,1,4
SYN-024-mixed_corruption,G024,test,mixed_corruption,corrected_baseline,0.0,0,70.2406999989762,0,0,5,0,2,3,1,4
SYN-024-mixed_corruption,G024,test,mixed_corruption,corrected_baseline,0.25,0,70.2406999989762,0,0,5,0,2,3,1,4
SYN-024-mixed_corruption,G024,test,mixed_corruption,corrected_baseline,0.5,0,70.2406999989762,0,0,5,0,2,3,1,4
SYN-024-mixed_corruption,G024,test,mixed_corruption,corrected_baseline,0.75,0,70.2406999989762,0,0,5,0,2,3,1,4
SYN-024-mixed_corruption,G024,test,mixed_corruption,corrected_baseline,1.0,0,70.2406999989762,0,0,5,0,2,3,1,4
SYN-024-mixed_corruption,G024,test,mixed_corruption,prescription_order,0.0,0,69.69959999696584,0,0,5,0,2,3,1,4
SYN-024-mixed_corruption,G024,test,mixed_corruption,prescription_order,0.25,1,70.30919999670004,1,0,4,0,2,2,2,4
SYN-024-mixed_corruption,G024,test,mixed_corruption,prescription_order,0.5,2,70.53669999731937,3,0,2,1,2,1,3,4
SYN-024-mixed_corruption,G024,test,mixed_corruption,prescription_order,0.75,3,70.71670000004815,5,0,0,2,2,0,4,4
SYN-024-mixed_corruption,G024,test,mixed_corruption,prescription_order,1.0,4,70.88130000192905,5,0,0,2,2,0,4,4
SYN-024-mixed_corruption,G024,test,mixed_corruption,uncertainty,0.0,0,69.5863000000827,0,0,5,0,2,3,1,4
SYN-024-mixed_corruption,G024,test,mixed_corruption,uncertainty,0.25,1,69.89199999952689,1,0,4,0,2,2,2,4
SYN-024-mixed_corruption,G024,test,mixed_corruption,uncertainty,0.5,2,70.08140000107232,2,0,3,0,2,1,3,4
SYN-024-mixed_corruption,G024,test,mixed_corruption,uncertainty,0.75,3,70.25419999990845,5,0,0,2,2,0,4,4
SYN-024-mixed_corruption,G024,test,mixed_corruption,uncertainty,1.0,4,70.40889999916544,5,0,0,2,2,0,4,4
SYN-024-mixed_corruption,G024,test,mixed_corruption,impact,0.0,0,69.6853999979794,0,0,5,0,2,3,1,4
SYN-024-mixed_corruption,G024,test,mixed_corruption,impact,0.25,1,69.98870000097668,1,0,4,0,2,2,2,4
SYN-024-mixed_corruption,G024,test,mixed_corruption,impact,0.5,2,70.18629999947734,3,0,2,1,2,1,3,4
SYN-024-mixed_corruption,G024,test,mixed_corruption,impact,0.75,3,70.35259999975096,5,0,0,2,2,0,4,4
SYN-024-mixed_corruption,G024,test,mixed_corruption,impact,1.0,4,70.50539999909233,5,0,0,2,2,0,4,4
SYN-024-mixed_corruption,G024,test,mixed_corruption,impact_without_severity,0.0,0,69.65040000068257,0,0,5,0,2,3,1,4
SYN-024-mixed_corruption,G024,test,mixed_corruption,impact_without_severity,0.25,1,69.96480000088923,1,0,4,0,2,2,2,4
SYN-024-mixed_corruption,G024,test,mixed_corruption,impact_without_severity,0.5,2,70.16399999702116,3,0,2,1,2,1,3,4
SYN-024-mixed_corruption,G024,test,mixed_corruption,impact_without_severity,0.75,3,70.33439999941038,5,0,0,2,2,0,4,4
SYN-024-mixed_corruption,G024,test,mixed_corruption,impact_without_severity,1.0,4,70.48769999528304,5,0,0,2,2,0,4,4
SYN-024-mixed_corruption,G024,test,mixed_corruption,gold_upper_bound,0.0,4,70.5625999980839,5,0,0,2,2,0,4,4
SYN-024-mixed_corruption,G024,test,mixed_corruption,gold_upper_bound,0.25,4,70.5625999980839,5,0,0,2,2,0,4,4
SYN-024-mixed_corruption,G024,test,mixed_corruption,gold_upper_bound,0.5,4,70.5625999980839,5,0,0,2,2,0,4,4
SYN-024-mixed_corruption,G024,test,mixed_corruption,gold_upper_bound,0.75,4,70.5625999980839,5,0,0,2,2,0,4,4
SYN-024-mixed_corruption,G024,test,mixed_corruption,gold_upper_bound,1.0,4,70.5625999980839,5,0,0,2,2,0,4,4
SYN-026-clean,G026,test,clean,legacy_baseline,0.0,0,0.6347999951685779,1,0,0,0,0,0,4,4
SYN-026-clean,G026,test,clean,legacy_baseline,0.25,0,0.6347999951685779,1,0,0,0,0,0,4,4
SYN-026-clean,G026,test,clean,legacy_baseline,0.5,0,0.6347999951685779,1,0,0,0,0,0,4,4
SYN-026-clean,G026,test,clean,legacy_baseline,0.75,0,0.6347999951685779,1,0,0,0,0,0,4,4
SYN-026-clean,G026,test,clean,legacy_baseline,1.0,0,0.6347999951685779,1,0,0,0,0,0,4,4
SYN-026-clean,G026,test,clean,corrected_baseline,0.0,0,0.26789999537868425,1,0,0,0,0,0,4,4
SYN-026-clean,G026,test,clean,corrected_baseline,0.25,0,0.26789999537868425,1,0,0,0,0,0,4,4
SYN-026-clean,G026,test,clean,corrected_baseline,0.5,0,0.26789999537868425,1,0,0,0,0,0,4,4
SYN-026-clean,G026,test,clean,corrected_baseline,0.75,0,0.26789999537868425,1,0,0,0,0,0,4,4
SYN-026-clean,G026,test,clean,corrected_baseline,1.0,0,0.26789999537868425,1,0,0,0,0,0,4,4
SYN-026-clean,G026,test,clean,prescription_order,0.0,0,0.20489999587880448,1,0,0,0,0,0,4,4
SYN-026-clean,G026,test,clean,prescription_order,0.25,1,0.35549999302020296,1,0,0,0,0,0,4,4
SYN-026-clean,G026,test,clean,prescription_order,0.5,2,0.621299994236324,1,0,0,0,0,0,4,4
SYN-026-clean,G026,test,clean,prescription_order,0.75,3,0.8079999970505014,1,0,0,0,0,0,4,4
SYN-026-clean,G026,test,clean,prescription_order,1.0,4,0.919099991733674,1,0,0,0,0,0,4,4
SYN-026-clean,G026,test,clean,uncertainty,0.0,0,0.21689999266527593,1,0,0,0,0,0,4,4
SYN-026-clean,G026,test,clean,uncertainty,0.25,1,0.3679999936139211,1,0,0,0,0,0,4,4
SYN-026-clean,G026,test,clean,uncertainty,0.5,2,0.4962999955751002,1,0,0,0,0,0,4,4
SYN-026-clean,G026,test,clean,uncertainty,0.75,3,0.6276999920373783,1,0,0,0,0,0,4,4
SYN-026-clean,G026,test,clean,uncertainty,1.0,4,0.7326999912038445,1,0,0,0,0,0,4,4
SYN-026-clean,G026,test,clean,impact,0.0,0,0.1987999930861406,1,0,0,0,0,0,4,4
SYN-026-clean,G026,test,clean,impact,0.25,1,0.34419999428791925,1,0,0,0,0,0,4,4
SYN-026-clean,G026,test,clean,impact,0.5,2,0.4714999959105626,1,0,0,0,0,0,4,4
SYN-026-clean,G026,test,clean,impact,0.75,3,0.5866999927093275,1,0,0,0,0,0,4,4
SYN-026-clean,G026,test,clean,impact,1.0,4,0.6945999921299517,1,0,0,0,0,0,4,4
SYN-026-clean,G026,test,clean,impact_without_severity,0.0,0,0.19349999638507143,1,0,0,0,0,0,4,4
SYN-026-clean,G026,test,clean,impact_without_severity,0.25,1,0.33969999640248716,1,0,0,0,0,0,4,4
SYN-026-clean,G026,test,clean,impact_without_severity,0.5,2,0.46829999337205663,1,0,0,0,0,0,4,4
SYN-026-clean,G026,test,clean,impact_without_severity,0.75,3,0.5844999905093573,1,0,0,0,0,0,4,4
SYN-026-clean,G026,test,clean,impact_without_severity,1.0,4,0.6857999906060286,1,0,0,0,0,0,4,4
SYN-026-clean,G026,test,clean,gold_upper_bound,0.0,4,1.0418999954708852,1,0,0,0,0,0,4,4
SYN-026-clean,G026,test,clean,gold_upper_bound,0.25,4,1.0418999954708852,1,0,0,0,0,0,4,4
SYN-026-clean,G026,test,clean,gold_upper_bound,0.5,4,1.0418999954708852,1,0,0,0,0,0,4,4
SYN-026-clean,G026,test,clean,gold_upper_bound,0.75,4,1.0418999954708852,1,0,0,0,0,0,4,4
SYN-026-clean,G026,test,clean,gold_upper_bound,1.0,4,1.0418999954708852,1,0,0,0,0,0,4,4
SYN-026-single_character_error,G026,test,single_character_error,legacy_baseline,0.0,0,85.40029999858234,0,0,1,0,0,2,2,4
SYN-026-single_character_error,G026,test,single_character_error,legacy_baseline,0.25,0,85.40029999858234,0,0,1,0,0,2,2,4
SYN-026-single_character_error,G026,test,single_character_error,legacy_baseline,0.5,0,85.40029999858234,0,0,1,0,0,2,2,4
SYN-026-single_character_error,G026,test,single_character_error,legacy_baseline,0.75,0,85.40029999858234,0,0,1,0,0,2,2,4
SYN-026-single_character_error,G026,test,single_character_error,legacy_baseline,1.0,0,85.40029999858234,0,0,1,0,0,2,2,4
SYN-026-single_character_error,G026,test,single_character_error,corrected_baseline,0.0,0,85.21900000050664,0,0,1,0,0,2,2,4
SYN-026-single_character_error,G026,test,single_character_error,corrected_baseline,0.25,0,85.21900000050664,0,0,1,0,0,2,2,4
SYN-026-single_character_error,G026,test,single_character_error,corrected_baseline,0.5,0,85.21900000050664,0,0,1,0,0,2,2,4
SYN-026-single_character_error,G026,test,single_character_error,corrected_baseline,0.75,0,85.21900000050664,0,0,1,0,0,2,2,4
SYN-026-single_character_error,G026,test,single_character_error,corrected_baseline,1.0,0,85.21900000050664,0,0,1,0,0,2,2,4
SYN-026-single_character_error,G026,test,single_character_error,prescription_order,0.0,0,84.97889999853214,0,0,1,0,0,2,2,4
SYN-026-single_character_error,G026,test,single_character_error,prescription_order,0.25,1,85.21099999779835,1,0,0,0,0,1,3,4
SYN-026-single_character_error,G026,test,single_character_error,prescription_order,0.5,2,85.39449999807402,1,0,0,0,0,1,3,4
SYN-026-single_character_error,G026,test,single_character_error,prescription_order,0.75,3,85.52770000096643,1,0,0,0,0,0,4,4
SYN-026-single_character_error,G026,test,single_character_error,prescription_order,1.0,4,85.64170000317972,1,0,0,0,0,0,4,4
SYN-026-single_character_error,G026,test,single_character_error,uncertainty,0.0,0,84.89179999742191,0,0,1,0,0,2,2,4
SYN-026-single_character_error,G026,test,single_character_error,uncertainty,0.25,1,85.08879999862984,0,0,1,0,0,1,3,4
SYN-026-single_character_error,G026,test,single_character_error,uncertainty,0.5,2,85.22960000118474,1,0,0,0,0,0,4,4
SYN-026-single_character_error,G026,test,single_character_error,uncertainty,0.75,3,85.35570000094594,1,0,0,0,0,0,4,4
SYN-026-single_character_error,G026,test,single_character_error,uncertainty,1.0,4,85.46639999985928,1,0,0,0,0,0,4,4
SYN-026-single_character_error,G026,test,single_character_error,impact,0.0,0,84.88399999623653,0,0,1,0,0,2,2,4
SYN-026-single_character_error,G026,test,single_character_error,impact,0.25,1,85.08589999837568,1,0,0,0,0,1,3,4
SYN-026-single_character_error,G026,test,single_character_error,impact,0.5,2,85.22280000033788,1,0,0,0,0,0,4,4
SYN-026-single_character_error,G026,test,single_character_error,impact,0.75,3,85.35729999857722,1,0,0,0,0,0,4,4
SYN-026-single_character_error,G026,test,single_character_error,impact,1.0,4,85.4646000007051,1,0,0,0,0,0,4,4
SYN-026-single_character_error,G026,test,single_character_error,impact_without_severity,0.0,0,84.88709999801358,0,0,1,0,0,2,2,4
SYN-026-single_character_error,G026,test,single_character_error,impact_without_severity,0.25,1,85.08869999786839,1,0,0,0,0,1,3,4
SYN-026-single_character_error,G026,test,single_character_error,impact_without_severity,0.5,2,85.2253999983077,1,0,0,0,0,0,4,4
SYN-026-single_character_error,G026,test,single_character_error,impact_without_severity,0.75,3,85.34859999781474,1,0,0,0,0,0,4,4
SYN-026-single_character_error,G026,test,single_character_error,impact_without_severity,1.0,4,85.45639999647392,1,0,0,0,0,0,4,4
SYN-026-single_character_error,G026,test,single_character_error,gold_upper_bound,0.0,4,85.43550000467803,1,0,0,0,0,0,4,4
SYN-026-single_character_error,G026,test,single_character_error,gold_upper_bound,0.25,4,85.43550000467803,1,0,0,0,0,0,4,4
SYN-026-single_character_error,G026,test,single_character_error,gold_upper_bound,0.5,4,85.43550000467803,1,0,0,0,0,0,4,4
SYN-026-single_character_error,G026,test,single_character_error,gold_upper_bound,0.75,4,85.43550000467803,1,0,0,0,0,0,4,4
SYN-026-single_character_error,G026,test,single_character_error,gold_upper_bound,1.0,4,85.43550000467803,1,0,0,0,0,0,4,4
SYN-026-mixed_corruption,G026,test,mixed_corruption,legacy_baseline,0.0,0,77.34290000371402,0,0,1,0,0,3,1,4
SYN-026-mixed_corruption,G026,test,mixed_corruption,legacy_baseline,0.25,0,77.34290000371402,0,0,1,0,0,3,1,4
SYN-026-mixed_corruption,G026,test,mixed_corruption,legacy_baseline,0.5,0,77.34290000371402,0,0,1,0,0,3,1,4
SYN-026-mixed_corruption,G026,test,mixed_corruption,legacy_baseline,0.75,0,77.34290000371402,0,0,1,0,0,3,1,4
SYN-026-mixed_corruption,G026,test,mixed_corruption,legacy_baseline,1.0,0,77.34290000371402,0,0,1,0,0,3,1,4
SYN-026-mixed_corruption,G026,test,mixed_corruption,corrected_baseline,0.0,0,77.20150000386639,0,0,1,0,0,3,1,4
SYN-026-mixed_corruption,G026,test,mixed_corruption,corrected_baseline,0.25,0,77.20150000386639,0,0,1,0,0,3,1,4
SYN-026-mixed_corruption,G026,test,mixed_corruption,corrected_baseline,0.5,0,77.20150000386639,0,0,1,0,0,3,1,4
SYN-026-mixed_corruption,G026,test,mixed_corruption,corrected_baseline,0.75,0,77.20150000386639,0,0,1,0,0,3,1,4
SYN-026-mixed_corruption,G026,test,mixed_corruption,corrected_baseline,1.0,0,77.20150000386639,0,0,1,0,0,3,1,4
SYN-026-mixed_corruption,G026,test,mixed_corruption,prescription_order,0.0,0,77.14620000479044,0,0,1,0,0,3,1,4
SYN-026-mixed_corruption,G026,test,mixed_corruption,prescription_order,0.25,1,77.3858000029577,1,0,0,0,0,2,2,4
SYN-026-mixed_corruption,G026,test,mixed_corruption,prescription_order,0.5,2,77.56890000018757,1,0,0,0,0,1,3,4
SYN-026-mixed_corruption,G026,test,mixed_corruption,prescription_order,0.75,3,77.70390000223415,1,0,0,0,0,0,4,4
SYN-026-mixed_corruption,G026,test,mixed_corruption,prescription_order,1.0,4,77.81830000021728,1,0,0,0,0,0,4,4
SYN-026-mixed_corruption,G026,test,mixed_corruption,uncertainty,0.0,0,77.06860000325833,0,0,1,0,0,3,1,4
SYN-026-mixed_corruption,G026,test,mixed_corruption,uncertainty,0.25,1,77.42070000676904,0,0,1,0,0,2,2,4
SYN-026-mixed_corruption,G026,test,mixed_corruption,uncertainty,0.5,2,77.58420000754995,0,0,1,0,0,1,3,4
SYN-026-mixed_corruption,G026,test,mixed_corruption,uncertainty,0.75,3,77.72230000409763,1,0,0,0,0,0,4,4
SYN-026-mixed_corruption,G026,test,mixed_corruption,uncertainty,1.0,4,77.83550000749528,1,0,0,0,0,0,4,4
SYN-026-mixed_corruption,G026,test,mixed_corruption,impact,0.0,0,77.1556000036071,0,0,1,0,0,3,1,4
SYN-026-mixed_corruption,G026,test,mixed_corruption,impact,0.25,1,77.38620000600349,1,0,0,0,0,2,2,4
SYN-026-mixed_corruption,G026,test,mixed_corruption,impact,0.5,2,77.55700000416255,1,0,0,0,0,1,3,4
SYN-026-mixed_corruption,G026,test,mixed_corruption,impact,0.75,3,77.68420000502374,1,0,0,0,0,0,4,4
SYN-026-mixed_corruption,G026,test,mixed_corruption,impact,1.0,4,77.79390000359854,1,0,0,0,0,0,4,4
SYN-026-mixed_corruption,G026,test,mixed_corruption,impact_without_severity,0.0,0,77.07640000444371,0,0,1,0,0,3,1,4
SYN-026-mixed_corruption,G026,test,mixed_corruption,impact_without_severity,0.25,1,77.30060000903904,1,0,0,0,0,2,2,4
SYN-026-mixed_corruption,G026,test,mixed_corruption,impact_without_severity,0.5,2,77.4708000026294,1,0,0,0,0,1,3,4
SYN-026-mixed_corruption,G026,test,mixed_corruption,impact_without_severity,0.75,3,77.59940000687493,1,0,0,0,0,0,4,4
SYN-026-mixed_corruption,G026,test,mixed_corruption,impact_without_severity,1.0,4,77.70890000392683,1,0,0,0,0,0,4,4
SYN-026-mixed_corruption,G026,test,mixed_corruption,gold_upper_bound,0.0,4,77.67690000036964,1,0,0,0,0,0,4,4
SYN-026-mixed_corruption,G026,test,mixed_corruption,gold_upper_bound,0.25,4,77.67690000036964,1,0,0,0,0,0,4,4
SYN-026-mixed_corruption,G026,test,mixed_corruption,gold_upper_bound,0.5,4,77.67690000036964,1,0,0,0,0,0,4,4
SYN-026-mixed_corruption,G026,test,mixed_corruption,gold_upper_bound,0.75,4,77.67690000036964,1,0,0,0,0,0,4,4
SYN-026-mixed_corruption,G026,test,mixed_corruption,gold_upper_bound,1.0,4,77.67690000036964,1,0,0,0,0,0,4,4
SYN-027-clean,G027,test,clean,legacy_baseline,0.0,0,0.5381999944802374,1,0,0,0,0,0,4,4
SYN-027-clean,G027,test,clean,legacy_baseline,0.25,0,0.5381999944802374,1,0,0,0,0,0,4,4
SYN-027-clean,G027,test,clean,legacy_baseline,0.5,0,0.5381999944802374,1,0,0,0,0,0,4,4
SYN-027-clean,G027,test,clean,legacy_baseline,0.75,0,0.5381999944802374,1,0,0,0,0,0,4,4
SYN-027-clean,G027,test,clean,legacy_baseline,1.0,0,0.5381999944802374,1,0,0,0,0,0,4,4
SYN-027-clean,G027,test,clean,corrected_baseline,0.0,0,0.2606999987619929,1,0,0,0,0,0,4,4
SYN-027-clean,G027,test,clean,corrected_baseline,0.25,0,0.2606999987619929,1,0,0,0,0,0,4,4
SYN-027-clean,G027,test,clean,corrected_baseline,0.5,0,0.2606999987619929,1,0,0,0,0,0,4,4
SYN-027-clean,G027,test,clean,corrected_baseline,0.75,0,0.2606999987619929,1,0,0,0,0,0,4,4
SYN-027-clean,G027,test,clean,corrected_baseline,1.0,0,0.2606999987619929,1,0,0,0,0,0,4,4
SYN-027-clean,G027,test,clean,prescription_order,0.0,0,0.20279999444028363,1,0,0,0,0,0,4,4
SYN-027-clean,G027,test,clean,prescription_order,0.25,1,0.3581999917514622,1,0,0,0,0,0,4,4
SYN-027-clean,G027,test,clean,prescription_order,0.5,2,0.570999996853061,1,0,0,0,0,0,4,4
SYN-027-clean,G027,test,clean,prescription_order,0.75,3,0.7016999952611513,1,0,0,0,0,0,4,4
SYN-027-clean,G027,test,clean,prescription_order,1.0,4,0.8136999967973679,1,0,0,0,0,0,4,4
SYN-027-clean,G027,test,clean,uncertainty,0.0,0,0.20930000027874485,1,0,0,0,0,0,4,4
SYN-027-clean,G027,test,clean,uncertainty,0.25,1,0.37289999454515055,1,0,0,0,0,0,4,4
SYN-027-clean,G027,test,clean,uncertainty,0.5,2,0.515899999300018,1,0,0,0,0,0,4,4
SYN-027-clean,G027,test,clean,uncertainty,0.75,3,0.7809999951859936,1,0,0,0,0,0,4,4
SYN-027-clean,G027,test,clean,uncertainty,1.0,4,0.9327000007033348,1,0,0,0,0,0,4,4
SYN-027-clean,G027,test,clean,impact,0.0,0,0.22819999867351726,1,0,0,0,0,0,4,4
SYN-027-clean,G027,test,clean,impact,0.25,1,0.4039999985252507,1,0,0,0,0,0,4,4
SYN-027-clean,G027,test,clean,impact,0.5,2,0.5524999942281283,1,0,0,0,0,0,4,4
SYN-027-clean,G027,test,clean,impact,0.75,3,0.6858999986434355,1,0,0,0,0,0,4,4
SYN-027-clean,G027,test,clean,impact,1.0,4,0.8051999975577928,1,0,0,0,0,0,4,4
SYN-027-clean,G027,test,clean,impact_without_severity,0.0,0,0.21299999934853986,1,0,0,0,0,0,4,4
SYN-027-clean,G027,test,clean,impact_without_severity,0.25,1,0.3800999984377995,1,0,0,0,0,0,4,4
SYN-027-clean,G027,test,clean,impact_without_severity,0.5,2,0.5259999961708672,1,0,0,0,0,0,4,4
SYN-027-clean,G027,test,clean,impact_without_severity,0.75,3,0.6598999971174635,1,0,0,0,0,0,4,4
SYN-027-clean,G027,test,clean,impact_without_severity,1.0,4,0.796799999079667,1,0,0,0,0,0,4,4
SYN-027-clean,G027,test,clean,gold_upper_bound,0.0,4,0.7922000004327856,1,0,0,0,0,0,4,4
SYN-027-clean,G027,test,clean,gold_upper_bound,0.25,4,0.7922000004327856,1,0,0,0,0,0,4,4
SYN-027-clean,G027,test,clean,gold_upper_bound,0.5,4,0.7922000004327856,1,0,0,0,0,0,4,4
SYN-027-clean,G027,test,clean,gold_upper_bound,0.75,4,0.7922000004327856,1,0,0,0,0,0,4,4
SYN-027-clean,G027,test,clean,gold_upper_bound,1.0,4,0.7922000004327856,1,0,0,0,0,0,4,4
SYN-027-single_character_error,G027,test,single_character_error,legacy_baseline,0.0,0,63.01589999930002,0,0,1,0,0,2,2,4
SYN-027-single_character_error,G027,test,single_character_error,legacy_baseline,0.25,0,63.01589999930002,0,0,1,0,0,2,2,4
SYN-027-single_character_error,G027,test,single_character_error,legacy_baseline,0.5,0,63.01589999930002,0,0,1,0,0,2,2,4
SYN-027-single_character_error,G027,test,single_character_error,legacy_baseline,0.75,0,63.01589999930002,0,0,1,0,0,2,2,4
SYN-027-single_character_error,G027,test,single_character_error,legacy_baseline,1.0,0,63.01589999930002,0,0,1,0,0,2,2,4
SYN-027-single_character_error,G027,test,single_character_error,corrected_baseline,0.0,0,62.65180000627879,0,0,1,0,0,2,2,4
SYN-027-single_character_error,G027,test,single_character_error,corrected_baseline,0.25,0,62.65180000627879,0,0,1,0,0,2,2,4
SYN-027-single_character_error,G027,test,single_character_error,corrected_baseline,0.5,0,62.65180000627879,0,0,1,0,0,2,2,4
SYN-027-single_character_error,G027,test,single_character_error,corrected_baseline,0.75,0,62.65180000627879,0,0,1,0,0,2,2,4
SYN-027-single_character_error,G027,test,single_character_error,corrected_baseline,1.0,0,62.65180000627879,0,0,1,0,0,2,2,4
SYN-027-single_character_error,G027,test,single_character_error,prescription_order,0.0,0,62.53920000017388,0,0,1,0,0,2,2,4
SYN-027-single_character_error,G027,test,single_character_error,prescription_order,0.25,1,62.770199998340104,1,0,0,0,0,1,3,4
SYN-027-single_character_error,G027,test,single_character_error,prescription_order,0.5,2,62.94530000013765,1,0,0,0,0,1,3,4
SYN-027-single_character_error,G027,test,single_character_error,prescription_order,0.75,3,63.102499996603,1,0,0,0,0,0,4,4
SYN-027-single_character_error,G027,test,single_character_error,prescription_order,1.0,4,63.234499997633975,1,0,0,0,0,0,4,4
SYN-027-single_character_error,G027,test,single_character_error,uncertainty,0.0,0,62.534600001527,0,0,1,0,0,2,2,4
SYN-027-single_character_error,G027,test,single_character_error,uncertainty,0.25,1,62.736100000620354,1,0,0,0,0,1,3,4
SYN-027-single_character_error,G027,test,single_character_error,uncertainty,0.5,2,62.89670000114711,1,0,0,0,0,0,4,4
SYN-027-single_character_error,G027,test,single_character_error,uncertainty,0.75,3,63.05090000387281,1,0,0,0,0,0,4,4
SYN-027-single_character_error,G027,test,single_character_error,uncertainty,1.0,4,63.17940000008093,1,0,0,0,0,0,4,4
SYN-027-single_character_error,G027,test,single_character_error,impact,0.0,0,62.51630000770092,0,0,1,0,0,2,2,4
SYN-027-single_character_error,G027,test,single_character_error,impact,0.25,1,62.68370000907453,1,0,0,0,0,1,3,4
SYN-027-single_character_error,G027,test,single_character_error,impact,0.5,2,62.820100007229485,1,0,0,0,0,0,4,4
SYN-027-single_character_error,G027,test,single_character_error,impact,0.75,3,62.95620000310009,1,0,0,0,0,0,4,4
SYN-027-single_character_error,G027,test,single_character_error,impact,1.0,4,63.06550000590505,1,0,0,0,0,0,4,4
SYN-027-single_character_error,G027,test,single_character_error,impact_without_severity,0.0,0,62.50140000338433,0,0,1,0,0,2,2,4
SYN-027-single_character_error,G027,test,single_character_error,impact_without_severity,0.25,1,62.66350000805687,1,0,0,0,0,1,3,4
SYN-027-single_character_error,G027,test,single_character_error,impact_without_severity,0.5,2,62.79960000392748,1,0,0,0,0,0,4,4
SYN-027-single_character_error,G027,test,single_character_error,impact_without_severity,0.75,3,62.921800003095996,1,0,0,0,0,0,4,4
SYN-027-single_character_error,G027,test,single_character_error,impact_without_severity,1.0,4,63.0314000081853,1,0,0,0,0,0,4,4
SYN-027-single_character_error,G027,test,single_character_error,gold_upper_bound,0.0,4,63.016899999638554,1,0,0,0,0,0,4,4
SYN-027-single_character_error,G027,test,single_character_error,gold_upper_bound,0.25,4,63.016899999638554,1,0,0,0,0,0,4,4
SYN-027-single_character_error,G027,test,single_character_error,gold_upper_bound,0.5,4,63.016899999638554,1,0,0,0,0,0,4,4
SYN-027-single_character_error,G027,test,single_character_error,gold_upper_bound,0.75,4,63.016899999638554,1,0,0,0,0,0,4,4
SYN-027-single_character_error,G027,test,single_character_error,gold_upper_bound,1.0,4,63.016899999638554,1,0,0,0,0,0,4,4
SYN-027-mixed_corruption,G027,test,mixed_corruption,legacy_baseline,0.0,0,82.40030000160914,0,0,1,0,0,3,1,4
SYN-027-mixed_corruption,G027,test,mixed_corruption,legacy_baseline,0.25,0,82.40030000160914,0,0,1,0,0,3,1,4
SYN-027-mixed_corruption,G027,test,mixed_corruption,legacy_baseline,0.5,0,82.40030000160914,0,0,1,0,0,3,1,4
SYN-027-mixed_corruption,G027,test,mixed_corruption,legacy_baseline,0.75,0,82.40030000160914,0,0,1,0,0,3,1,4
SYN-027-mixed_corruption,G027,test,mixed_corruption,legacy_baseline,1.0,0,82.40030000160914,0,0,1,0,0,3,1,4
SYN-027-mixed_corruption,G027,test,mixed_corruption,corrected_baseline,0.0,0,82.23860000725836,0,0,1,0,0,3,1,4
SYN-027-mixed_corruption,G027,test,mixed_corruption,corrected_baseline,0.25,0,82.23860000725836,0,0,1,0,0,3,1,4
SYN-027-mixed_corruption,G027,test,mixed_corruption,corrected_baseline,0.5,0,82.23860000725836,0,0,1,0,0,3,1,4
SYN-027-mixed_corruption,G027,test,mixed_corruption,corrected_baseline,0.75,0,82.23860000725836,0,0,1,0,0,3,1,4
SYN-027-mixed_corruption,G027,test,mixed_corruption,corrected_baseline,1.0,0,82.23860000725836,0,0,1,0,0,3,1,4
SYN-027-mixed_corruption,G027,test,mixed_corruption,prescription_order,0.0,0,82.02910000545671,0,0,1,0,0,3,1,4
SYN-027-mixed_corruption,G027,test,mixed_corruption,prescription_order,0.25,1,82.26330000616144,1,0,0,0,0,2,2,4
SYN-027-mixed_corruption,G027,test,mixed_corruption,prescription_order,0.5,2,82.62860000832006,1,0,0,0,0,1,3,4
SYN-027-mixed_corruption,G027,test,mixed_corruption,prescription_order,0.75,3,82.79070000571664,1,0,0,0,0,0,4,4
SYN-027-mixed_corruption,G027,test,mixed_corruption,prescription_order,1.0,4,82.91050000843825,1,0,0,0,0,0,4,4
SYN-027-mixed_corruption,G027,test,mixed_corruption,uncertainty,0.0,0,81.9610000035027,0,0,1,0,0,3,1,4
SYN-027-mixed_corruption,G027,test,mixed_corruption,uncertainty,0.25,1,82.15609999751905,0,0,1,0,0,2,2,4
SYN-027-mixed_corruption,G027,test,mixed_corruption,uncertainty,0.5,2,82.29990000108955,1,0,0,0,0,1,3,4
SYN-027-mixed_corruption,G027,test,mixed_corruption,uncertainty,0.75,3,82.42820000305073,1,0,0,0,0,0,4,4
SYN-027-mixed_corruption,G027,test,mixed_corruption,uncertainty,1.0,4,82.53890000196407,1,0,0,0,0,0,4,4
SYN-027-mixed_corruption,G027,test,mixed_corruption,impact,0.0,0,81.95070000510896,0,0,1,0,0,3,1,4
SYN-027-mixed_corruption,G027,test,mixed_corruption,impact,0.25,1,82.13780000369297,0,0,1,0,0,2,2,4
SYN-027-mixed_corruption,G027,test,mixed_corruption,impact,0.5,2,82.27820000320207,1,0,0,0,0,1,3,4
SYN-027-mixed_corruption,G027,test,mixed_corruption,impact,0.75,3,82.40030000160914,1,0,0,0,0,0,4,4
SYN-027-mixed_corruption,G027,test,mixed_corruption,impact,1.0,4,82.50950000365265,1,0,0,0,0,0,4,4
SYN-027-mixed_corruption,G027,test,mixed_corruption,impact_without_severity,0.0,0,82.0194000043557,0,0,1,0,0,3,1,4
SYN-027-mixed_corruption,G027,test,mixed_corruption,impact_without_severity,0.25,1,82.24030000565108,0,0,1,0,0,2,2,4
SYN-027-mixed_corruption,G027,test,mixed_corruption,impact_without_severity,0.5,2,82.39750000211643,1,0,0,0,0,1,3,4
SYN-027-mixed_corruption,G027,test,mixed_corruption,impact_without_severity,0.75,3,82.53070000500884,1,0,0,0,0,0,4,4
SYN-027-mixed_corruption,G027,test,mixed_corruption,impact_without_severity,1.0,4,82.64180000696797,1,0,0,0,0,0,4,4
SYN-027-mixed_corruption,G027,test,mixed_corruption,gold_upper_bound,0.0,4,82.58580000256188,1,0,0,0,0,0,4,4
SYN-027-mixed_corruption,G027,test,mixed_corruption,gold_upper_bound,0.25,4,82.58580000256188,1,0,0,0,0,0,4,4
SYN-027-mixed_corruption,G027,test,mixed_corruption,gold_upper_bound,0.5,4,82.58580000256188,1,0,0,0,0,0,4,4
SYN-027-mixed_corruption,G027,test,mixed_corruption,gold_upper_bound,0.75,4,82.58580000256188,1,0,0,0,0,0,4,4
SYN-027-mixed_corruption,G027,test,mixed_corruption,gold_upper_bound,1.0,4,82.58580000256188,1,0,0,0,0,0,4,4
SYN-028-clean,G028,test,clean,legacy_baseline,0.0,0,0.658800003293436,2,0,0,2,2,0,4,4
SYN-028-clean,G028,test,clean,legacy_baseline,0.25,0,0.658800003293436,2,0,0,2,2,0,4,4
SYN-028-clean,G028,test,clean,legacy_baseline,0.5,0,0.658800003293436,2,0,0,2,2,0,4,4
SYN-028-clean,G028,test,clean,legacy_baseline,0.75,0,0.658800003293436,2,0,0,2,2,0,4,4
SYN-028-clean,G028,test,clean,legacy_baseline,1.0,0,0.658800003293436,2,0,0,2,2,0,4,4
SYN-028-clean,G028,test,clean,corrected_baseline,0.0,0,0.30619999597547576,2,0,0,2,2,0,4,4
SYN-028-clean,G028,test,clean,corrected_baseline,0.25,0,0.30619999597547576,2,0,0,2,2,0,4,4
SYN-028-clean,G028,test,clean,corrected_baseline,0.5,0,0.30619999597547576,2,0,0,2,2,0,4,4
SYN-028-clean,G028,test,clean,corrected_baseline,0.75,0,0.30619999597547576,2,0,0,2,2,0,4,4
SYN-028-clean,G028,test,clean,corrected_baseline,1.0,0,0.30619999597547576,2,0,0,2,2,0,4,4
SYN-028-clean,G028,test,clean,prescription_order,0.0,0,0.37000000156695023,2,0,0,2,2,0,4,4
SYN-028-clean,G028,test,clean,prescription_order,0.25,1,0.5728000032831915,2,0,0,2,2,0,4,4
SYN-028-clean,G028,test,clean,prescription_order,0.5,2,0.731400003132876,2,0,0,2,2,0,4,4
SYN-028-clean,G028,test,clean,prescription_order,0.75,3,0.8718000026419759,2,0,0,2,2,0,4,4
SYN-028-clean,G028,test,clean,prescription_order,1.0,4,0.9890000073937699,2,0,0,2,2,0,4,4
SYN-028-clean,G028,test,clean,uncertainty,0.0,0,0.24790000315988436,2,0,0,2,2,0,4,4
SYN-028-clean,G028,test,clean,uncertainty,0.25,1,0.4284000024199486,2,0,0,2,2,0,4,4
SYN-028-clean,G028,test,clean,uncertainty,0.5,2,0.5687000011675991,2,0,0,2,2,0,4,4
SYN-028-clean,G028,test,clean,uncertainty,0.75,3,0.698800002282951,2,0,0,2,2,0,4,4
SYN-028-clean,G028,test,clean,uncertainty,1.0,4,0.9841000064625405,2,0,0,2,2,0,4,4
SYN-028-clean,G028,test,clean,impact,0.0,0,0.23330000112764537,2,0,0,2,2,0,4,4
SYN-028-clean,G028,test,clean,impact,0.25,1,0.40640000224811956,2,0,0,2,2,0,4,4
SYN-028-clean,G028,test,clean,impact,0.5,2,0.5504000073415227,2,0,0,2,2,0,4,4
SYN-028-clean,G028,test,clean,impact,0.75,3,0.6782000054954551,2,0,0,2,2,0,4,4
SYN-028-clean,G028,test,clean,impact,1.0,4,0.794000006862916,2,0,0,2,2,0,4,4
SYN-028-clean,G028,test,clean,impact_without_severity,0.0,0,0.2063000065390952,2,0,0,2,2,0,4,4
SYN-028-clean,G028,test,clean,impact_without_severity,0.25,1,0.36580000596586615,2,0,0,2,2,0,4,4
SYN-028-clean,G028,test,clean,impact_without_severity,0.5,2,0.516200001584366,2,0,0,2,2,0,4,4
SYN-028-clean,G028,test,clean,impact_without_severity,0.75,3,0.6443000020226464,2,0,0,2,2,0,4,4
SYN-028-clean,G028,test,clean,impact_without_severity,1.0,4,0.7572000031359494,2,0,0,2,2,0,4,4
SYN-028-clean,G028,test,clean,gold_upper_bound,0.0,4,1.0856000008061528,2,0,0,2,2,0,4,4
SYN-028-clean,G028,test,clean,gold_upper_bound,0.25,4,1.0856000008061528,2,0,0,2,2,0,4,4
SYN-028-clean,G028,test,clean,gold_upper_bound,0.5,4,1.0856000008061528,2,0,0,2,2,0,4,4
SYN-028-clean,G028,test,clean,gold_upper_bound,0.75,4,1.0856000008061528,2,0,0,2,2,0,4,4
SYN-028-clean,G028,test,clean,gold_upper_bound,1.0,4,1.0856000008061528,2,0,0,2,2,0,4,4
SYN-028-single_character_error,G028,test,single_character_error,legacy_baseline,0.0,0,80.19950000016252,0,0,2,0,2,2,2,4
SYN-028-single_character_error,G028,test,single_character_error,legacy_baseline,0.25,0,80.19950000016252,0,0,2,0,2,2,2,4
SYN-028-single_character_error,G028,test,single_character_error,legacy_baseline,0.5,0,80.19950000016252,0,0,2,0,2,2,2,4
SYN-028-single_character_error,G028,test,single_character_error,legacy_baseline,0.75,0,80.19950000016252,0,0,2,0,2,2,2,4
SYN-028-single_character_error,G028,test,single_character_error,legacy_baseline,1.0,0,80.19950000016252,0,0,2,0,2,2,2,4
SYN-028-single_character_error,G028,test,single_character_error,corrected_baseline,0.0,0,80.10000000649597,0,0,2,0,2,2,2,4
SYN-028-single_character_error,G028,test,single_character_error,corrected_baseline,0.25,0,80.10000000649597,0,0,2,0,2,2,2,4
SYN-028-single_character_error,G028,test,single_character_error,corrected_baseline,0.5,0,80.10000000649597,0,0,2,0,2,2,2,4
SYN-028-single_character_error,G028,test,single_character_error,corrected_baseline,0.75,0,80.10000000649597,0,0,2,0,2,2,2,4
SYN-028-single_character_error,G028,test,single_character_error,corrected_baseline,1.0,0,80.10000000649597,0,0,2,0,2,2,2,4
SYN-028-single_character_error,G028,test,single_character_error,prescription_order,0.0,0,79.89110000926303,0,0,2,0,2,2,2,4
SYN-028-single_character_error,G028,test,single_character_error,prescription_order,0.25,1,80.14000000548549,2,0,0,2,2,1,3,4
SYN-028-single_character_error,G028,test,single_character_error,prescription_order,0.5,2,80.3381000077934,2,0,0,2,2,1,3,4
SYN-028-single_character_error,G028,test,single_character_error,prescription_order,0.75,3,80.49890000984306,2,0,0,2,2,0,4,4
SYN-028-single_character_error,G028,test,single_character_error,prescription_order,1.0,4,80.62800001061987,2,0,0,2,2,0,4,4
SYN-028-single_character_error,G028,test,single_character_error,uncertainty,0.0,0,79.80250000400702,0,0,2,0,2,2,2,4
SYN-028-single_character_error,G028,test,single_character_error,uncertainty,0.25,1,79.99370000470662,0,0,2,0,2,1,3,4
SYN-028-single_character_error,G028,test,single_character_error,uncertainty,0.5,2,80.14510000066366,2,0,0,2,2,0,4,4
SYN-028-single_character_error,G028,test,single_character_error,uncertainty,0.75,3,80.28270000068005,2,0,0,2,2,0,4,4
SYN-028-single_character_error,G028,test,single_character_error,uncertainty,1.0,4,80.41880000382662,2,0,0,2,2,0,4,4
SYN-028-single_character_error,G028,test,single_character_error,impact,0.0,0,79.80230000248412,0,0,2,0,2,2,2,4
SYN-028-single_character_error,G028,test,single_character_error,impact,0.25,1,80.01470000453992,2,0,0,2,2,1,3,4
SYN-028-single_character_error,G028,test,single_character_error,impact,0.5,2,80.16970000608126,2,0,0,2,2,0,4,4
SYN-028-single_character_error,G028,test,single_character_error,impact,0.75,3,80.30190000135917,2,0,0,2,2,0,4,4
SYN-028-single_character_error,G028,test,single_character_error,impact,1.0,4,80.42200000636512,2,0,0,2,2,0,4,4
SYN-028-single_character_error,G028,test,single_character_error,impact_without_severity,0.0,0,79.78750000620494,0,0,2,0,2,2,2,4
SYN-028-single_character_error,G028,test,single_character_error,impact_without_severity,0.25,1,79.9989000079222,2,0,0,2,2,1,3,4
SYN-028-single_character_error,G028,test,single_character_error,impact_without_severity,0.5,2,80.14670000557089,2,0,0,2,2,0,4,4
SYN-028-single_character_error,G028,test,single_character_error,impact_without_severity,0.75,3,80.28140000533313,2,0,0,2,2,0,4,4
SYN-028-single_character_error,G028,test,single_character_error,impact_without_severity,1.0,4,80.39990000543185,2,0,0,2,2,0,4,4
SYN-028-single_character_error,G028,test,single_character_error,gold_upper_bound,0.0,4,80.4165000008652,2,0,0,2,2,0,4,4
SYN-028-single_character_error,G028,test,single_character_error,gold_upper_bound,0.25,4,80.4165000008652,2,0,0,2,2,0,4,4
SYN-028-single_character_error,G028,test,single_character_error,gold_upper_bound,0.5,4,80.4165000008652,2,0,0,2,2,0,4,4
SYN-028-single_character_error,G028,test,single_character_error,gold_upper_bound,0.75,4,80.4165000008652,2,0,0,2,2,0,4,4
SYN-028-single_character_error,G028,test,single_character_error,gold_upper_bound,1.0,4,80.4165000008652,2,0,0,2,2,0,4,4
SYN-028-mixed_corruption,G028,test,mixed_corruption,legacy_baseline,0.0,0,46.77770000125747,0,0,2,0,2,4,0,4
SYN-028-mixed_corruption,G028,test,mixed_corruption,legacy_baseline,0.25,0,46.77770000125747,0,0,2,0,2,4,0,4
SYN-028-mixed_corruption,G028,test,mixed_corruption,legacy_baseline,0.5,0,46.77770000125747,0,0,2,0,2,4,0,4
SYN-028-mixed_corruption,G028,test,mixed_corruption,legacy_baseline,0.75,0,46.77770000125747,0,0,2,0,2,4,0,4
SYN-028-mixed_corruption,G028,test,mixed_corruption,legacy_baseline,1.0,0,46.77770000125747,0,0,2,0,2,4,0,4
SYN-028-mixed_corruption,G028,test,mixed_corruption,corrected_baseline,0.0,0,46.98189999908209,0,0,2,0,2,4,0,4
SYN-028-mixed_corruption,G028,test,mixed_corruption,corrected_baseline,0.25,0,46.98189999908209,0,0,2,0,2,4,0,4
SYN-028-mixed_corruption,G028,test,mixed_corruption,corrected_baseline,0.5,0,46.98189999908209,0,0,2,0,2,4,0,4
SYN-028-mixed_corruption,G028,test,mixed_corruption,corrected_baseline,0.75,0,46.98189999908209,0,0,2,0,2,4,0,4
SYN-028-mixed_corruption,G028,test,mixed_corruption,corrected_baseline,1.0,0,46.98189999908209,0,0,2,0,2,4,0,4
SYN-028-mixed_corruption,G028,test,mixed_corruption,prescription_order,0.0,0,46.56359999353299,0,0,2,0,2,4,0,4
SYN-028-mixed_corruption,G028,test,mixed_corruption,prescription_order,0.25,1,47.02289999113418,0,0,2,0,2,3,1,4
SYN-028-mixed_corruption,G028,test,mixed_corruption,prescription_order,0.5,2,47.35659999278141,1,0,1,1,2,2,2,4
SYN-028-mixed_corruption,G028,test,mixed_corruption,prescription_order,0.75,3,47.58639999636216,2,0,0,2,2,1,3,4
SYN-028-mixed_corruption,G028,test,mixed_corruption,prescription_order,1.0,4,47.72399999637855,2,0,0,2,2,0,4,4
SYN-028-mixed_corruption,G028,test,mixed_corruption,uncertainty,0.0,0,46.44379999808734,0,0,2,0,2,4,0,4
SYN-028-mixed_corruption,G028,test,mixed_corruption,uncertainty,0.25,1,46.893099999579135,0,0,2,0,2,3,1,4
SYN-028-mixed_corruption,G028,test,mixed_corruption,uncertainty,0.5,2,47.33519999717828,0,0,2,0,2,2,2,4
SYN-028-mixed_corruption,G028,test,mixed_corruption,uncertainty,0.75,3,47.49209999863524,0,0,2,0,2,1,3,4
SYN-028-mixed_corruption,G028,test,mixed_corruption,uncertainty,1.0,4,47.6252000007662,2,0,0,2,2,0,4,4
SYN-028-mixed_corruption,G028,test,mixed_corruption,impact,0.0,0,46.443100000033155,0,0,2,0,2,4,0,4
SYN-028-mixed_corruption,G028,test,mixed_corruption,impact,0.25,1,46.80499999813037,0,0,2,0,2,3,1,4
SYN-028-mixed_corruption,G028,test,mixed_corruption,impact,0.5,2,91.19310000096448,1,0,1,1,2,2,2,4
SYN-028-mixed_corruption,G028,test,mixed_corruption,impact,0.75,3,91.45049999642652,2,0,0,2,2,1,3,4
SYN-028-mixed_corruption,G028,test,mixed_corruption,impact,1.0,4,91.58359999855747,2,0,0,2,2,0,4,4
SYN-028-mixed_corruption,G028,test,mixed_corruption,impact_without_severity,0.0,0,46.506099999533035,0,0,2,0,2,4,0,4
SYN-028-mixed_corruption,G028,test,mixed_corruption,impact_without_severity,0.25,1,46.902599999157246,0,0,2,0,2,3,1,4
SYN-028-mixed_corruption,G028,test,mixed_corruption,impact_without_severity,0.5,2,47.16589999588905,0,0,2,0,2,2,2,4
SYN-028-mixed_corruption,G028,test,mixed_corruption,impact_without_severity,0.75,3,47.33760000090115,2,0,0,2,2,1,3,4
SYN-028-mixed_corruption,G028,test,mixed_corruption,impact_without_severity,1.0,4,47.46270000032382,2,0,0,2,2,0,4,4
SYN-028-mixed_corruption,G028,test,mixed_corruption,gold_upper_bound,0.0,4,47.399299997778144,2,0,0,2,2,0,4,4
SYN-028-mixed_corruption,G028,test,mixed_corruption,gold_upper_bound,0.25,4,47.399299997778144,2,0,0,2,2,0,4,4
SYN-028-mixed_corruption,G028,test,mixed_corruption,gold_upper_bound,0.5,4,47.399299997778144,2,0,0,2,2,0,4,4
SYN-028-mixed_corruption,G028,test,mixed_corruption,gold_upper_bound,0.75,4,47.399299997778144,2,0,0,2,2,0,4,4
SYN-028-mixed_corruption,G028,test,mixed_corruption,gold_upper_bound,1.0,4,47.399299997778144,2,0,0,2,2,0,4,4
SYN-029-clean,G029,test,clean,legacy_baseline,0.0,0,0.7115999978850596,1,0,0,0,0,0,4,4
SYN-029-clean,G029,test,clean,legacy_baseline,0.25,0,0.7115999978850596,1,0,0,0,0,0,4,4
SYN-029-clean,G029,test,clean,legacy_baseline,0.5,0,0.7115999978850596,1,0,0,0,0,0,4,4
SYN-029-clean,G029,test,clean,legacy_baseline,0.75,0,0.7115999978850596,1,0,0,0,0,0,4,4
SYN-029-clean,G029,test,clean,legacy_baseline,1.0,0,0.7115999978850596,1,0,0,0,0,0,4,4
SYN-029-clean,G029,test,clean,corrected_baseline,0.0,0,0.27380000392440706,1,0,0,0,0,0,4,4
SYN-029-clean,G029,test,clean,corrected_baseline,0.25,0,0.27380000392440706,1,0,0,0,0,0,4,4
SYN-029-clean,G029,test,clean,corrected_baseline,0.5,0,0.27380000392440706,1,0,0,0,0,0,4,4
SYN-029-clean,G029,test,clean,corrected_baseline,0.75,0,0.27380000392440706,1,0,0,0,0,0,4,4
SYN-029-clean,G029,test,clean,corrected_baseline,1.0,0,0.27380000392440706,1,0,0,0,0,0,4,4
SYN-029-clean,G029,test,clean,prescription_order,0.0,0,0.1973000034922734,1,0,0,0,0,0,4,4
SYN-029-clean,G029,test,clean,prescription_order,0.25,1,0.34950000554090366,1,0,0,0,0,0,4,4
SYN-029-clean,G029,test,clean,prescription_order,0.5,2,0.48120000428752974,1,0,0,0,0,0,4,4
SYN-029-clean,G029,test,clean,prescription_order,0.75,3,0.5985000025248155,1,0,0,0,0,0,4,4
SYN-029-clean,G029,test,clean,prescription_order,1.0,4,0.7026000021141954,1,0,0,0,0,0,4,4
SYN-029-clean,G029,test,clean,uncertainty,0.0,0,0.19299999985378236,1,0,0,0,0,0,4,4
SYN-029-clean,G029,test,clean,uncertainty,0.25,1,0.3409999990253709,1,0,0,0,0,0,4,4
SYN-029-clean,G029,test,clean,uncertainty,0.5,2,0.46970000403234735,1,0,0,0,0,0,4,4
SYN-029-clean,G029,test,clean,uncertainty,0.75,3,0.6523999982164241,1,0,0,0,0,0,4,4
SYN-029-clean,G029,test,clean,uncertainty,1.0,4,0.7767999995849095,1,0,0,0,0,0,4,4
SYN-029-clean,G029,test,clean,impact,0.0,0,0.1962000023922883,1,0,0,0,0,0,4,4
SYN-029-clean,G029,test,clean,impact,0.25,1,0.34109999978682026,1,0,0,0,0,0,4,4
SYN-029-clean,G029,test,clean,impact,0.5,2,0.4664000007323921,1,0,0,0,0,0,4,4
SYN-029-clean,G029,test,clean,impact,0.75,3,0.5815000040456653,1,0,0,0,0,0,4,4
SYN-029-clean,G029,test,clean,impact,1.0,4,0.6824000010965392,1,0,0,0,0,0,4,4
SYN-029-clean,G029,test,clean,impact_without_severity,0.0,0,0.18870000349124894,1,0,0,0,0,0,4,4
SYN-029-clean,G029,test,clean,impact_without_severity,0.25,1,0.33319999783998355,1,0,0,0,0,0,4,4
SYN-029-clean,G029,test,clean,impact_without_severity,0.5,2,0.46129999827826396,1,0,0,0,0,0,4,4
SYN-029-clean,G029,test,clean,impact_without_severity,0.75,3,0.5760999993071891,1,0,0,0,0,0,4,4
SYN-029-clean,G029,test,clean,impact_without_severity,1.0,4,0.6763999990653247,1,0,0,0,0,0,4,4
SYN-029-clean,G029,test,clean,gold_upper_bound,0.0,4,0.6854000021121465,1,0,0,0,0,0,4,4
SYN-029-clean,G029,test,clean,gold_upper_bound,0.25,4,0.6854000021121465,1,0,0,0,0,0,4,4
SYN-029-clean,G029,test,clean,gold_upper_bound,0.5,4,0.6854000021121465,1,0,0,0,0,0,4,4
SYN-029-clean,G029,test,clean,gold_upper_bound,0.75,4,0.6854000021121465,1,0,0,0,0,0,4,4
SYN-029-clean,G029,test,clean,gold_upper_bound,1.0,4,0.6854000021121465,1,0,0,0,0,0,4,4
SYN-029-single_character_error,G029,test,single_character_error,legacy_baseline,0.0,0,70.60509999428177,0,0,1,0,0,2,2,4
SYN-029-single_character_error,G029,test,single_character_error,legacy_baseline,0.25,0,70.60509999428177,0,0,1,0,0,2,2,4
SYN-029-single_character_error,G029,test,single_character_error,legacy_baseline,0.5,0,70.60509999428177,0,0,1,0,0,2,2,4
SYN-029-single_character_error,G029,test,single_character_error,legacy_baseline,0.75,0,70.60509999428177,0,0,1,0,0,2,2,4
SYN-029-single_character_error,G029,test,single_character_error,legacy_baseline,1.0,0,70.60509999428177,0,0,1,0,0,2,2,4
SYN-029-single_character_error,G029,test,single_character_error,corrected_baseline,0.0,0,70.59339999977965,0,0,1,0,0,2,2,4
SYN-029-single_character_error,G029,test,single_character_error,corrected_baseline,0.25,0,70.59339999977965,0,0,1,0,0,2,2,4
SYN-029-single_character_error,G029,test,single_character_error,corrected_baseline,0.5,0,70.59339999977965,0,0,1,0,0,2,2,4
SYN-029-single_character_error,G029,test,single_character_error,corrected_baseline,0.75,0,70.59339999977965,0,0,1,0,0,2,2,4
SYN-029-single_character_error,G029,test,single_character_error,corrected_baseline,1.0,0,70.59339999977965,0,0,1,0,0,2,2,4
SYN-029-single_character_error,G029,test,single_character_error,prescription_order,0.0,0,70.3737999938312,0,0,1,0,0,2,2,4
SYN-029-single_character_error,G029,test,single_character_error,prescription_order,0.25,1,70.58089999190997,1,0,0,0,0,1,3,4
SYN-029-single_character_error,G029,test,single_character_error,prescription_order,0.5,2,70.75419999455335,1,0,0,0,0,1,3,4
SYN-029-single_character_error,G029,test,single_character_error,prescription_order,0.75,3,70.88699999439996,1,0,0,0,0,0,4,4
SYN-029-single_character_error,G029,test,single_character_error,prescription_order,1.0,4,70.99999999627471,1,0,0,0,0,0,4,4
SYN-029-single_character_error,G029,test,single_character_error,uncertainty,0.0,0,70.24619999720016,0,0,1,0,0,2,2,4
SYN-029-single_character_error,G029,test,single_character_error,uncertainty,0.25,1,70.4453999933321,1,0,0,0,0,1,3,4
SYN-029-single_character_error,G029,test,single_character_error,uncertainty,0.5,2,70.71379999251803,1,0,0,0,0,0,4,4
SYN-029-single_character_error,G029,test,single_character_error,uncertainty,0.75,3,70.84419999591773,1,0,0,0,0,0,4,4
SYN-029-single_character_error,G029,test,single_character_error,uncertainty,1.0,4,70.95409999601543,1,0,0,0,0,0,4,4
SYN-029-single_character_error,G029,test,single_character_error,impact,0.0,0,70.25319999956992,0,0,1,0,0,2,2,4
SYN-029-single_character_error,G029,test,single_character_error,impact,0.25,1,70.44760000280803,1,0,0,0,0,1,3,4
SYN-029-single_character_error,G029,test,single_character_error,impact,0.5,2,70.58359999791719,1,0,0,0,0,0,4,4
SYN-029-single_character_error,G029,test,single_character_error,impact,0.75,3,70.70419999945443,1,0,0,0,0,0,4,4
SYN-029-single_character_error,G029,test,single_character_error,impact,1.0,4,70.81029999972088,1,0,0,0,0,0,4,4
SYN-029-single_character_error,G029,test,single_character_error,impact_without_severity,0.0,0,70.24249999085441,0,0,1,0,0,2,2,4
SYN-029-single_character_error,G029,test,single_character_error,impact_without_severity,0.25,1,70.43379999231547,1,0,0,0,0,1,3,4
SYN-029-single_character_error,G029,test,single_character_error,impact_without_severity,0.5,2,70.57059999351623,1,0,0,0,0,0,4,4
SYN-029-single_character_error,G029,test,single_character_error,impact_without_severity,0.75,3,70.692199995392,1,0,0,0,0,0,4,4
SYN-029-single_character_error,G029,test,single_character_error,impact_without_severity,1.0,4,70.81289999041473,1,0,0,0,0,0,4,4
SYN-029-single_character_error,G029,test,single_character_error,gold_upper_bound,0.0,4,70.78679999540327,1,0,0,0,0,0,4,4
SYN-029-single_character_error,G029,test,single_character_error,gold_upper_bound,0.25,4,70.78679999540327,1,0,0,0,0,0,4,4
SYN-029-single_character_error,G029,test,single_character_error,gold_upper_bound,0.5,4,70.78679999540327,1,0,0,0,0,0,4,4
SYN-029-single_character_error,G029,test,single_character_error,gold_upper_bound,0.75,4,70.78679999540327,1,0,0,0,0,0,4,4
SYN-029-single_character_error,G029,test,single_character_error,gold_upper_bound,1.0,4,70.78679999540327,1,0,0,0,0,0,4,4
SYN-029-mixed_corruption,G029,test,mixed_corruption,legacy_baseline,0.0,0,58.22660000558244,0,0,1,0,0,3,1,4
SYN-029-mixed_corruption,G029,test,mixed_corruption,legacy_baseline,0.25,0,58.22660000558244,0,0,1,0,0,3,1,4
SYN-029-mixed_corruption,G029,test,mixed_corruption,legacy_baseline,0.5,0,58.22660000558244,0,0,1,0,0,3,1,4
SYN-029-mixed_corruption,G029,test,mixed_corruption,legacy_baseline,0.75,0,58.22660000558244,0,0,1,0,0,3,1,4
SYN-029-mixed_corruption,G029,test,mixed_corruption,legacy_baseline,1.0,0,58.22660000558244,0,0,1,0,0,3,1,4
SYN-029-mixed_corruption,G029,test,mixed_corruption,corrected_baseline,0.0,0,58.33740000525722,0,0,1,0,0,3,1,4
SYN-029-mixed_corruption,G029,test,mixed_corruption,corrected_baseline,0.25,0,58.33740000525722,0,0,1,0,0,3,1,4
SYN-029-mixed_corruption,G029,test,mixed_corruption,corrected_baseline,0.5,0,58.33740000525722,0,0,1,0,0,3,1,4
SYN-029-mixed_corruption,G029,test,mixed_corruption,corrected_baseline,0.75,0,58.33740000525722,0,0,1,0,0,3,1,4
SYN-029-mixed_corruption,G029,test,mixed_corruption,corrected_baseline,1.0,0,58.33740000525722,0,0,1,0,0,3,1,4
SYN-029-mixed_corruption,G029,test,mixed_corruption,prescription_order,0.0,0,58.04960000386927,0,0,1,0,0,3,1,4
SYN-029-mixed_corruption,G029,test,mixed_corruption,prescription_order,0.25,1,58.36220000492176,1,0,0,0,0,2,2,4
SYN-029-mixed_corruption,G029,test,mixed_corruption,prescription_order,0.5,2,58.58230000012554,1,0,0,0,0,1,3,4
SYN-029-mixed_corruption,G029,test,mixed_corruption,prescription_order,0.75,3,58.73570000403561,1,0,0,0,0,0,4,4
SYN-029-mixed_corruption,G029,test,mixed_corruption,prescription_order,1.0,4,58.849900000495836,1,0,0,0,0,0,4,4
SYN-029-mixed_corruption,G029,test,mixed_corruption,uncertainty,0.0,0,57.91490000410704,0,0,1,0,0,3,1,4
SYN-029-mixed_corruption,G029,test,mixed_corruption,uncertainty,0.25,1,58.19619999965653,0,0,1,0,0,2,2,4
SYN-029-mixed_corruption,G029,test,mixed_corruption,uncertainty,0.5,2,58.38690000382485,1,0,0,0,0,1,3,4
SYN-029-mixed_corruption,G029,test,mixed_corruption,uncertainty,0.75,3,58.516400000371505,1,0,0,0,0,0,4,4
SYN-029-mixed_corruption,G029,test,mixed_corruption,uncertainty,1.0,4,58.62619999970775,1,0,0,0,0,0,4,4
SYN-029-mixed_corruption,G029,test,mixed_corruption,impact,0.0,0,57.87140000029467,0,0,1,0,0,3,1,4
SYN-029-mixed_corruption,G029,test,mixed_corruption,impact,0.25,1,58.088000005227514,1,0,0,0,0,2,2,4
SYN-029-mixed_corruption,G029,test,mixed_corruption,impact,0.5,2,58.24850000499282,1,0,0,0,0,1,3,4
SYN-029-mixed_corruption,G029,test,mixed_corruption,impact,0.75,3,58.38590000348631,1,0,0,0,0,0,4,4
SYN-029-mixed_corruption,G029,test,mixed_corruption,impact,1.0,4,58.4932000056142,1,0,0,0,0,0,4,4
SYN-029-mixed_corruption,G029,test,mixed_corruption,impact_without_severity,0.0,0,57.86360000638524,0,0,1,0,0,3,1,4
SYN-029-mixed_corruption,G029,test,mixed_corruption,impact_without_severity,0.25,1,58.07430000277236,1,0,0,0,0,2,2,4
SYN-029-mixed_corruption,G029,test,mixed_corruption,impact_without_severity,0.5,2,58.2364000074449,1,0,0,0,0,1,3,4
SYN-029-mixed_corruption,G029,test,mixed_corruption,impact_without_severity,0.75,3,58.36030000500614,1,0,0,0,0,0,4,4
SYN-029-mixed_corruption,G029,test,mixed_corruption,impact_without_severity,1.0,4,58.467900002142414,1,0,0,0,0,0,4,4
SYN-029-mixed_corruption,G029,test,mixed_corruption,gold_upper_bound,0.0,4,58.45100000442471,1,0,0,0,0,0,4,4
SYN-029-mixed_corruption,G029,test,mixed_corruption,gold_upper_bound,0.25,4,58.45100000442471,1,0,0,0,0,0,4,4
SYN-029-mixed_corruption,G029,test,mixed_corruption,gold_upper_bound,0.5,4,58.45100000442471,1,0,0,0,0,0,4,4
SYN-029-mixed_corruption,G029,test,mixed_corruption,gold_upper_bound,0.75,4,58.45100000442471,1,0,0,0,0,0,4,4
SYN-029-mixed_corruption,G029,test,mixed_corruption,gold_upper_bound,1.0,4,58.45100000442471,1,0,0,0,0,0,4,4
SYN-031-clean,G031,test,clean,legacy_baseline,0.0,0,0.5909000028623268,4,0,0,0,0,0,4,4
SYN-031-clean,G031,test,clean,legacy_baseline,0.25,0,0.5909000028623268,4,0,0,0,0,0,4,4
SYN-031-clean,G031,test,clean,legacy_baseline,0.5,0,0.5909000028623268,4,0,0,0,0,0,4,4
SYN-031-clean,G031,test,clean,legacy_baseline,0.75,0,0.5909000028623268,4,0,0,0,0,0,4,4
SYN-031-clean,G031,test,clean,legacy_baseline,1.0,0,0.5909000028623268,4,0,0,0,0,0,4,4
SYN-031-clean,G031,test,clean,corrected_baseline,0.0,0,0.43730000470532104,4,0,0,0,0,0,4,4
SYN-031-clean,G031,test,clean,corrected_baseline,0.25,0,0.43730000470532104,4,0,0,0,0,0,4,4
SYN-031-clean,G031,test,clean,corrected_baseline,0.5,0,0.43730000470532104,4,0,0,0,0,0,4,4
SYN-031-clean,G031,test,clean,corrected_baseline,0.75,0,0.43730000470532104,4,0,0,0,0,0,4,4
SYN-031-clean,G031,test,clean,corrected_baseline,1.0,0,0.43730000470532104,4,0,0,0,0,0,4,4
SYN-031-clean,G031,test,clean,prescription_order,0.0,0,0.3100000030826777,4,0,0,0,0,0,4,4
SYN-031-clean,G031,test,clean,prescription_order,0.25,1,0.4941000006510876,4,0,0,0,0,0,4,4
SYN-031-clean,G031,test,clean,prescription_order,0.5,2,0.6637000042246655,4,0,0,0,0,0,4,4
SYN-031-clean,G031,test,clean,prescription_order,0.75,3,0.8158999989973381,4,0,0,0,0,0,4,4
SYN-031-clean,G031,test,clean,prescription_order,1.0,4,0.9678999995230697,4,0,0,0,0,0,4,4
SYN-031-clean,G031,test,clean,uncertainty,0.0,0,0.2280000044265762,4,0,0,0,0,0,4,4
SYN-031-clean,G031,test,clean,uncertainty,0.25,1,0.4129000080865808,4,0,0,0,0,0,4,4
SYN-031-clean,G031,test,clean,uncertainty,0.5,2,0.5747000031988136,4,0,0,0,0,0,4,4
SYN-031-clean,G031,test,clean,uncertainty,0.75,3,0.7253000076161698,4,0,0,0,0,0,4,4
SYN-031-clean,G031,test,clean,uncertainty,1.0,4,0.8625000045867637,4,0,0,0,0,0,4,4
SYN-031-clean,G031,test,clean,impact,0.0,0,0.2282999994349666,4,0,0,0,0,0,4,4
SYN-031-clean,G031,test,clean,impact,0.25,1,0.4087999986950308,4,0,0,0,0,0,4,4
SYN-031-clean,G031,test,clean,impact,0.5,2,0.5663999982061796,4,0,0,0,0,0,4,4
SYN-031-clean,G031,test,clean,impact,0.75,3,0.7126999989850447,4,0,0,0,0,0,4,4
SYN-031-clean,G031,test,clean,impact,1.0,4,0.9714999978314154,4,0,0,0,0,0,4,4
SYN-031-clean,G031,test,clean,impact_without_severity,0.0,0,0.33880000410135835,4,0,0,0,0,0,4,4
SYN-031-clean,G031,test,clean,impact_without_severity,0.25,1,0.8057000013650395,4,0,0,0,0,0,4,4
SYN-031-clean,G031,test,clean,impact_without_severity,0.5,2,1.2676000042119995,4,0,0,0,0,0,4,4
SYN-031-clean,G031,test,clean,impact_without_severity,0.75,3,1.4828999992460012,4,0,0,0,0,0,4,4
SYN-031-clean,G031,test,clean,impact_without_severity,1.0,4,1.6996999984257855,4,0,0,0,0,0,4,4
SYN-031-clean,G031,test,clean,gold_upper_bound,0.0,4,2.349900001718197,4,0,0,0,0,0,4,4
SYN-031-clean,G031,test,clean,gold_upper_bound,0.25,4,2.349900001718197,4,0,0,0,0,0,4,4
SYN-031-clean,G031,test,clean,gold_upper_bound,0.5,4,2.349900001718197,4,0,0,0,0,0,4,4
SYN-031-clean,G031,test,clean,gold_upper_bound,0.75,4,2.349900001718197,4,0,0,0,0,0,4,4
SYN-031-clean,G031,test,clean,gold_upper_bound,1.0,4,2.349900001718197,4,0,0,0,0,0,4,4
SYN-031-single_character_error,G031,test,single_character_error,legacy_baseline,0.0,0,73.7654000040493,1,0,3,0,0,2,2,4
SYN-031-single_character_error,G031,test,single_character_error,legacy_baseline,0.25,0,73.7654000040493,1,0,3,0,0,2,2,4
SYN-031-single_character_error,G031,test,single_character_error,legacy_baseline,0.5,0,73.7654000040493,1,0,3,0,0,2,2,4
SYN-031-single_character_error,G031,test,single_character_error,legacy_baseline,0.75,0,73.7654000040493,1,0,3,0,0,2,2,4
SYN-031-single_character_error,G031,test,single_character_error,legacy_baseline,1.0,0,73.7654000040493,1,0,3,0,0,2,2,4
SYN-031-single_character_error,G031,test,single_character_error,corrected_baseline,0.0,0,73.5943000036059,1,0,3,0,0,2,2,4
SYN-031-single_character_error,G031,test,single_character_error,corrected_baseline,0.25,0,73.5943000036059,1,0,3,0,0,2,2,4
SYN-031-single_character_error,G031,test,single_character_error,corrected_baseline,0.5,0,73.5943000036059,1,0,3,0,0,2,2,4
SYN-031-single_character_error,G031,test,single_character_error,corrected_baseline,0.75,0,73.5943000036059,1,0,3,0,0,2,2,4
SYN-031-single_character_error,G031,test,single_character_error,corrected_baseline,1.0,0,73.5943000036059,1,0,3,0,0,2,2,4
SYN-031-single_character_error,G031,test,single_character_error,prescription_order,0.0,0,73.32600000518141,1,0,3,0,0,2,2,4
SYN-031-single_character_error,G031,test,single_character_error,prescription_order,0.25,1,73.77130000531906,2,0,2,0,0,1,3,4
SYN-031-single_character_error,G031,test,single_character_error,prescription_order,0.5,2,74.13570000062464,2,0,2,0,0,1,3,4
SYN-031-single_character_error,G031,test,single_character_error,prescription_order,0.75,3,74.45269999880111,4,0,0,0,0,0,4,4
SYN-031-single_character_error,G031,test,single_character_error,prescription_order,1.0,4,74.85910000104923,4,0,0,0,0,0,4,4
SYN-031-single_character_error,G031,test,single_character_error,uncertainty,0.0,0,73.17770000372548,1,0,3,0,0,2,2,4
SYN-031-single_character_error,G031,test,single_character_error,uncertainty,0.25,1,73.58180000301218,2,0,2,0,0,1,3,4
SYN-031-single_character_error,G031,test,single_character_error,uncertainty,0.5,2,73.88260000152513,4,0,0,0,0,0,4,4
SYN-031-single_character_error,G031,test,single_character_error,uncertainty,0.75,3,74.15830000536516,4,0,0,0,0,0,4,4
SYN-031-single_character_error,G031,test,single_character_error,uncertainty,1.0,4,74.40650000353344,4,0,0,0,0,0,4,4
SYN-031-single_character_error,G031,test,single_character_error,impact,0.0,0,73.14349999796832,1,0,3,0,0,2,2,4
SYN-031-single_character_error,G031,test,single_character_error,impact,0.25,1,73.47619999927701,2,0,2,0,0,1,3,4
SYN-031-single_character_error,G031,test,single_character_error,impact,0.5,2,73.79480000236072,4,0,0,0,0,0,4,4
SYN-031-single_character_error,G031,test,single_character_error,impact,0.75,3,74.06389999960084,4,0,0,0,0,0,4,4
SYN-031-single_character_error,G031,test,single_character_error,impact,1.0,4,74.30810000369092,4,0,0,0,0,0,4,4
SYN-031-single_character_error,G031,test,single_character_error,impact_without_severity,0.0,0,73.14490000135265,1,0,3,0,0,2,2,4
SYN-031-single_character_error,G031,test,single_character_error,impact_without_severity,0.25,1,73.47500000469154,2,0,2,0,0,1,3,4
SYN-031-single_character_error,G031,test,single_character_error,impact_without_severity,0.5,2,73.76710000244202,4,0,0,0,0,0,4,4
SYN-031-single_character_error,G031,test,single_character_error,impact_without_severity,0.75,3,74.05760000256123,4,0,0,0,0,0,4,4
SYN-031-single_character_error,G031,test,single_character_error,impact_without_severity,1.0,4,74.32150000386173,4,0,0,0,0,0,4,4
SYN-031-single_character_error,G031,test,single_character_error,gold_upper_bound,0.0,4,74.24910000554519,4,0,0,0,0,0,4,4
SYN-031-single_character_error,G031,test,single_character_error,gold_upper_bound,0.25,4,74.24910000554519,4,0,0,0,0,0,4,4
SYN-031-single_character_error,G031,test,single_character_error,gold_upper_bound,0.5,4,74.24910000554519,4,0,0,0,0,0,4,4
SYN-031-single_character_error,G031,test,single_character_error,gold_upper_bound,0.75,4,74.24910000554519,4,0,0,0,0,0,4,4
SYN-031-single_character_error,G031,test,single_character_error,gold_upper_bound,1.0,4,74.24910000554519,4,0,0,0,0,0,4,4
SYN-031-mixed_corruption,G031,test,mixed_corruption,legacy_baseline,0.0,0,61.17790000280365,0,0,4,0,0,3,1,4
SYN-031-mixed_corruption,G031,test,mixed_corruption,legacy_baseline,0.25,0,61.17790000280365,0,0,4,0,0,3,1,4
SYN-031-mixed_corruption,G031,test,mixed_corruption,legacy_baseline,0.5,0,61.17790000280365,0,0,4,0,0,3,1,4
SYN-031-mixed_corruption,G031,test,mixed_corruption,legacy_baseline,0.75,0,61.17790000280365,0,0,4,0,0,3,1,4
SYN-031-mixed_corruption,G031,test,mixed_corruption,legacy_baseline,1.0,0,61.17790000280365,0,0,4,0,0,3,1,4
SYN-031-mixed_corruption,G031,test,mixed_corruption,corrected_baseline,0.0,0,61.28850000095554,0,0,4,0,0,3,1,4
SYN-031-mixed_corruption,G031,test,mixed_corruption,corrected_baseline,0.25,0,61.28850000095554,0,0,4,0,0,3,1,4
SYN-031-mixed_corruption,G031,test,mixed_corruption,corrected_baseline,0.5,0,61.28850000095554,0,0,4,0,0,3,1,4
SYN-031-mixed_corruption,G031,test,mixed_corruption,corrected_baseline,0.75,0,61.28850000095554,0,0,4,0,0,3,1,4
SYN-031-mixed_corruption,G031,test,mixed_corruption,corrected_baseline,1.0,0,61.28850000095554,0,0,4,0,0,3,1,4
SYN-031-mixed_corruption,G031,test,mixed_corruption,prescription_order,0.0,0,60.94830000802176,0,0,4,0,0,3,1,4
SYN-031-mixed_corruption,G031,test,mixed_corruption,prescription_order,0.25,1,61.303800001041964,1,0,3,0,0,2,2,4
SYN-031-mixed_corruption,G031,test,mixed_corruption,prescription_order,0.5,2,61.560100002679974,2,0,2,0,0,1,3,4
SYN-031-mixed_corruption,G031,test,mixed_corruption,prescription_order,0.75,3,61.75990000338061,4,0,0,0,0,0,4,4
SYN-031-mixed_corruption,G031,test,mixed_corruption,prescription_order,1.0,4,61.98650000442285,4,0,0,0,0,0,4,4
SYN-031-mixed_corruption,G031,test,mixed_corruption,uncertainty,0.0,0,60.860899997351225,0,0,4,0,0,3,1,4
SYN-031-mixed_corruption,G031,test,mixed_corruption,uncertainty,0.25,1,61.146499996539205,1,0,3,0,0,2,2,4
SYN-031-mixed_corruption,G031,test,mixed_corruption,uncertainty,0.5,2,61.34139999630861,2,0,2,0,0,1,3,4
SYN-031-mixed_corruption,G031,test,mixed_corruption,uncertainty,0.75,3,61.53169999743113,4,0,0,0,0,0,4,4
SYN-031-mixed_corruption,G031,test,mixed_corruption,uncertainty,1.0,4,61.70489999931306,4,0,0,0,0,0,4,4
SYN-031-mixed_corruption,G031,test,mixed_corruption,impact,0.0,0,60.86740000318969,0,0,4,0,0,3,1,4
SYN-031-mixed_corruption,G031,test,mixed_corruption,impact,0.25,1,61.13760000152979,1,0,3,0,0,2,2,4
SYN-031-mixed_corruption,G031,test,mixed_corruption,impact,0.5,2,61.324900001636706,2,0,2,0,0,1,3,4
SYN-031-mixed_corruption,G031,test,mixed_corruption,impact,0.75,3,61.50860000343528,4,0,0,0,0,0,4,4
SYN-031-mixed_corruption,G031,test,mixed_corruption,impact,1.0,4,61.673800002608914,4,0,0,0,0,0,4,4
SYN-031-mixed_corruption,G031,test,mixed_corruption,impact_without_severity,0.0,0,60.928799997782335,0,0,4,0,0,3,1,4
SYN-031-mixed_corruption,G031,test,mixed_corruption,impact_without_severity,0.25,1,61.19870000111405,1,0,3,0,0,2,2,4
SYN-031-mixed_corruption,G031,test,mixed_corruption,impact_without_severity,0.5,2,61.40340000274591,2,0,2,0,0,1,3,4
SYN-031-mixed_corruption,G031,test,mixed_corruption,impact_without_severity,0.75,3,61.5927000035299,4,0,0,0,0,0,4,4
SYN-031-mixed_corruption,G031,test,mixed_corruption,impact_without_severity,1.0,4,61.758999996527564,4,0,0,0,0,0,4,4
SYN-031-mixed_corruption,G031,test,mixed_corruption,gold_upper_bound,0.0,4,61.649999996006954,4,0,0,0,0,0,4,4
SYN-031-mixed_corruption,G031,test,mixed_corruption,gold_upper_bound,0.25,4,61.649999996006954,4,0,0,0,0,0,4,4
SYN-031-mixed_corruption,G031,test,mixed_corruption,gold_upper_bound,0.5,4,61.649999996006954,4,0,0,0,0,0,4,4
SYN-031-mixed_corruption,G031,test,mixed_corruption,gold_upper_bound,0.75,4,61.649999996006954,4,0,0,0,0,0,4,4
SYN-031-mixed_corruption,G031,test,mixed_corruption,gold_upper_bound,1.0,4,61.649999996006954,4,0,0,0,0,0,4,4
SYN-032-clean,G032,test,clean,legacy_baseline,0.0,0,0.8440999954473227,4,0,0,4,4,0,4,4
SYN-032-clean,G032,test,clean,legacy_baseline,0.25,0,0.8440999954473227,4,0,0,4,4,0,4,4
SYN-032-clean,G032,test,clean,legacy_baseline,0.5,0,0.8440999954473227,4,0,0,4,4,0,4,4
SYN-032-clean,G032,test,clean,legacy_baseline,0.75,0,0.8440999954473227,4,0,0,4,4,0,4,4
SYN-032-clean,G032,test,clean,legacy_baseline,1.0,0,0.8440999954473227,4,0,0,4,4,0,4,4
SYN-032-clean,G032,test,clean,corrected_baseline,0.0,0,0.4351999959908426,4,0,0,4,4,0,4,4
SYN-032-clean,G032,test,clean,corrected_baseline,0.25,0,0.4351999959908426,4,0,0,4,4,0,4,4
SYN-032-clean,G032,test,clean,corrected_baseline,0.5,0,0.4351999959908426,4,0,0,4,4,0,4,4
SYN-032-clean,G032,test,clean,corrected_baseline,0.75,0,0.4351999959908426,4,0,0,4,4,0,4,4
SYN-032-clean,G032,test,clean,corrected_baseline,1.0,0,0.4351999959908426,4,0,0,4,4,0,4,4
SYN-032-clean,G032,test,clean,prescription_order,0.0,0,0.26369999977760017,4,0,0,4,4,0,4,4
SYN-032-clean,G032,test,clean,prescription_order,0.25,1,0.47930000437190756,4,0,0,4,4,0,4,4
SYN-032-clean,G032,test,clean,prescription_order,0.5,2,0.6733999980497174,4,0,0,4,4,0,4,4
SYN-032-clean,G032,test,clean,prescription_order,0.75,3,0.8465999999316409,4,0,0,4,4,0,4,4
SYN-032-clean,G032,test,clean,prescription_order,1.0,4,1.0169000015594065,4,0,0,4,4,0,4,4
SYN-032-clean,G032,test,clean,uncertainty,0.0,0,0.2550999997765757,4,0,0,4,4,0,4,4
SYN-032-clean,G032,test,clean,uncertainty,0.25,1,0.4631000047083944,4,0,0,4,4,0,4,4
SYN-032-clean,G032,test,clean,uncertainty,0.5,2,0.6425000028684735,4,0,0,4,4,0,4,4
SYN-032-clean,G032,test,clean,uncertainty,0.75,3,0.8098000034806319,4,0,0,4,4,0,4,4
SYN-032-clean,G032,test,clean,uncertainty,1.0,4,0.9616000024834648,4,0,0,4,4,0,4,4
SYN-032-clean,G032,test,clean,impact,0.0,0,0.25240000104531646,4,0,0,4,4,0,4,4
SYN-032-clean,G032,test,clean,impact,0.25,1,0.45569999929284677,4,0,0,4,4,0,4,4
SYN-032-clean,G032,test,clean,impact,0.5,2,0.6318000014289282,4,0,0,4,4,0,4,4
SYN-032-clean,G032,test,clean,impact,0.75,3,0.7939999995869584,4,0,0,4,4,0,4,4
SYN-032-clean,G032,test,clean,impact,1.0,4,0.9441000001970679,4,0,0,4,4,0,4,4
SYN-032-clean,G032,test,clean,impact_without_severity,0.0,0,0.2643999978317879,4,0,0,4,4,0,4,4
SYN-032-clean,G032,test,clean,impact_without_severity,0.25,1,0.46839999413350597,4,0,0,4,4,0,4,4
SYN-032-clean,G032,test,clean,impact_without_severity,0.5,2,0.6474999972851947,4,0,0,4,4,0,4,4
SYN-032-clean,G032,test,clean,impact_without_severity,0.75,3,0.8203999968827702,4,0,0,4,4,0,4,4
SYN-032-clean,G032,test,clean,impact_without_severity,1.0,4,0.9701999952085316,4,0,0,4,4,0,4,4
SYN-032-clean,G032,test,clean,gold_upper_bound,0.0,4,1.0181999969063327,4,0,0,4,4,0,4,4
SYN-032-clean,G032,test,clean,gold_upper_bound,0.25,4,1.0181999969063327,4,0,0,4,4,0,4,4
SYN-032-clean,G032,test,clean,gold_upper_bound,0.5,4,1.0181999969063327,4,0,0,4,4,0,4,4
SYN-032-clean,G032,test,clean,gold_upper_bound,0.75,4,1.0181999969063327,4,0,0,4,4,0,4,4
SYN-032-clean,G032,test,clean,gold_upper_bound,1.0,4,1.0181999969063327,4,0,0,4,4,0,4,4
SYN-032-single_character_error,G032,test,single_character_error,legacy_baseline,0.0,0,37.1032999973977,0,0,4,0,4,2,2,4
SYN-032-single_character_error,G032,test,single_character_error,legacy_baseline,0.25,0,37.1032999973977,0,0,4,0,4,2,2,4
SYN-032-single_character_error,G032,test,single_character_error,legacy_baseline,0.5,0,37.1032999973977,0,0,4,0,4,2,2,4
SYN-032-single_character_error,G032,test,single_character_error,legacy_baseline,0.75,0,37.1032999973977,0,0,4,0,4,2,2,4
SYN-032-single_character_error,G032,test,single_character_error,legacy_baseline,1.0,0,37.1032999973977,0,0,4,0,4,2,2,4
SYN-032-single_character_error,G032,test,single_character_error,corrected_baseline,0.0,0,37.17350000079023,0,0,4,0,4,2,2,4
SYN-032-single_character_error,G032,test,single_character_error,corrected_baseline,0.25,0,37.17350000079023,0,0,4,0,4,2,2,4
SYN-032-single_character_error,G032,test,single_character_error,corrected_baseline,0.5,0,37.17350000079023,0,0,4,0,4,2,2,4
SYN-032-single_character_error,G032,test,single_character_error,corrected_baseline,0.75,0,37.17350000079023,0,0,4,0,4,2,2,4
SYN-032-single_character_error,G032,test,single_character_error,corrected_baseline,1.0,0,37.17350000079023,0,0,4,0,4,2,2,4
SYN-032-single_character_error,G032,test,single_character_error,prescription_order,0.0,0,36.71299999405164,0,0,4,0,4,2,2,4
SYN-032-single_character_error,G032,test,single_character_error,prescription_order,0.25,1,36.947299995517824,1,0,3,1,4,1,3,4
SYN-032-single_character_error,G032,test,single_character_error,prescription_order,0.5,2,37.12629999790806,1,0,3,1,4,1,3,4
SYN-032-single_character_error,G032,test,single_character_error,prescription_order,0.75,3,37.31619999598479,4,0,0,4,4,0,4,4
SYN-032-single_character_error,G032,test,single_character_error,prescription_order,1.0,4,37.55760000058217,4,0,0,4,4,0,4,4
SYN-032-single_character_error,G032,test,single_character_error,uncertainty,0.0,0,36.661099999037106,0,0,4,0,4,2,2,4
SYN-032-single_character_error,G032,test,single_character_error,uncertainty,0.25,1,36.89419999864185,2,0,2,2,4,1,3,4
SYN-032-single_character_error,G032,test,single_character_error,uncertainty,0.5,2,37.06570000213105,4,0,0,4,4,0,4,4
SYN-032-single_character_error,G032,test,single_character_error,uncertainty,0.75,3,37.24769999826094,4,0,0,4,4,0,4,4
SYN-032-single_character_error,G032,test,single_character_error,uncertainty,1.0,4,37.38710000470746,4,0,0,4,4,0,4,4
SYN-032-single_character_error,G032,test,single_character_error,impact,0.0,0,36.632499999541324,0,0,4,0,4,2,2,4
SYN-032-single_character_error,G032,test,single_character_error,impact,0.25,1,36.847700001089834,2,0,2,2,4,1,3,4
SYN-032-single_character_error,G032,test,single_character_error,impact,0.5,2,37.11540000222158,4,0,0,4,4,0,4,4
SYN-032-single_character_error,G032,test,single_character_error,impact,0.75,3,37.324400000215974,4,0,0,4,4,0,4,4
SYN-032-single_character_error,G032,test,single_character_error,impact,1.0,4,37.47230000590207,4,0,0,4,4,0,4,4
SYN-032-single_character_error,G032,test,single_character_error,impact_without_severity,0.0,0,36.65680000267457,0,0,4,0,4,2,2,4
SYN-032-single_character_error,G032,test,single_character_error,impact_without_severity,0.25,1,36.89270000177203,2,0,2,2,4,1,3,4
SYN-032-single_character_error,G032,test,single_character_error,impact_without_severity,0.5,2,37.06709999823943,4,0,0,4,4,0,4,4
SYN-032-single_character_error,G032,test,single_character_error,impact_without_severity,0.75,3,37.22559999732766,4,0,0,4,4,0,4,4
SYN-032-single_character_error,G032,test,single_character_error,impact_without_severity,1.0,4,37.36889999709092,4,0,0,4,4,0,4,4
SYN-032-single_character_error,G032,test,single_character_error,gold_upper_bound,0.0,4,37.333400003262796,4,0,0,4,4,0,4,4
SYN-032-single_character_error,G032,test,single_character_error,gold_upper_bound,0.25,4,37.333400003262796,4,0,0,4,4,0,4,4
SYN-032-single_character_error,G032,test,single_character_error,gold_upper_bound,0.5,4,37.333400003262796,4,0,0,4,4,0,4,4
SYN-032-single_character_error,G032,test,single_character_error,gold_upper_bound,0.75,4,37.333400003262796,4,0,0,4,4,0,4,4
SYN-032-single_character_error,G032,test,single_character_error,gold_upper_bound,1.0,4,37.333400003262796,4,0,0,4,4,0,4,4
SYN-032-mixed_corruption,G032,test,mixed_corruption,legacy_baseline,0.0,0,57.599300002038945,0,0,4,0,4,3,1,4
SYN-032-mixed_corruption,G032,test,mixed_corruption,legacy_baseline,0.25,0,57.599300002038945,0,0,4,0,4,3,1,4
SYN-032-mixed_corruption,G032,test,mixed_corruption,legacy_baseline,0.5,0,57.599300002038945,0,0,4,0,4,3,1,4
SYN-032-mixed_corruption,G032,test,mixed_corruption,legacy_baseline,0.75,0,57.599300002038945,0,0,4,0,4,3,1,4
SYN-032-mixed_corruption,G032,test,mixed_corruption,legacy_baseline,1.0,0,57.599300002038945,0,0,4,0,4,3,1,4
SYN-032-mixed_corruption,G032,test,mixed_corruption,corrected_baseline,0.0,0,57.72699999943143,0,0,4,0,4,3,1,4
SYN-032-mixed_corruption,G032,test,mixed_corruption,corrected_baseline,0.25,0,57.72699999943143,0,0,4,0,4,3,1,4
SYN-032-mixed_corruption,G032,test,mixed_corruption,corrected_baseline,0.5,0,57.72699999943143,0,0,4,0,4,3,1,4
SYN-032-mixed_corruption,G032,test,mixed_corruption,corrected_baseline,0.75,0,57.72699999943143,0,0,4,0,4,3,1,4
SYN-032-mixed_corruption,G032,test,mixed_corruption,corrected_baseline,1.0,0,57.72699999943143,0,0,4,0,4,3,1,4
SYN-032-mixed_corruption,G032,test,mixed_corruption,prescription_order,0.0,0,57.43429999711225,0,0,4,0,4,3,1,4
SYN-032-mixed_corruption,G032,test,mixed_corruption,prescription_order,0.25,1,57.69989999680547,1,0,3,1,4,2,2,4
SYN-032-mixed_corruption,G032,test,mixed_corruption,prescription_order,0.5,2,57.87399999826448,1,0,3,1,4,1,3,4
SYN-032-mixed_corruption,G032,test,mixed_corruption,prescription_order,0.75,3,58.083500000066124,4,0,0,4,4,0,4,4
SYN-032-mixed_corruption,G032,test,mixed_corruption,prescription_order,1.0,4,58.24179999763146,4,0,0,4,4,0,4,4
SYN-032-mixed_corruption,G032,test,mixed_corruption,uncertainty,0.0,0,57.328399998368695,0,0,4,0,4,3,1,4
SYN-032-mixed_corruption,G032,test,mixed_corruption,uncertainty,0.25,1,57.57330000051297,0,0,4,0,4,2,2,4
SYN-032-mixed_corruption,G032,test,mixed_corruption,uncertainty,0.5,2,57.76499999774387,2,0,2,2,4,1,3,4
SYN-032-mixed_corruption,G032,test,mixed_corruption,uncertainty,0.75,3,57.940799997595605,4,0,0,4,4,0,4,4
SYN-032-mixed_corruption,G032,test,mixed_corruption,uncertainty,1.0,4,58.09259999659844,4,0,0,4,4,0,4,4
SYN-032-mixed_corruption,G032,test,mixed_corruption,impact,0.0,0,57.68139999418054,0,0,4,0,4,3,1,4
SYN-032-mixed_corruption,G032,test,mixed_corruption,impact,0.25,1,58.02929999481421,1,0,3,1,4,2,2,4
SYN-032-mixed_corruption,G032,test,mixed_corruption,impact,0.5,2,58.24619999475544,3,0,1,3,4,1,3,4
SYN-032-mixed_corruption,G032,test,mixed_corruption,impact,0.75,3,58.410599995113444,4,0,0,4,4,0,4,4
SYN-032-mixed_corruption,G032,test,mixed_corruption,impact,1.0,4,58.5538999948767,4,0,0,4,4,0,4,4
SYN-032-mixed_corruption,G032,test,mixed_corruption,impact_without_severity,0.0,0,57.40620000142371,0,0,4,0,4,3,1,4
SYN-032-mixed_corruption,G032,test,mixed_corruption,impact_without_severity,0.25,1,57.7015000017127,1,0,3,1,4,2,2,4
SYN-032-mixed_corruption,G032,test,mixed_corruption,impact_without_severity,0.5,2,57.89740000182064,3,0,1,3,4,1,3,4
SYN-032-mixed_corruption,G032,test,mixed_corruption,impact_without_severity,0.75,3,58.06579999625683,4,0,0,4,4,0,4,4
SYN-032-mixed_corruption,G032,test,mixed_corruption,impact_without_severity,1.0,4,58.206699999573175,4,0,0,4,4,0,4,4
SYN-032-mixed_corruption,G032,test,mixed_corruption,gold_upper_bound,0.0,4,58.16010000125971,4,0,0,4,4,0,4,4
SYN-032-mixed_corruption,G032,test,mixed_corruption,gold_upper_bound,0.25,4,58.16010000125971,4,0,0,4,4,0,4,4
SYN-032-mixed_corruption,G032,test,mixed_corruption,gold_upper_bound,0.5,4,58.16010000125971,4,0,0,4,4,0,4,4
SYN-032-mixed_corruption,G032,test,mixed_corruption,gold_upper_bound,0.75,4,58.16010000125971,4,0,0,4,4,0,4,4
SYN-032-mixed_corruption,G032,test,mixed_corruption,gold_upper_bound,1.0,4,58.16010000125971,4,0,0,4,4,0,4,4
SYN-033-clean,G033,test,clean,legacy_baseline,0.0,0,0.6021000008331612,2,0,0,1,1,0,4,4
SYN-033-clean,G033,test,clean,legacy_baseline,0.25,0,0.6021000008331612,2,0,0,1,1,0,4,4
SYN-033-clean,G033,test,clean,legacy_baseline,0.5,0,0.6021000008331612,2,0,0,1,1,0,4,4
SYN-033-clean,G033,test,clean,legacy_baseline,0.75,0,0.6021000008331612,2,0,0,1,1,0,4,4
SYN-033-clean,G033,test,clean,legacy_baseline,1.0,0,0.6021000008331612,2,0,0,1,1,0,4,4
SYN-033-clean,G033,test,clean,corrected_baseline,0.0,0,0.2888999952119775,2,0,0,1,1,0,4,4
SYN-033-clean,G033,test,clean,corrected_baseline,0.25,0,0.2888999952119775,2,0,0,1,1,0,4,4
SYN-033-clean,G033,test,clean,corrected_baseline,0.5,0,0.2888999952119775,2,0,0,1,1,0,4,4
SYN-033-clean,G033,test,clean,corrected_baseline,0.75,0,0.2888999952119775,2,0,0,1,1,0,4,4
SYN-033-clean,G033,test,clean,corrected_baseline,1.0,0,0.2888999952119775,2,0,0,1,1,0,4,4
SYN-033-clean,G033,test,clean,prescription_order,0.0,0,0.20679999579442665,2,0,0,1,1,0,4,4
SYN-033-clean,G033,test,clean,prescription_order,0.25,1,0.3652000013971701,2,0,0,1,1,0,4,4
SYN-033-clean,G033,test,clean,prescription_order,0.5,2,0.50560000090627,2,0,0,1,1,0,4,4
SYN-033-clean,G033,test,clean,prescription_order,0.75,3,0.6359999970300123,2,0,0,1,1,0,4,4
SYN-033-clean,G033,test,clean,prescription_order,1.0,4,0.7497999977204017,2,0,0,1,1,0,4,4
SYN-033-clean,G033,test,clean,uncertainty,0.0,0,0.21500000002561137,2,0,0,1,1,0,4,4
SYN-033-clean,G033,test,clean,uncertainty,0.25,1,0.37680000241380185,2,0,0,1,1,0,4,4
SYN-033-clean,G033,test,clean,uncertainty,0.5,2,0.520200002938509,2,0,0,1,1,0,4,4
SYN-033-clean,G033,test,clean,uncertainty,0.75,3,0.64820000261534,2,0,0,1,1,0,4,4
SYN-033-clean,G033,test,clean,uncertainty,1.0,4,0.7633000059286132,2,0,0,1,1,0,4,4
SYN-033-clean,G033,test,clean,impact,0.0,0,0.21120000019436702,2,0,0,1,1,0,4,4
SYN-033-clean,G033,test,clean,impact,0.25,1,0.37519999750657007,2,0,0,1,1,0,4,4
SYN-033-clean,G033,test,clean,impact,0.5,2,0.5878000010852702,2,0,0,1,1,0,4,4
SYN-033-clean,G033,test,clean,impact,0.75,3,0.8692999981576577,2,0,0,1,1,0,4,4
SYN-033-clean,G033,test,clean,impact,1.0,4,1.0555999979260378,2,0,0,1,1,0,4,4
SYN-033-clean,G033,test,clean,impact_without_severity,0.0,0,0.2505000011296943,2,0,0,1,1,0,4,4
SYN-033-clean,G033,test,clean,impact_without_severity,0.25,1,0.43429999641375616,2,0,0,1,1,0,4,4
SYN-033-clean,G033,test,clean,impact_without_severity,0.5,2,0.5947000026935712,2,0,0,1,1,0,4,4
SYN-033-clean,G033,test,clean,impact_without_severity,0.75,3,0.7282000005943701,2,0,0,1,1,0,4,4
SYN-033-clean,G033,test,clean,impact_without_severity,1.0,4,0.8449000015389174,2,0,0,1,1,0,4,4
SYN-033-clean,G033,test,clean,gold_upper_bound,0.0,4,0.7591000030515715,2,0,0,1,1,0,4,4
SYN-033-clean,G033,test,clean,gold_upper_bound,0.25,4,0.7591000030515715,2,0,0,1,1,0,4,4
SYN-033-clean,G033,test,clean,gold_upper_bound,0.5,4,0.7591000030515715,2,0,0,1,1,0,4,4
SYN-033-clean,G033,test,clean,gold_upper_bound,0.75,4,0.7591000030515715,2,0,0,1,1,0,4,4
SYN-033-clean,G033,test,clean,gold_upper_bound,1.0,4,0.7591000030515715,2,0,0,1,1,0,4,4
SYN-033-single_character_error,G033,test,single_character_error,legacy_baseline,0.0,0,76.55689999955939,1,0,1,1,1,2,2,4
SYN-033-single_character_error,G033,test,single_character_error,legacy_baseline,0.25,0,76.55689999955939,1,0,1,1,1,2,2,4
SYN-033-single_character_error,G033,test,single_character_error,legacy_baseline,0.5,0,76.55689999955939,1,0,1,1,1,2,2,4
SYN-033-single_character_error,G033,test,single_character_error,legacy_baseline,0.75,0,76.55689999955939,1,0,1,1,1,2,2,4
SYN-033-single_character_error,G033,test,single_character_error,legacy_baseline,1.0,0,76.55689999955939,1,0,1,1,1,2,2,4
SYN-033-single_character_error,G033,test,single_character_error,corrected_baseline,0.0,0,76.69499999610707,1,0,1,1,1,2,2,4
SYN-033-single_character_error,G033,test,single_character_error,corrected_baseline,0.25,0,76.69499999610707,1,0,1,1,1,2,2,4
SYN-033-single_character_error,G033,test,single_character_error,corrected_baseline,0.5,0,76.69499999610707,1,0,1,1,1,2,2,4
SYN-033-single_character_error,G033,test,single_character_error,corrected_baseline,0.75,0,76.69499999610707,1,0,1,1,1,2,2,4
SYN-033-single_character_error,G033,test,single_character_error,corrected_baseline,1.0,0,76.69499999610707,1,0,1,1,1,2,2,4
SYN-033-single_character_error,G033,test,single_character_error,prescription_order,0.0,0,76.24159999977564,1,0,1,1,1,2,2,4
SYN-033-single_character_error,G033,test,single_character_error,prescription_order,0.25,1,76.48209999751998,2,0,0,1,1,1,3,4
SYN-033-single_character_error,G033,test,single_character_error,prescription_order,0.5,2,76.6890999948373,2,0,0,1,1,1,3,4
SYN-033-single_character_error,G033,test,single_character_error,prescription_order,0.75,3,76.83320000069216,2,0,0,1,1,0,4,4
SYN-033-single_character_error,G033,test,single_character_error,prescription_order,1.0,4,76.95469999453053,2,0,0,1,1,0,4,4
SYN-033-single_character_error,G033,test,single_character_error,uncertainty,0.0,0,76.21449999714969,1,0,1,1,1,2,2,4
SYN-033-single_character_error,G033,test,single_character_error,uncertainty,0.25,1,76.43529999768361,2,0,0,1,1,1,3,4
SYN-033-single_character_error,G033,test,single_character_error,uncertainty,0.5,2,76.58249999803957,2,0,0,1,1,0,4,4
SYN-033-single_character_error,G033,test,single_character_error,uncertainty,0.75,3,76.71750000008615,2,0,0,1,1,0,4,4
SYN-033-single_character_error,G033,test,single_character_error,uncertainty,1.0,4,76.83630000246922,2,0,0,1,1,0,4,4
SYN-033-single_character_error,G033,test,single_character_error,impact,0.0,0,76.20909999968717,1,0,1,1,1,2,2,4
SYN-033-single_character_error,G033,test,single_character_error,impact,0.25,1,76.42189999751281,2,0,0,1,1,1,3,4
SYN-033-single_character_error,G033,test,single_character_error,impact,0.5,2,76.66739999694983,2,0,0,1,1,0,4,4
SYN-033-single_character_error,G033,test,single_character_error,impact,0.75,3,76.81139999476727,2,0,0,1,1,0,4,4
SYN-033-single_character_error,G033,test,single_character_error,impact,1.0,4,76.9326999943587,2,0,0,1,1,0,4,4
SYN-033-single_character_error,G033,test,single_character_error,impact_without_severity,0.0,0,76.50209999701474,1,0,1,1,1,2,2,4
SYN-033-single_character_error,G033,test,single_character_error,impact_without_severity,0.25,1,76.74949999636738,2,0,0,1,1,1,3,4
SYN-033-single_character_error,G033,test,single_character_error,impact_without_severity,0.5,2,76.90569999977015,2,0,0,1,1,0,4,4
SYN-033-single_character_error,G033,test,single_character_error,impact_without_severity,0.75,3,77.09909999539377,2,0,0,1,1,0,4,4
SYN-033-single_character_error,G033,test,single_character_error,impact_without_severity,1.0,4,77.23219999752473,2,0,0,1,1,0,4,4
SYN-033-single_character_error,G033,test,single_character_error,gold_upper_bound,0.0,4,77.04669999657199,2,0,0,1,1,0,4,4
SYN-033-single_character_error,G033,test,single_character_error,gold_upper_bound,0.25,4,77.04669999657199,2,0,0,1,1,0,4,4
SYN-033-single_character_error,G033,test,single_character_error,gold_upper_bound,0.5,4,77.04669999657199,2,0,0,1,1,0,4,4
SYN-033-single_character_error,G033,test,single_character_error,gold_upper_bound,0.75,4,77.04669999657199,2,0,0,1,1,0,4,4
SYN-033-single_character_error,G033,test,single_character_error,gold_upper_bound,1.0,4,77.04669999657199,2,0,0,1,1,0,4,4
SYN-033-mixed_corruption,G033,test,mixed_corruption,legacy_baseline,0.0,0,70.47109999984968,0,0,2,0,1,3,1,4
SYN-033-mixed_corruption,G033,test,mixed_corruption,legacy_baseline,0.25,0,70.47109999984968,0,0,2,0,1,3,1,4
SYN-033-mixed_corruption,G033,test,mixed_corruption,legacy_baseline,0.5,0,70.47109999984968,0,0,2,0,1,3,1,4
SYN-033-mixed_corruption,G033,test,mixed_corruption,legacy_baseline,0.75,0,70.47109999984968,0,0,2,0,1,3,1,4
SYN-033-mixed_corruption,G033,test,mixed_corruption,legacy_baseline,1.0,0,70.47109999984968,0,0,2,0,1,3,1,4
SYN-033-mixed_corruption,G033,test,mixed_corruption,corrected_baseline,0.0,0,70.79359999625012,0,0,2,0,1,3,1,4
SYN-033-mixed_corruption,G033,test,mixed_corruption,corrected_baseline,0.25,0,70.79359999625012,0,0,2,0,1,3,1,4
SYN-033-mixed_corruption,G033,test,mixed_corruption,corrected_baseline,0.5,0,70.79359999625012,0,0,2,0,1,3,1,4
SYN-033-mixed_corruption,G033,test,mixed_corruption,corrected_baseline,0.75,0,70.79359999625012,0,0,2,0,1,3,1,4
SYN-033-mixed_corruption,G033,test,mixed_corruption,corrected_baseline,1.0,0,70.79359999625012,0,0,2,0,1,3,1,4
SYN-033-mixed_corruption,G033,test,mixed_corruption,prescription_order,0.0,0,70.30480000685202,0,0,2,0,1,3,1,4
SYN-033-mixed_corruption,G033,test,mixed_corruption,prescription_order,0.25,1,70.65800000418676,1,0,1,0,1,2,2,4
SYN-033-mixed_corruption,G033,test,mixed_corruption,prescription_order,0.5,2,70.86660000641132,2,0,0,1,1,1,3,4
SYN-033-mixed_corruption,G033,test,mixed_corruption,prescription_order,0.75,3,71.01900000270689,2,0,0,1,1,0,4,4
SYN-033-mixed_corruption,G033,test,mixed_corruption,prescription_order,1.0,4,71.14730000466807,2,0,0,1,1,0,4,4
SYN-033-mixed_corruption,G033,test,mixed_corruption,uncertainty,0.0,0,70.29640000109794,0,0,2,0,1,3,1,4
SYN-033-mixed_corruption,G033,test,mixed_corruption,uncertainty,0.25,1,70.59540000045672,1,0,1,1,1,2,2,4
SYN-033-mixed_corruption,G033,test,mixed_corruption,uncertainty,0.5,2,70.78480000200216,2,0,0,1,1,1,3,4
SYN-033-mixed_corruption,G033,test,mixed_corruption,uncertainty,0.75,3,70.92479999846546,2,0,0,1,1,0,4,4
SYN-033-mixed_corruption,G033,test,mixed_corruption,uncertainty,1.0,4,71.06260000000475,2,0,0,1,1,0,4,4
SYN-033-mixed_corruption,G033,test,mixed_corruption,impact,0.0,0,70.29329999932088,0,0,2,0,1,3,1,4
SYN-033-mixed_corruption,G033,test,mixed_corruption,impact,0.25,1,70.58520000282442,1,0,1,1,1,2,2,4
SYN-033-mixed_corruption,G033,test,mixed_corruption,impact,0.5,2,70.78180000098655,2,0,0,1,1,1,3,4
SYN-033-mixed_corruption,G033,test,mixed_corruption,impact,0.75,3,70.91770000261022,2,0,0,1,1,0,4,4
SYN-033-mixed_corruption,G033,test,mixed_corruption,impact,1.0,4,71.03840000490891,2,0,0,1,1,0,4,4
SYN-033-mixed_corruption,G033,test,mixed_corruption,impact_without_severity,0.0,0,70.36879999941448,0,0,2,0,1,3,1,4
SYN-033-mixed_corruption,G033,test,mixed_corruption,impact_without_severity,0.25,1,70.67029999598162,1,0,1,1,1,2,2,4
SYN-033-mixed_corruption,G033,test,mixed_corruption,impact_without_severity,0.5,2,70.85409999854164,2,0,0,1,1,1,3,4
SYN-033-mixed_corruption,G033,test,mixed_corruption,impact_without_severity,0.75,3,70.99269999889657,2,0,0,1,1,0,4,4
SYN-033-mixed_corruption,G033,test,mixed_corruption,impact_without_severity,1.0,4,71.11230000009527,2,0,0,1,1,0,4,4
SYN-033-mixed_corruption,G033,test,mixed_corruption,gold_upper_bound,0.0,4,71.0248000032152,2,0,0,1,1,0,4,4
SYN-033-mixed_corruption,G033,test,mixed_corruption,gold_upper_bound,0.25,4,71.0248000032152,2,0,0,1,1,0,4,4
SYN-033-mixed_corruption,G033,test,mixed_corruption,gold_upper_bound,0.5,4,71.0248000032152,2,0,0,1,1,0,4,4
SYN-033-mixed_corruption,G033,test,mixed_corruption,gold_upper_bound,0.75,4,71.0248000032152,2,0,0,1,1,0,4,4
SYN-033-mixed_corruption,G033,test,mixed_corruption,gold_upper_bound,1.0,4,71.0248000032152,2,0,0,1,1,0,4,4
SYN-034-clean,G034,test,clean,legacy_baseline,0.0,0,0.5601999946520664,1,0,0,0,0,0,4,4
SYN-034-clean,G034,test,clean,legacy_baseline,0.25,0,0.5601999946520664,1,0,0,0,0,0,4,4
SYN-034-clean,G034,test,clean,legacy_baseline,0.5,0,0.5601999946520664,1,0,0,0,0,0,4,4
SYN-034-clean,G034,test,clean,legacy_baseline,0.75,0,0.5601999946520664,1,0,0,0,0,0,4,4
SYN-034-clean,G034,test,clean,legacy_baseline,1.0,0,0.5601999946520664,1,0,0,0,0,0,4,4
SYN-034-clean,G034,test,clean,corrected_baseline,0.0,0,0.265800001216121,1,0,0,0,0,0,4,4
SYN-034-clean,G034,test,clean,corrected_baseline,0.25,0,0.265800001216121,1,0,0,0,0,0,4,4
SYN-034-clean,G034,test,clean,corrected_baseline,0.5,0,0.265800001216121,1,0,0,0,0,0,4,4
SYN-034-clean,G034,test,clean,corrected_baseline,0.75,0,0.265800001216121,1,0,0,0,0,0,4,4
SYN-034-clean,G034,test,clean,corrected_baseline,1.0,0,0.265800001216121,1,0,0,0,0,0,4,4
SYN-034-clean,G034,test,clean,prescription_order,0.0,0,0.20599999697878957,1,0,0,0,0,0,4,4
SYN-034-clean,G034,test,clean,prescription_order,0.25,1,0.35569999454310164,1,0,0,0,0,0,4,4
SYN-034-clean,G034,test,clean,prescription_order,0.5,2,0.49559999752091244,1,0,0,0,0,0,4,4
SYN-034-clean,G034,test,clean,prescription_order,0.75,3,0.614199998381082,1,0,0,0,0,0,4,4
SYN-034-clean,G034,test,clean,prescription_order,1.0,4,0.7323999961954542,1,0,0,0,0,0,4,4
SYN-034-clean,G034,test,clean,uncertainty,0.0,0,0.26590000197757035,1,0,0,0,0,0,4,4
SYN-034-clean,G034,test,clean,uncertainty,0.25,1,0.43200000072829425,1,0,0,0,0,0,4,4
SYN-034-clean,G034,test,clean,uncertainty,0.5,2,0.5766999965999275,1,0,0,0,0,0,4,4
SYN-034-clean,G034,test,clean,uncertainty,0.75,3,0.6954999989829957,1,0,0,0,0,0,4,4
SYN-034-clean,G034,test,clean,uncertainty,1.0,4,0.7987999997567385,1,0,0,0,0,0,4,4
SYN-034-clean,G034,test,clean,impact,0.0,0,0.20339999900897965,1,0,0,0,0,0,4,4
SYN-034-clean,G034,test,clean,impact,0.25,1,0.34809999488061294,1,0,0,0,0,0,4,4
SYN-034-clean,G034,test,clean,impact,0.5,2,0.47419999464182183,1,0,0,0,0,0,4,4
SYN-034-clean,G034,test,clean,impact,0.75,3,0.5890999964321963,1,0,0,0,0,0,4,4
SYN-034-clean,G034,test,clean,impact,1.0,4,0.6947000001673587,1,0,0,0,0,0,4,4
SYN-034-clean,G034,test,clean,impact_without_severity,0.0,0,0.20869999571004882,1,0,0,0,0,0,4,4
SYN-034-clean,G034,test,clean,impact_without_severity,0.25,1,0.4380999962450005,1,0,0,0,0,0,4,4
SYN-034-clean,G034,test,clean,impact_without_severity,0.5,2,0.6683999963570386,1,0,0,0,0,0,4,4
SYN-034-clean,G034,test,clean,impact_without_severity,0.75,3,0.8271999977296218,1,0,0,0,0,0,4,4
SYN-034-clean,G034,test,clean,impact_without_severity,1.0,4,0.9518000006210059,1,0,0,0,0,0,4,4
SYN-034-clean,G034,test,clean,gold_upper_bound,0.0,4,0.8228999940911308,1,0,0,0,0,0,4,4
SYN-034-clean,G034,test,clean,gold_upper_bound,0.25,4,0.8228999940911308,1,0,0,0,0,0,4,4
SYN-034-clean,G034,test,clean,gold_upper_bound,0.5,4,0.8228999940911308,1,0,0,0,0,0,4,4
SYN-034-clean,G034,test,clean,gold_upper_bound,0.75,4,0.8228999940911308,1,0,0,0,0,0,4,4
SYN-034-clean,G034,test,clean,gold_upper_bound,1.0,4,0.8228999940911308,1,0,0,0,0,0,4,4
SYN-034-single_character_error,G034,test,single_character_error,legacy_baseline,0.0,0,63.517700000375044,0,0,1,0,0,2,2,4
SYN-034-single_character_error,G034,test,single_character_error,legacy_baseline,0.25,0,63.517700000375044,0,0,1,0,0,2,2,4
SYN-034-single_character_error,G034,test,single_character_error,legacy_baseline,0.5,0,63.517700000375044,0,0,1,0,0,2,2,4
SYN-034-single_character_error,G034,test,single_character_error,legacy_baseline,0.75,0,63.517700000375044,0,0,1,0,0,2,2,4
SYN-034-single_character_error,G034,test,single_character_error,legacy_baseline,1.0,0,63.517700000375044,0,0,1,0,0,2,2,4
SYN-034-single_character_error,G034,test,single_character_error,corrected_baseline,0.0,0,63.495599999441765,0,0,1,0,0,2,2,4
SYN-034-single_character_error,G034,test,single_character_error,corrected_baseline,0.25,0,63.495599999441765,0,0,1,0,0,2,2,4
SYN-034-single_character_error,G034,test,single_character_error,corrected_baseline,0.5,0,63.495599999441765,0,0,1,0,0,2,2,4
SYN-034-single_character_error,G034,test,single_character_error,corrected_baseline,0.75,0,63.495599999441765,0,0,1,0,0,2,2,4
SYN-034-single_character_error,G034,test,single_character_error,corrected_baseline,1.0,0,63.495599999441765,0,0,1,0,0,2,2,4
SYN-034-single_character_error,G034,test,single_character_error,prescription_order,0.0,0,63.270600003306754,0,0,1,0,0,2,2,4
SYN-034-single_character_error,G034,test,single_character_error,prescription_order,0.25,1,63.69790000462672,1,0,0,0,0,1,3,4
SYN-034-single_character_error,G034,test,single_character_error,prescription_order,0.5,2,64.04050000128336,1,0,0,0,0,1,3,4
SYN-034-single_character_error,G034,test,single_character_error,prescription_order,0.75,3,64.20470000739442,1,0,0,0,0,0,4,4
SYN-034-single_character_error,G034,test,single_character_error,prescription_order,1.0,4,64.3255000031786,1,0,0,0,0,0,4,4
SYN-034-single_character_error,G034,test,single_character_error,uncertainty,0.0,0,63.80370000988478,0,0,1,0,0,2,2,4
SYN-034-single_character_error,G034,test,single_character_error,uncertainty,0.25,1,64.04300000576768,1,0,0,0,0,1,3,4
SYN-034-single_character_error,G034,test,single_character_error,uncertainty,0.5,2,64.18790000316221,1,0,0,0,0,0,4,4
SYN-034-single_character_error,G034,test,single_character_error,uncertainty,0.75,3,64.31520000478486,1,0,0,0,0,0,4,4
SYN-034-single_character_error,G034,test,single_character_error,uncertainty,1.0,4,64.42320000496693,1,0,0,0,0,0,4,4
SYN-034-single_character_error,G034,test,single_character_error,impact,0.0,0,63.20410000625998,0,0,1,0,0,2,2,4
SYN-034-single_character_error,G034,test,single_character_error,impact,0.25,1,63.39630000729812,1,0,0,0,0,1,3,4
SYN-034-single_character_error,G034,test,single_character_error,impact,0.5,2,63.52860000333749,1,0,0,0,0,0,4,4
SYN-034-single_character_error,G034,test,single_character_error,impact,0.75,3,63.64710000343621,1,0,0,0,0,0,4,4
SYN-034-single_character_error,G034,test,single_character_error,impact,1.0,4,63.75230000412557,1,0,0,0,0,0,4,4
SYN-034-single_character_error,G034,test,single_character_error,impact_without_severity,0.0,0,63.28520000533899,0,0,1,0,0,2,2,4
SYN-034-single_character_error,G034,test,single_character_error,impact_without_severity,0.25,1,63.509600004181266,1,0,0,0,0,1,3,4
SYN-034-single_character_error,G034,test,single_character_error,impact_without_severity,0.5,2,63.65350000851322,1,0,0,0,0,0,4,4
SYN-034-single_character_error,G034,test,single_character_error,impact_without_severity,0.75,3,63.7814000074286,1,0,0,0,0,0,4,4
SYN-034-single_character_error,G034,test,single_character_error,impact_without_severity,1.0,4,63.89030000718776,1,0,0,0,0,0,4,4
SYN-034-single_character_error,G034,test,single_character_error,gold_upper_bound,0.0,4,63.760099998035,1,0,0,0,0,0,4,4
SYN-034-single_character_error,G034,test,single_character_error,gold_upper_bound,0.25,4,63.760099998035,1,0,0,0,0,0,4,4
SYN-034-single_character_error,G034,test,single_character_error,gold_upper_bound,0.5,4,63.760099998035,1,0,0,0,0,0,4,4
SYN-034-single_character_error,G034,test,single_character_error,gold_upper_bound,0.75,4,63.760099998035,1,0,0,0,0,0,4,4
SYN-034-single_character_error,G034,test,single_character_error,gold_upper_bound,1.0,4,63.760099998035,1,0,0,0,0,0,4,4
SYN-034-mixed_corruption,G034,test,mixed_corruption,legacy_baseline,0.0,0,0.7092000014381483,0,0,1,0,0,2,2,4
SYN-034-mixed_corruption,G034,test,mixed_corruption,legacy_baseline,0.25,0,0.7092000014381483,0,0,1,0,0,2,2,4
SYN-034-mixed_corruption,G034,test,mixed_corruption,legacy_baseline,0.5,0,0.7092000014381483,0,0,1,0,0,2,2,4
SYN-034-mixed_corruption,G034,test,mixed_corruption,legacy_baseline,0.75,0,0.7092000014381483,0,0,1,0,0,2,2,4
SYN-034-mixed_corruption,G034,test,mixed_corruption,legacy_baseline,1.0,0,0.7092000014381483,0,0,1,0,0,2,2,4
SYN-034-mixed_corruption,G034,test,mixed_corruption,corrected_baseline,0.0,0,0.4092999952263199,0,0,1,0,0,2,2,4
SYN-034-mixed_corruption,G034,test,mixed_corruption,corrected_baseline,0.25,0,0.4092999952263199,0,0,1,0,0,2,2,4
SYN-034-mixed_corruption,G034,test,mixed_corruption,corrected_baseline,0.5,0,0.4092999952263199,0,0,1,0,0,2,2,4
SYN-034-mixed_corruption,G034,test,mixed_corruption,corrected_baseline,0.75,0,0.4092999952263199,0,0,1,0,0,2,2,4
SYN-034-mixed_corruption,G034,test,mixed_corruption,corrected_baseline,1.0,0,0.4092999952263199,0,0,1,0,0,2,2,4
SYN-034-mixed_corruption,G034,test,mixed_corruption,prescription_order,0.0,0,0.39449999894713983,0,0,1,0,0,2,2,4
SYN-034-mixed_corruption,G034,test,mixed_corruption,prescription_order,0.25,1,0.5805999971926212,1,0,0,0,0,1,3,4
SYN-034-mixed_corruption,G034,test,mixed_corruption,prescription_order,0.5,2,0.7431999983964488,1,0,0,0,0,1,3,4
SYN-034-mixed_corruption,G034,test,mixed_corruption,prescription_order,0.75,3,0.8659000013722107,1,0,0,0,0,0,4,4
SYN-034-mixed_corruption,G034,test,mixed_corruption,prescription_order,1.0,4,1.1171000005560927,1,0,0,0,0,0,4,4
SYN-034-mixed_corruption,G034,test,mixed_corruption,uncertainty,0.0,0,0.40609999996377155,0,0,1,0,0,2,2,4
SYN-034-mixed_corruption,G034,test,mixed_corruption,uncertainty,0.25,1,0.6069000010029413,1,0,0,0,0,1,3,4
SYN-034-mixed_corruption,G034,test,mixed_corruption,uncertainty,0.5,2,0.7411999977193773,1,0,0,0,0,0,4,4
SYN-034-mixed_corruption,G034,test,mixed_corruption,uncertainty,0.75,3,0.8615000042482279,1,0,0,0,0,0,4,4
SYN-034-mixed_corruption,G034,test,mixed_corruption,uncertainty,1.0,4,0.9683000025688671,1,0,0,0,0,0,4,4
SYN-034-mixed_corruption,G034,test,mixed_corruption,impact,0.0,0,0.39119999564718455,0,0,1,0,0,2,2,4
SYN-034-mixed_corruption,G034,test,mixed_corruption,impact,0.25,1,0.5785999965155497,1,0,0,0,0,1,3,4
SYN-034-mixed_corruption,G034,test,mixed_corruption,impact,0.5,2,0.7225999943329953,1,0,0,0,0,0,4,4
SYN-034-mixed_corruption,G034,test,mixed_corruption,impact,0.75,3,0.840499997138977,1,0,0,0,0,0,4,4
SYN-034-mixed_corruption,G034,test,mixed_corruption,impact,1.0,4,0.9457999985897914,1,0,0,0,0,0,4,4
SYN-034-mixed_corruption,G034,test,mixed_corruption,impact_without_severity,0.0,0,0.40689999877940863,0,0,1,0,0,2,2,4
SYN-034-mixed_corruption,G034,test,mixed_corruption,impact_without_severity,0.25,1,0.5975000021862797,1,0,0,0,0,1,3,4
SYN-034-mixed_corruption,G034,test,mixed_corruption,impact_without_severity,0.5,2,0.7304000027943403,1,0,0,0,0,0,4,4
SYN-034-mixed_corruption,G034,test,mixed_corruption,impact_without_severity,0.75,3,0.8492999986629002,1,0,0,0,0,0,4,4
SYN-034-mixed_corruption,G034,test,mixed_corruption,impact_without_severity,1.0,4,0.9535999997751787,1,0,0,0,0,0,4,4
SYN-034-mixed_corruption,G034,test,mixed_corruption,gold_upper_bound,0.0,4,0.9284000043408014,1,0,0,0,0,0,4,4
SYN-034-mixed_corruption,G034,test,mixed_corruption,gold_upper_bound,0.25,4,0.9284000043408014,1,0,0,0,0,0,4,4
SYN-034-mixed_corruption,G034,test,mixed_corruption,gold_upper_bound,0.5,4,0.9284000043408014,1,0,0,0,0,0,4,4
SYN-034-mixed_corruption,G034,test,mixed_corruption,gold_upper_bound,0.75,4,0.9284000043408014,1,0,0,0,0,0,4,4
SYN-034-mixed_corruption,G034,test,mixed_corruption,gold_upper_bound,1.0,4,0.9284000043408014,1,0,0,0,0,0,4,4
SYN-036-clean,G036,test,clean,legacy_baseline,0.0,0,0.9321000034105964,1,0,0,1,1,0,4,4
SYN-036-clean,G036,test,clean,legacy_baseline,0.25,0,0.9321000034105964,1,0,0,1,1,0,4,4
SYN-036-clean,G036,test,clean,legacy_baseline,0.5,0,0.9321000034105964,1,0,0,1,1,0,4,4
SYN-036-clean,G036,test,clean,legacy_baseline,0.75,0,0.9321000034105964,1,0,0,1,1,0,4,4
SYN-036-clean,G036,test,clean,legacy_baseline,1.0,0,0.9321000034105964,1,0,0,1,1,0,4,4
SYN-036-clean,G036,test,clean,corrected_baseline,0.0,0,0.2886000002035871,1,0,0,1,1,0,4,4
SYN-036-clean,G036,test,clean,corrected_baseline,0.25,0,0.2886000002035871,1,0,0,1,1,0,4,4
SYN-036-clean,G036,test,clean,corrected_baseline,0.5,0,0.2886000002035871,1,0,0,1,1,0,4,4
SYN-036-clean,G036,test,clean,corrected_baseline,0.75,0,0.2886000002035871,1,0,0,1,1,0,4,4
SYN-036-clean,G036,test,clean,corrected_baseline,1.0,0,0.2886000002035871,1,0,0,1,1,0,4,4
SYN-036-clean,G036,test,clean,prescription_order,0.0,0,0.19850000535370782,1,0,0,1,1,0,4,4
SYN-036-clean,G036,test,clean,prescription_order,0.25,1,0.35000000207219273,1,0,0,1,1,0,4,4
SYN-036-clean,G036,test,clean,prescription_order,0.5,2,0.4851000048802234,1,0,0,1,1,0,4,4
SYN-036-clean,G036,test,clean,prescription_order,0.75,3,0.6049000003258698,1,0,0,1,1,0,4,4
SYN-036-clean,G036,test,clean,prescription_order,1.0,4,0.7114000036381185,1,0,0,1,1,0,4,4
SYN-036-clean,G036,test,clean,uncertainty,0.0,0,0.19010000687558204,1,0,0,1,1,0,4,4
SYN-036-clean,G036,test,clean,uncertainty,0.25,1,0.33910000638570637,1,0,0,1,1,0,4,4
SYN-036-clean,G036,test,clean,uncertainty,0.5,2,0.46770000335527584,1,0,0,1,1,0,4,4
SYN-036-clean,G036,test,clean,uncertainty,0.75,3,0.5848000073456205,1,0,0,1,1,0,4,4
SYN-036-clean,G036,test,clean,uncertainty,1.0,4,0.6866000039735809,1,0,0,1,1,0,4,4
SYN-036-clean,G036,test,clean,impact,0.0,0,0.1899999988381751,1,0,0,1,1,0,4,4
SYN-036-clean,G036,test,clean,impact,0.25,1,0.3361999988555908,1,0,0,1,1,0,4,4
SYN-036-clean,G036,test,clean,impact,0.5,2,0.46299999667098746,1,0,0,1,1,0,4,4
SYN-036-clean,G036,test,clean,impact,0.75,3,0.5891999971936457,1,0,0,1,1,0,4,4
SYN-036-clean,G036,test,clean,impact,1.0,4,0.8078999962890521,1,0,0,1,1,0,4,4
SYN-036-clean,G036,test,clean,impact_without_severity,0.0,0,0.41989999590441585,1,0,0,1,1,0,4,4
SYN-036-clean,G036,test,clean,impact_without_severity,0.25,1,0.6014999962644652,1,0,0,1,1,0,4,4
SYN-036-clean,G036,test,clean,impact_without_severity,0.5,2,0.7426000011037104,1,0,0,1,1,0,4,4
SYN-036-clean,G036,test,clean,impact_without_severity,0.75,3,0.8669999951962382,1,0,0,1,1,0,4,4
SYN-036-clean,G036,test,clean,impact_without_severity,1.0,4,0.9768999952939339,1,0,0,1,1,0,4,4
SYN-036-clean,G036,test,clean,gold_upper_bound,0.0,4,0.7002999991527759,1,0,0,1,1,0,4,4
SYN-036-clean,G036,test,clean,gold_upper_bound,0.25,4,0.7002999991527759,1,0,0,1,1,0,4,4
SYN-036-clean,G036,test,clean,gold_upper_bound,0.5,4,0.7002999991527759,1,0,0,1,1,0,4,4
SYN-036-clean,G036,test,clean,gold_upper_bound,0.75,4,0.7002999991527759,1,0,0,1,1,0,4,4
SYN-036-clean,G036,test,clean,gold_upper_bound,1.0,4,0.7002999991527759,1,0,0,1,1,0,4,4
SYN-036-single_character_error,G036,test,single_character_error,legacy_baseline,0.0,0,65.1956000001519,0,0,1,0,1,2,2,4
SYN-036-single_character_error,G036,test,single_character_error,legacy_baseline,0.25,0,65.1956000001519,0,0,1,0,1,2,2,4
SYN-036-single_character_error,G036,test,single_character_error,legacy_baseline,0.5,0,65.1956000001519,0,0,1,0,1,2,2,4
SYN-036-single_character_error,G036,test,single_character_error,legacy_baseline,0.75,0,65.1956000001519,0,0,1,0,1,2,2,4
SYN-036-single_character_error,G036,test,single_character_error,legacy_baseline,1.0,0,65.1956000001519,0,0,1,0,1,2,2,4
SYN-036-single_character_error,G036,test,single_character_error,corrected_baseline,0.0,0,65.12149999616668,0,0,1,0,1,2,2,4
SYN-036-single_character_error,G036,test,single_character_error,corrected_baseline,0.25,0,65.12149999616668,0,0,1,0,1,2,2,4
SYN-036-single_character_error,G036,test,single_character_error,corrected_baseline,0.5,0,65.12149999616668,0,0,1,0,1,2,2,4
SYN-036-single_character_error,G036,test,single_character_error,corrected_baseline,0.75,0,65.12149999616668,0,0,1,0,1,2,2,4
SYN-036-single_character_error,G036,test,single_character_error,corrected_baseline,1.0,0,65.12149999616668,0,0,1,0,1,2,2,4
SYN-036-single_character_error,G036,test,single_character_error,prescription_order,0.0,0,64.91900000401074,0,0,1,0,1,2,2,4
SYN-036-single_character_error,G036,test,single_character_error,prescription_order,0.25,1,65.1272000031895,0,0,1,0,1,1,3,4
SYN-036-single_character_error,G036,test,single_character_error,prescription_order,0.5,2,65.29980000050273,0,0,1,0,1,1,3,4
SYN-036-single_character_error,G036,test,single_character_error,prescription_order,0.75,3,65.43840000085765,1,0,0,1,1,0,4,4
SYN-036-single_character_error,G036,test,single_character_error,prescription_order,1.0,4,65.56149999960326,1,0,0,1,1,0,4,4
SYN-036-single_character_error,G036,test,single_character_error,uncertainty,0.0,0,64.83650000154739,0,0,1,0,1,2,2,4
SYN-036-single_character_error,G036,test,single_character_error,uncertainty,0.25,1,65.04660000064177,1,0,0,1,1,1,3,4
SYN-036-single_character_error,G036,test,single_character_error,uncertainty,0.5,2,65.1889000000665,1,0,0,1,1,0,4,4
SYN-036-single_character_error,G036,test,single_character_error,uncertainty,0.75,3,65.31659999745898,1,0,0,1,1,0,4,4
SYN-036-single_character_error,G036,test,single_character_error,uncertainty,1.0,4,65.56090000231052,1,0,0,1,1,0,4,4
SYN-036-single_character_error,G036,test,single_character_error,impact,0.0,0,64.90490000578575,0,0,1,0,1,2,2,4
SYN-036-single_character_error,G036,test,single_character_error,impact,0.25,1,65.1345000078436,1,0,0,1,1,1,3,4
SYN-036-single_character_error,G036,test,single_character_error,impact,0.5,2,65.27810000261525,1,0,0,1,1,0,4,4
SYN-036-single_character_error,G036,test,single_character_error,impact,0.75,3,65.4047000061837,1,0,0,1,1,0,4,4
SYN-036-single_character_error,G036,test,single_character_error,impact,1.0,4,65.51300000137417,1,0,0,1,1,0,4,4
SYN-036-single_character_error,G036,test,single_character_error,impact_without_severity,0.0,0,64.82820000383072,0,0,1,0,1,2,2,4
SYN-036-single_character_error,G036,test,single_character_error,impact_without_severity,0.25,1,65.03260000317823,1,0,0,1,1,1,3,4
SYN-036-single_character_error,G036,test,single_character_error,impact_without_severity,0.5,2,65.18180000421125,1,0,0,1,1,0,4,4
SYN-036-single_character_error,G036,test,single_character_error,impact_without_severity,0.75,3,65.3054000067641,1,0,0,1,1,0,4,4
SYN-036-single_character_error,G036,test,single_character_error,impact_without_severity,1.0,4,65.41390000347747,1,0,0,1,1,0,4,4
SYN-036-single_character_error,G036,test,single_character_error,gold_upper_bound,0.0,4,65.37520000711083,1,0,0,1,1,0,4,4
SYN-036-single_character_error,G036,test,single_character_error,gold_upper_bound,0.25,4,65.37520000711083,1,0,0,1,1,0,4,4
SYN-036-single_character_error,G036,test,single_character_error,gold_upper_bound,0.5,4,65.37520000711083,1,0,0,1,1,0,4,4
SYN-036-single_character_error,G036,test,single_character_error,gold_upper_bound,0.75,4,65.37520000711083,1,0,0,1,1,0,4,4
SYN-036-single_character_error,G036,test,single_character_error,gold_upper_bound,1.0,4,65.37520000711083,1,0,0,1,1,0,4,4
SYN-036-mixed_corruption,G036,test,mixed_corruption,legacy_baseline,0.0,0,0.6337999948300421,0,0,1,0,1,2,2,4
SYN-036-mixed_corruption,G036,test,mixed_corruption,legacy_baseline,0.25,0,0.6337999948300421,0,0,1,0,1,2,2,4
SYN-036-mixed_corruption,G036,test,mixed_corruption,legacy_baseline,0.5,0,0.6337999948300421,0,0,1,0,1,2,2,4
SYN-036-mixed_corruption,G036,test,mixed_corruption,legacy_baseline,0.75,0,0.6337999948300421,0,0,1,0,1,2,2,4
SYN-036-mixed_corruption,G036,test,mixed_corruption,legacy_baseline,1.0,0,0.6337999948300421,0,0,1,0,1,2,2,4
SYN-036-mixed_corruption,G036,test,mixed_corruption,corrected_baseline,0.0,0,0.4988000000594184,0,0,1,0,1,2,2,4
SYN-036-mixed_corruption,G036,test,mixed_corruption,corrected_baseline,0.25,0,0.4988000000594184,0,0,1,0,1,2,2,4
SYN-036-mixed_corruption,G036,test,mixed_corruption,corrected_baseline,0.5,0,0.4988000000594184,0,0,1,0,1,2,2,4
SYN-036-mixed_corruption,G036,test,mixed_corruption,corrected_baseline,0.75,0,0.4988000000594184,0,0,1,0,1,2,2,4
SYN-036-mixed_corruption,G036,test,mixed_corruption,corrected_baseline,1.0,0,0.4988000000594184,0,0,1,0,1,2,2,4
SYN-036-mixed_corruption,G036,test,mixed_corruption,prescription_order,0.0,0,0.42719999328255653,0,0,1,0,1,2,2,4
SYN-036-mixed_corruption,G036,test,mixed_corruption,prescription_order,0.25,1,0.6088999944040552,0,0,1,0,1,1,3,4
SYN-036-mixed_corruption,G036,test,mixed_corruption,prescription_order,0.5,2,0.8848999932524748,0,0,1,0,1,1,3,4
SYN-036-mixed_corruption,G036,test,mixed_corruption,prescription_order,0.75,3,1.032799991662614,1,0,0,1,1,0,4,4
SYN-036-mixed_corruption,G036,test,mixed_corruption,prescription_order,1.0,4,1.1505999937071465,1,0,0,1,1,0,4,4
SYN-036-mixed_corruption,G036,test,mixed_corruption,uncertainty,0.0,0,0.41989999590441585,0,0,1,0,1,2,2,4
SYN-036-mixed_corruption,G036,test,mixed_corruption,uncertainty,0.25,1,0.6242000017664395,1,0,0,1,1,1,3,4
SYN-036-mixed_corruption,G036,test,mixed_corruption,uncertainty,0.5,2,0.7570000016130507,1,0,0,1,1,0,4,4
SYN-036-mixed_corruption,G036,test,mixed_corruption,uncertainty,0.75,3,0.8786999969743192,1,0,0,1,1,0,4,4
SYN-036-mixed_corruption,G036,test,mixed_corruption,uncertainty,1.0,4,0.9995000000344589,1,0,0,1,1,0,4,4
SYN-036-mixed_corruption,G036,test,mixed_corruption,impact,0.0,0,0.41090000013355166,0,0,1,0,1,2,2,4
SYN-036-mixed_corruption,G036,test,mixed_corruption,impact,0.25,1,0.6573999999091029,1,0,0,1,1,1,3,4
SYN-036-mixed_corruption,G036,test,mixed_corruption,impact,0.5,2,0.7935999965411611,1,0,0,1,1,0,4,4
SYN-036-mixed_corruption,G036,test,mixed_corruption,impact,0.75,3,0.9145000003627501,1,0,0,1,1,0,4,4
SYN-036-mixed_corruption,G036,test,mixed_corruption,impact,1.0,4,1.0207999948761426,1,0,0,1,1,0,4,4
SYN-036-mixed_corruption,G036,test,mixed_corruption,impact_without_severity,0.0,0,0.40830000216374174,0,0,1,0,1,2,2,4
SYN-036-mixed_corruption,G036,test,mixed_corruption,impact_without_severity,0.25,1,0.6063999971956946,1,0,0,1,1,1,3,4
SYN-036-mixed_corruption,G036,test,mixed_corruption,impact_without_severity,0.5,2,0.7785999987390824,1,0,0,1,1,0,4,4
SYN-036-mixed_corruption,G036,test,mixed_corruption,impact_without_severity,0.75,3,0.9072000029846095,1,0,0,1,1,0,4,4
SYN-036-mixed_corruption,G036,test,mixed_corruption,impact_without_severity,1.0,4,1.0204999998677522,1,0,0,1,1,0,4,4
SYN-036-mixed_corruption,G036,test,mixed_corruption,gold_upper_bound,0.0,4,0.9773999991011806,1,0,0,1,1,0,4,4
SYN-036-mixed_corruption,G036,test,mixed_corruption,gold_upper_bound,0.25,4,0.9773999991011806,1,0,0,1,1,0,4,4
SYN-036-mixed_corruption,G036,test,mixed_corruption,gold_upper_bound,0.5,4,0.9773999991011806,1,0,0,1,1,0,4,4
SYN-036-mixed_corruption,G036,test,mixed_corruption,gold_upper_bound,0.75,4,0.9773999991011806,1,0,0,1,1,0,4,4
SYN-036-mixed_corruption,G036,test,mixed_corruption,gold_upper_bound,1.0,4,0.9773999991011806,1,0,0,1,1,0,4,4
SYN-037-clean,G037,test,clean,legacy_baseline,0.0,0,0.5300999982864596,3,0,0,0,0,0,4,4
SYN-037-clean,G037,test,clean,legacy_baseline,0.25,0,0.5300999982864596,3,0,0,0,0,0,4,4
SYN-037-clean,G037,test,clean,legacy_baseline,0.5,0,0.5300999982864596,3,0,0,0,0,0,4,4
SYN-037-clean,G037,test,clean,legacy_baseline,0.75,0,0.5300999982864596,3,0,0,0,0,0,4,4
SYN-037-clean,G037,test,clean,legacy_baseline,1.0,0,0.5300999982864596,3,0,0,0,0,0,4,4
SYN-037-clean,G037,test,clean,corrected_baseline,0.0,0,0.4278999986127019,3,0,0,0,0,0,4,4
SYN-037-clean,G037,test,clean,corrected_baseline,0.25,0,0.4278999986127019,3,0,0,0,0,0,4,4
SYN-037-clean,G037,test,clean,corrected_baseline,0.5,0,0.4278999986127019,3,0,0,0,0,0,4,4
SYN-037-clean,G037,test,clean,corrected_baseline,0.75,0,0.4278999986127019,3,0,0,0,0,0,4,4
SYN-037-clean,G037,test,clean,corrected_baseline,1.0,0,0.4278999986127019,3,0,0,0,0,0,4,4
SYN-037-clean,G037,test,clean,prescription_order,0.0,0,0.23019999935058877,3,0,0,0,0,0,4,4
SYN-037-clean,G037,test,clean,prescription_order,0.25,1,0.40380000427830964,3,0,0,0,0,0,4,4
SYN-037-clean,G037,test,clean,prescription_order,0.5,2,0.5576000039582141,3,0,0,0,0,0,4,4
SYN-037-clean,G037,test,clean,prescription_order,0.75,3,0.7039999982225709,3,0,0,0,0,0,4,4
SYN-037-clean,G037,test,clean,prescription_order,1.0,4,0.8285000003525056,3,0,0,0,0,0,4,4
SYN-037-clean,G037,test,clean,uncertainty,0.0,0,0.2119999990100041,3,0,0,0,0,0,4,4
SYN-037-clean,G037,test,clean,uncertainty,0.25,1,0.3825999956461601,3,0,0,0,0,0,4,4
SYN-037-clean,G037,test,clean,uncertainty,0.5,2,0.5291999987093732,3,0,0,0,0,0,4,4
SYN-037-clean,G037,test,clean,uncertainty,0.75,3,0.6644999957643449,3,0,0,0,0,0,4,4
SYN-037-clean,G037,test,clean,uncertainty,1.0,4,0.8034999991650693,3,0,0,0,0,0,4,4
SYN-037-clean,G037,test,clean,impact,0.0,0,0.21049999486422166,3,0,0,0,0,0,4,4
SYN-037-clean,G037,test,clean,impact,0.25,1,0.3766999943763949,3,0,0,0,0,0,4,4
SYN-037-clean,G037,test,clean,impact,0.5,2,0.5207999929552898,3,0,0,0,0,0,4,4
SYN-037-clean,G037,test,clean,impact,0.75,3,0.6550999969476834,3,0,0,0,0,0,4,4
SYN-037-clean,G037,test,clean,impact,1.0,4,0.777699999161996,3,0,0,0,0,0,4,4
SYN-037-clean,G037,test,clean,impact_without_severity,0.0,0,0.20899999799439684,3,0,0,0,0,0,4,4
SYN-037-clean,G037,test,clean,impact_without_severity,0.25,1,0.37650000012945384,3,0,0,0,0,0,4,4
SYN-037-clean,G037,test,clean,impact_without_severity,0.5,2,0.5223999978625216,3,0,0,0,0,0,4,4
SYN-037-clean,G037,test,clean,impact_without_severity,0.75,3,0.6568999961018562,3,0,0,0,0,0,4,4
SYN-037-clean,G037,test,clean,impact_without_severity,1.0,4,0.7782999964547344,3,0,0,0,0,0,4,4
SYN-037-clean,G037,test,clean,gold_upper_bound,0.0,4,0.7865000006859191,3,0,0,0,0,0,4,4
SYN-037-clean,G037,test,clean,gold_upper_bound,0.25,4,0.7865000006859191,3,0,0,0,0,0,4,4
SYN-037-clean,G037,test,clean,gold_upper_bound,0.5,4,0.7865000006859191,3,0,0,0,0,0,4,4
SYN-037-clean,G037,test,clean,gold_upper_bound,0.75,4,0.7865000006859191,3,0,0,0,0,0,4,4
SYN-037-clean,G037,test,clean,gold_upper_bound,1.0,4,0.7865000006859191,3,0,0,0,0,0,4,4
SYN-037-single_character_error,G037,test,single_character_error,legacy_baseline,0.0,0,59.08919999637874,1,0,2,0,0,2,2,4
SYN-037-single_character_error,G037,test,single_character_error,legacy_baseline,0.25,0,59.08919999637874,1,0,2,0,0,2,2,4
SYN-037-single_character_error,G037,test,single_character_error,legacy_baseline,0.5,0,59.08919999637874,1,0,2,0,0,2,2,4
SYN-037-single_character_error,G037,test,single_character_error,legacy_baseline,0.75,0,59.08919999637874,1,0,2,0,0,2,2,4
SYN-037-single_character_error,G037,test,single_character_error,legacy_baseline,1.0,0,59.08919999637874,1,0,2,0,0,2,2,4
SYN-037-single_character_error,G037,test,single_character_error,corrected_baseline,0.0,0,59.230099999695085,1,0,2,0,0,2,2,4
SYN-037-single_character_error,G037,test,single_character_error,corrected_baseline,0.25,0,59.230099999695085,1,0,2,0,0,2,2,4
SYN-037-single_character_error,G037,test,single_character_error,corrected_baseline,0.5,0,59.230099999695085,1,0,2,0,0,2,2,4
SYN-037-single_character_error,G037,test,single_character_error,corrected_baseline,0.75,0,59.230099999695085,1,0,2,0,0,2,2,4
SYN-037-single_character_error,G037,test,single_character_error,corrected_baseline,1.0,0,59.230099999695085,1,0,2,0,0,2,2,4
SYN-037-single_character_error,G037,test,single_character_error,prescription_order,0.0,0,58.894199995847885,1,0,2,0,0,2,2,4
SYN-037-single_character_error,G037,test,single_character_error,prescription_order,0.25,1,59.118899996974505,2,0,1,0,0,1,3,4
SYN-037-single_character_error,G037,test,single_character_error,prescription_order,0.5,2,59.30419999640435,2,0,1,0,0,1,3,4
SYN-037-single_character_error,G037,test,single_character_error,prescription_order,0.75,3,59.46079999557696,3,0,0,0,0,0,4,4
SYN-037-single_character_error,G037,test,single_character_error,prescription_order,1.0,4,59.597899999062065,3,0,0,0,0,0,4,4
SYN-037-single_character_error,G037,test,single_character_error,uncertainty,0.0,0,58.78349999693455,1,0,2,0,0,2,2,4
SYN-037-single_character_error,G037,test,single_character_error,uncertainty,0.25,1,58.99499999941327,2,0,1,0,0,1,3,4
SYN-037-single_character_error,G037,test,single_character_error,uncertainty,0.5,2,59.152499998162966,3,0,0,0,0,0,4,4
SYN-037-single_character_error,G037,test,single_character_error,uncertainty,0.75,3,59.29859999741893,3,0,0,0,0,0,4,4
SYN-037-single_character_error,G037,test,single_character_error,uncertainty,1.0,4,59.43660000048112,3,0,0,0,0,0,4,4
SYN-037-single_character_error,G037,test,single_character_error,impact,0.0,0,58.792299998458475,1,0,2,0,0,2,2,4
SYN-037-single_character_error,G037,test,single_character_error,impact,0.25,1,58.999900000344496,2,0,1,0,0,1,3,4
SYN-037-single_character_error,G037,test,single_character_error,impact,0.5,2,59.155000002647284,3,0,0,0,0,0,4,4
SYN-037-single_character_error,G037,test,single_character_error,impact,0.75,3,59.29910000122618,3,0,0,0,0,0,4,4
SYN-037-single_character_error,G037,test,single_character_error,impact,1.0,4,59.43380000098841,3,0,0,0,0,0,4,4
SYN-037-single_character_error,G037,test,single_character_error,impact_without_severity,0.0,0,58.785199995327275,1,0,2,0,0,2,2,4
SYN-037-single_character_error,G037,test,single_character_error,impact_without_severity,0.25,1,58.9925999956904,2,0,1,0,0,1,3,4
SYN-037-single_character_error,G037,test,single_character_error,impact_without_severity,0.5,2,59.1465999968932,3,0,0,0,0,0,4,4
SYN-037-single_character_error,G037,test,single_character_error,impact_without_severity,0.75,3,59.28779999521794,3,0,0,0,0,0,4,4
SYN-037-single_character_error,G037,test,single_character_error,impact_without_severity,1.0,4,59.41549999988638,3,0,0,0,0,0,4,4
SYN-037-single_character_error,G037,test,single_character_error,gold_upper_bound,0.0,4,59.41629999142606,3,0,0,0,0,0,4,4
SYN-037-single_character_error,G037,test,single_character_error,gold_upper_bound,0.25,4,59.41629999142606,3,0,0,0,0,0,4,4
SYN-037-single_character_error,G037,test,single_character_error,gold_upper_bound,0.5,4,59.41629999142606,3,0,0,0,0,0,4,4
SYN-037-single_character_error,G037,test,single_character_error,gold_upper_bound,0.75,4,59.41629999142606,3,0,0,0,0,0,4,4
SYN-037-single_character_error,G037,test,single_character_error,gold_upper_bound,1.0,4,59.41629999142606,3,0,0,0,0,0,4,4
SYN-037-mixed_corruption,G037,test,mixed_corruption,legacy_baseline,0.0,0,61.41250000655418,0,0,3,0,0,3,1,4
SYN-037-mixed_corruption,G037,test,mixed_corruption,legacy_baseline,0.25,0,61.41250000655418,0,0,3,0,0,3,1,4
SYN-037-mixed_corruption,G037,test,mixed_corruption,legacy_baseline,0.5,0,61.41250000655418,0,0,3,0,0,3,1,4
SYN-037-mixed_corruption,G037,test,mixed_corruption,legacy_baseline,0.75,0,61.41250000655418,0,0,3,0,0,3,1,4
SYN-037-mixed_corruption,G037,test,mixed_corruption,legacy_baseline,1.0,0,61.41250000655418,0,0,3,0,0,3,1,4
SYN-037-mixed_corruption,G037,test,mixed_corruption,corrected_baseline,0.0,0,61.53520000225399,0,0,3,0,0,3,1,4
SYN-037-mixed_corruption,G037,test,mixed_corruption,corrected_baseline,0.25,0,61.53520000225399,0,0,3,0,0,3,1,4
SYN-037-mixed_corruption,G037,test,mixed_corruption,corrected_baseline,0.5,0,61.53520000225399,0,0,3,0,0,3,1,4
SYN-037-mixed_corruption,G037,test,mixed_corruption,corrected_baseline,0.75,0,61.53520000225399,0,0,3,0,0,3,1,4
SYN-037-mixed_corruption,G037,test,mixed_corruption,corrected_baseline,1.0,0,61.53520000225399,0,0,3,0,0,3,1,4
SYN-037-mixed_corruption,G037,test,mixed_corruption,prescription_order,0.0,0,61.37770000350429,0,0,3,0,0,3,1,4
SYN-037-mixed_corruption,G037,test,mixed_corruption,prescription_order,0.25,1,61.71510000422131,1,0,2,0,0,2,2,4
SYN-037-mixed_corruption,G037,test,mixed_corruption,prescription_order,0.5,2,61.983400002645794,2,0,1,0,0,1,3,4
SYN-037-mixed_corruption,G037,test,mixed_corruption,prescription_order,0.75,3,62.1508000040194,3,0,0,0,0,0,4,4
SYN-037-mixed_corruption,G037,test,mixed_corruption,prescription_order,1.0,4,62.30679999862332,3,0,0,0,0,0,4,4
SYN-037-mixed_corruption,G037,test,mixed_corruption,uncertainty,0.0,0,61.16380000457866,0,0,3,0,0,3,1,4
SYN-037-mixed_corruption,G037,test,mixed_corruption,uncertainty,0.25,1,61.45500000275206,1,0,2,0,0,2,2,4
SYN-037-mixed_corruption,G037,test,mixed_corruption,uncertainty,0.5,2,61.6370999996434,2,0,1,0,0,1,3,4
SYN-037-mixed_corruption,G037,test,mixed_corruption,uncertainty,0.75,3,61.80060000042431,3,0,0,0,0,0,4,4
SYN-037-mixed_corruption,G037,test,mixed_corruption,uncertainty,1.0,4,61.934600002132356,3,0,0,0,0,0,4,4
SYN-037-mixed_corruption,G037,test,mixed_corruption,impact,0.0,0,61.25320000865031,0,0,3,0,0,3,1,4
SYN-037-mixed_corruption,G037,test,mixed_corruption,impact,0.25,1,61.54540000716224,1,0,2,0,0,2,2,4
SYN-037-mixed_corruption,G037,test,mixed_corruption,impact,0.5,2,61.73170000693062,2,0,1,0,0,1,3,4
SYN-037-mixed_corruption,G037,test,mixed_corruption,impact,0.75,3,61.879000008048024,3,0,0,0,0,0,4,4
SYN-037-mixed_corruption,G037,test,mixed_corruption,impact,1.0,4,62.01030000374885,3,0,0,0,0,0,4,4
SYN-037-mixed_corruption,G037,test,mixed_corruption,impact_without_severity,0.0,0,61.39760000951355,0,0,3,0,0,3,1,4
SYN-037-mixed_corruption,G037,test,mixed_corruption,impact_without_severity,0.25,1,61.83940000482835,1,0,2,0,0,2,2,4
SYN-037-mixed_corruption,G037,test,mixed_corruption,impact_without_severity,0.5,2,62.081800009764265,2,0,1,0,0,1,3,4
SYN-037-mixed_corruption,G037,test,mixed_corruption,impact_without_severity,0.75,3,62.256400007754564,3,0,0,0,0,0,4,4
SYN-037-mixed_corruption,G037,test,mixed_corruption,impact_without_severity,1.0,4,62.406400007603224,3,0,0,0,0,0,4,4
SYN-037-mixed_corruption,G037,test,mixed_corruption,gold_upper_bound,0.0,4,62.20279999979539,3,0,0,0,0,0,4,4
SYN-037-mixed_corruption,G037,test,mixed_corruption,gold_upper_bound,0.25,4,62.20279999979539,3,0,0,0,0,0,4,4
SYN-037-mixed_corruption,G037,test,mixed_corruption,gold_upper_bound,0.5,4,62.20279999979539,3,0,0,0,0,0,4,4
SYN-037-mixed_corruption,G037,test,mixed_corruption,gold_upper_bound,0.75,4,62.20279999979539,3,0,0,0,0,0,4,4
SYN-037-mixed_corruption,G037,test,mixed_corruption,gold_upper_bound,1.0,4,62.20279999979539,3,0,0,0,0,0,4,4
SYN-038-clean,G038,test,clean,legacy_baseline,0.0,0,0.6214000022737309,2,0,0,0,0,0,4,4
SYN-038-clean,G038,test,clean,legacy_baseline,0.25,0,0.6214000022737309,2,0,0,0,0,0,4,4
SYN-038-clean,G038,test,clean,legacy_baseline,0.5,0,0.6214000022737309,2,0,0,0,0,0,4,4
SYN-038-clean,G038,test,clean,legacy_baseline,0.75,0,0.6214000022737309,2,0,0,0,0,0,4,4
SYN-038-clean,G038,test,clean,legacy_baseline,1.0,0,0.6214000022737309,2,0,0,0,0,0,4,4
SYN-038-clean,G038,test,clean,corrected_baseline,0.0,0,0.30920000426704064,2,0,0,0,0,0,4,4
SYN-038-clean,G038,test,clean,corrected_baseline,0.25,0,0.30920000426704064,2,0,0,0,0,0,4,4
SYN-038-clean,G038,test,clean,corrected_baseline,0.5,0,0.30920000426704064,2,0,0,0,0,0,4,4
SYN-038-clean,G038,test,clean,corrected_baseline,0.75,0,0.30920000426704064,2,0,0,0,0,0,4,4
SYN-038-clean,G038,test,clean,corrected_baseline,1.0,0,0.30920000426704064,2,0,0,0,0,0,4,4
SYN-038-clean,G038,test,clean,prescription_order,0.0,0,0.2210000020568259,2,0,0,0,0,0,4,4
SYN-038-clean,G038,test,clean,prescription_order,0.25,1,0.385600003937725,2,0,0,0,0,0,4,4
SYN-038-clean,G038,test,clean,prescription_order,0.5,2,0.5500000042957254,2,0,0,0,0,0,4,4
SYN-038-clean,G038,test,clean,prescription_order,0.75,3,0.6847000040579587,2,0,0,0,0,0,4,4
SYN-038-clean,G038,test,clean,prescription_order,1.0,4,0.8045000067795627,2,0,0,0,0,0,4,4
SYN-038-clean,G038,test,clean,uncertainty,0.0,0,0.21800000104121864,2,0,0,0,0,0,4,4
SYN-038-clean,G038,test,clean,uncertainty,0.25,1,0.7935000030556694,2,0,0,0,0,0,4,4
SYN-038-clean,G038,test,clean,uncertainty,0.5,2,1.0505000027478673,2,0,0,0,0,0,4,4
SYN-038-clean,G038,test,clean,uncertainty,0.75,3,1.215300006151665,2,0,0,0,0,0,4,4
SYN-038-clean,G038,test,clean,uncertainty,1.0,4,1.3553000026149675,2,0,0,0,0,0,4,4
SYN-038-clean,G038,test,clean,impact,0.0,0,0.25209999876096845,2,0,0,0,0,0,4,4
SYN-038-clean,G038,test,clean,impact,0.25,1,0.44499999785330147,2,0,0,0,0,0,4,4
SYN-038-clean,G038,test,clean,impact,0.5,2,0.6087000001571141,2,0,0,0,0,0,4,4
SYN-038-clean,G038,test,clean,impact,0.75,3,0.7547999994130805,2,0,0,0,0,0,4,4
SYN-038-clean,G038,test,clean,impact,1.0,4,0.8926000009523705,2,0,0,0,0,0,4,4
SYN-038-clean,G038,test,clean,impact_without_severity,0.0,0,0.2606999987619929,2,0,0,0,0,0,4,4
SYN-038-clean,G038,test,clean,impact_without_severity,0.25,1,0.45030000183032826,2,0,0,0,0,0,4,4
SYN-038-clean,G038,test,clean,impact_without_severity,0.5,2,0.6049000003258698,2,0,0,0,0,0,4,4
SYN-038-clean,G038,test,clean,impact_without_severity,0.75,3,0.7396000000881031,2,0,0,0,0,0,4,4
SYN-038-clean,G038,test,clean,impact_without_severity,1.0,4,0.926900000195019,2,0,0,0,0,0,4,4
SYN-038-clean,G038,test,clean,gold_upper_bound,0.0,4,1.2609000041265972,2,0,0,0,0,0,4,4
SYN-038-clean,G038,test,clean,gold_upper_bound,0.25,4,1.2609000041265972,2,0,0,0,0,0,4,4
SYN-038-clean,G038,test,clean,gold_upper_bound,0.5,4,1.2609000041265972,2,0,0,0,0,0,4,4
SYN-038-clean,G038,test,clean,gold_upper_bound,0.75,4,1.2609000041265972,2,0,0,0,0,0,4,4
SYN-038-clean,G038,test,clean,gold_upper_bound,1.0,4,1.2609000041265972,2,0,0,0,0,0,4,4
SYN-038-single_character_error,G038,test,single_character_error,legacy_baseline,0.0,0,67.45999999839114,0,0,2,0,0,2,2,4
SYN-038-single_character_error,G038,test,single_character_error,legacy_baseline,0.25,0,67.45999999839114,0,0,2,0,0,2,2,4
SYN-038-single_character_error,G038,test,single_character_error,legacy_baseline,0.5,0,67.45999999839114,0,0,2,0,0,2,2,4
SYN-038-single_character_error,G038,test,single_character_error,legacy_baseline,0.75,0,67.45999999839114,0,0,2,0,0,2,2,4
SYN-038-single_character_error,G038,test,single_character_error,legacy_baseline,1.0,0,67.45999999839114,0,0,2,0,0,2,2,4
SYN-038-single_character_error,G038,test,single_character_error,corrected_baseline,0.0,0,67.39850000303704,0,0,2,0,0,2,2,4
SYN-038-single_character_error,G038,test,single_character_error,corrected_baseline,0.25,0,67.39850000303704,0,0,2,0,0,2,2,4
SYN-038-single_character_error,G038,test,single_character_error,corrected_baseline,0.5,0,67.39850000303704,0,0,2,0,0,2,2,4
SYN-038-single_character_error,G038,test,single_character_error,corrected_baseline,0.75,0,67.39850000303704,0,0,2,0,0,2,2,4
SYN-038-single_character_error,G038,test,single_character_error,corrected_baseline,1.0,0,67.39850000303704,0,0,2,0,0,2,2,4
SYN-038-single_character_error,G038,test,single_character_error,prescription_order,0.0,0,67.31779999972787,0,0,2,0,0,2,2,4
SYN-038-single_character_error,G038,test,single_character_error,prescription_order,0.25,1,67.76859999808948,0,0,2,0,0,1,3,4
SYN-038-single_character_error,G038,test,single_character_error,prescription_order,0.5,2,67.94039999658708,0,0,2,0,0,1,3,4
SYN-038-single_character_error,G038,test,single_character_error,prescription_order,0.75,3,68.09190000058152,2,0,0,0,0,0,4,4
SYN-038-single_character_error,G038,test,single_character_error,prescription_order,1.0,4,68.21629999467405,2,0,0,0,0,0,4,4
SYN-038-single_character_error,G038,test,single_character_error,uncertainty,0.0,0,67.07550000282936,0,0,2,0,0,2,2,4
SYN-038-single_character_error,G038,test,single_character_error,uncertainty,0.25,1,67.29650000488618,2,0,0,0,0,1,3,4
SYN-038-single_character_error,G038,test,single_character_error,uncertainty,0.5,2,67.44299999991199,2,0,0,0,0,0,4,4
SYN-038-single_character_error,G038,test,single_character_error,uncertainty,0.75,3,67.58059999992838,2,0,0,0,0,0,4,4
SYN-038-single_character_error,G038,test,single_character_error,uncertainty,1.0,4,67.69999999960419,2,0,0,0,0,0,4,4
SYN-038-single_character_error,G038,test,single_character_error,impact,0.0,0,67.07789999927627,0,0,2,0,0,2,2,4
SYN-038-single_character_error,G038,test,single_character_error,impact,0.25,1,67.28619999921648,0,0,2,0,0,1,3,4
SYN-038-single_character_error,G038,test,single_character_error,impact,0.5,2,67.43169999390375,2,0,0,0,0,0,4,4
SYN-038-single_character_error,G038,test,single_character_error,impact,0.75,3,67.561999996542,2,0,0,0,0,0,4,4
SYN-038-single_character_error,G038,test,single_character_error,impact,1.0,4,67.68349999765633,2,0,0,0,0,0,4,4
SYN-038-single_character_error,G038,test,single_character_error,impact_without_severity,0.0,0,67.06409999605967,0,0,2,0,0,2,2,4
SYN-038-single_character_error,G038,test,single_character_error,impact_without_severity,0.25,1,67.27780000073835,2,0,0,0,0,1,3,4
SYN-038-single_character_error,G038,test,single_character_error,impact_without_severity,0.5,2,67.42049999593291,2,0,0,0,0,0,4,4
SYN-038-single_character_error,G038,test,single_character_error,impact_without_severity,0.75,3,67.56019999738783,2,0,0,0,0,0,4,4
SYN-038-single_character_error,G038,test,single_character_error,impact_without_severity,1.0,4,67.68129999545636,2,0,0,0,0,0,4,4
SYN-038-single_character_error,G038,test,single_character_error,gold_upper_bound,0.0,4,67.63590000628028,2,0,0,0,0,0,4,4
SYN-038-single_character_error,G038,test,single_character_error,gold_upper_bound,0.25,4,67.63590000628028,2,0,0,0,0,0,4,4
SYN-038-single_character_error,G038,test,single_character_error,gold_upper_bound,0.5,4,67.63590000628028,2,0,0,0,0,0,4,4
SYN-038-single_character_error,G038,test,single_character_error,gold_upper_bound,0.75,4,67.63590000628028,2,0,0,0,0,0,4,4
SYN-038-single_character_error,G038,test,single_character_error,gold_upper_bound,1.0,4,67.63590000628028,2,0,0,0,0,0,4,4
SYN-038-mixed_corruption,G038,test,mixed_corruption,legacy_baseline,0.0,0,67.42649999796413,0,0,2,0,0,3,1,4
SYN-038-mixed_corruption,G038,test,mixed_corruption,legacy_baseline,0.25,0,67.42649999796413,0,0,2,0,0,3,1,4
SYN-038-mixed_corruption,G038,test,mixed_corruption,legacy_baseline,0.5,0,67.42649999796413,0,0,2,0,0,3,1,4
SYN-038-mixed_corruption,G038,test,mixed_corruption,legacy_baseline,0.75,0,67.42649999796413,0,0,2,0,0,3,1,4
SYN-038-mixed_corruption,G038,test,mixed_corruption,legacy_baseline,1.0,0,67.42649999796413,0,0,2,0,0,3,1,4
SYN-038-mixed_corruption,G038,test,mixed_corruption,corrected_baseline,0.0,0,67.5788999942597,0,0,2,0,0,3,1,4
SYN-038-mixed_corruption,G038,test,mixed_corruption,corrected_baseline,0.25,0,67.5788999942597,0,0,2,0,0,3,1,4
SYN-038-mixed_corruption,G038,test,mixed_corruption,corrected_baseline,0.5,0,67.5788999942597,0,0,2,0,0,3,1,4
SYN-038-mixed_corruption,G038,test,mixed_corruption,corrected_baseline,0.75,0,67.5788999942597,0,0,2,0,0,3,1,4
SYN-038-mixed_corruption,G038,test,mixed_corruption,corrected_baseline,1.0,0,67.5788999942597,0,0,2,0,0,3,1,4
SYN-038-mixed_corruption,G038,test,mixed_corruption,prescription_order,0.0,0,67.29659999837168,0,0,2,0,0,3,1,4
SYN-038-mixed_corruption,G038,test,mixed_corruption,prescription_order,0.25,1,67.63150000188034,0,0,2,0,0,2,2,4
SYN-038-mixed_corruption,G038,test,mixed_corruption,prescription_order,0.5,2,67.8191999977571,0,0,2,0,0,1,3,4
SYN-038-mixed_corruption,G038,test,mixed_corruption,prescription_order,0.75,3,67.97479999659117,2,0,0,0,0,0,4,4
SYN-038-mixed_corruption,G038,test,mixed_corruption,prescription_order,1.0,4,68.12820000050124,2,0,0,0,0,0,4,4
SYN-038-mixed_corruption,G038,test,mixed_corruption,uncertainty,0.0,0,67.2119999944698,0,0,2,0,0,3,1,4
SYN-038-mixed_corruption,G038,test,mixed_corruption,uncertainty,0.25,1,67.53919999755453,1,0,1,0,0,2,2,4
SYN-038-mixed_corruption,G038,test,mixed_corruption,uncertainty,0.5,2,67.73239999165526,2,0,0,0,0,1,3,4
SYN-038-mixed_corruption,G038,test,mixed_corruption,uncertainty,0.75,3,67.8730999934487,2,0,0,0,0,0,4,4
SYN-038-mixed_corruption,G038,test,mixed_corruption,uncertainty,1.0,4,67.99829999363283,2,0,0,0,0,0,4,4
SYN-038-mixed_corruption,G038,test,mixed_corruption,impact,0.0,0,67.28209999710089,0,0,2,0,0,3,1,4
SYN-038-mixed_corruption,G038,test,mixed_corruption,impact,0.25,1,67.57900000229711,0,0,2,0,0,2,2,4
SYN-038-mixed_corruption,G038,test,mixed_corruption,impact,0.5,2,67.74399999994785,0,0,2,0,0,1,3,4
SYN-038-mixed_corruption,G038,test,mixed_corruption,impact,0.75,3,67.88550000055693,2,0,0,0,0,0,4,4
SYN-038-mixed_corruption,G038,test,mixed_corruption,impact,1.0,4,68.01860000268789,2,0,0,0,0,0,4,4
SYN-038-mixed_corruption,G038,test,mixed_corruption,impact_without_severity,0.0,0,67.2498999920208,0,0,2,0,0,3,1,4
SYN-038-mixed_corruption,G038,test,mixed_corruption,impact_without_severity,0.25,1,67.77039999724366,1,0,1,0,0,2,2,4
SYN-038-mixed_corruption,G038,test,mixed_corruption,impact_without_severity,0.5,2,67.99419999151723,2,0,0,0,0,1,3,4
SYN-038-mixed_corruption,G038,test,mixed_corruption,impact_without_severity,0.75,3,68.14059999305755,2,0,0,0,0,0,4,4
SYN-038-mixed_corruption,G038,test,mixed_corruption,impact_without_severity,1.0,4,68.26529999671038,2,0,0,0,0,0,4,4
SYN-038-mixed_corruption,G038,test,mixed_corruption,gold_upper_bound,0.0,4,68.03300000319723,2,0,0,0,0,0,4,4
SYN-038-mixed_corruption,G038,test,mixed_corruption,gold_upper_bound,0.25,4,68.03300000319723,2,0,0,0,0,0,4,4
SYN-038-mixed_corruption,G038,test,mixed_corruption,gold_upper_bound,0.5,4,68.03300000319723,2,0,0,0,0,0,4,4
SYN-038-mixed_corruption,G038,test,mixed_corruption,gold_upper_bound,0.75,4,68.03300000319723,2,0,0,0,0,0,4,4
SYN-038-mixed_corruption,G038,test,mixed_corruption,gold_upper_bound,1.0,4,68.03300000319723,2,0,0,0,0,0,4,4
SYN-039-clean,G039,test,clean,legacy_baseline,0.0,0,0.61450000066543,1,0,0,0,0,0,4,4
SYN-039-clean,G039,test,clean,legacy_baseline,0.25,0,0.61450000066543,1,0,0,0,0,0,4,4
SYN-039-clean,G039,test,clean,legacy_baseline,0.5,0,0.61450000066543,1,0,0,0,0,0,4,4
SYN-039-clean,G039,test,clean,legacy_baseline,0.75,0,0.61450000066543,1,0,0,0,0,0,4,4
SYN-039-clean,G039,test,clean,legacy_baseline,1.0,0,0.61450000066543,1,0,0,0,0,0,4,4
SYN-039-clean,G039,test,clean,corrected_baseline,0.0,0,0.2669000023161061,1,0,0,0,0,0,4,4
SYN-039-clean,G039,test,clean,corrected_baseline,0.25,0,0.2669000023161061,1,0,0,0,0,0,4,4
SYN-039-clean,G039,test,clean,corrected_baseline,0.5,0,0.2669000023161061,1,0,0,0,0,0,4,4
SYN-039-clean,G039,test,clean,corrected_baseline,0.75,0,0.2669000023161061,1,0,0,0,0,0,4,4
SYN-039-clean,G039,test,clean,corrected_baseline,1.0,0,0.2669000023161061,1,0,0,0,0,0,4,4
SYN-039-clean,G039,test,clean,prescription_order,0.0,0,0.19809999503195286,1,0,0,0,0,0,4,4
SYN-039-clean,G039,test,clean,prescription_order,0.25,1,0.34890000097220764,1,0,0,0,0,0,4,4
SYN-039-clean,G039,test,clean,prescription_order,0.5,2,0.4828999954042956,1,0,0,0,0,0,4,4
SYN-039-clean,G039,test,clean,prescription_order,0.75,3,0.6045999980415218,1,0,0,0,0,0,4,4
SYN-039-clean,G039,test,clean,prescription_order,1.0,4,0.7112999956007116,1,0,0,0,0,0,4,4
SYN-039-clean,G039,test,clean,uncertainty,0.0,0,0.2139000062015839,1,0,0,0,0,0,4,4
SYN-039-clean,G039,test,clean,uncertainty,0.25,1,0.37990000419085845,1,0,0,0,0,0,4,4
SYN-039-clean,G039,test,clean,uncertainty,0.5,2,0.5101999995531514,1,0,0,0,0,0,4,4
SYN-039-clean,G039,test,clean,uncertainty,0.75,3,0.6337000013445504,1,0,0,0,0,0,4,4
SYN-039-clean,G039,test,clean,uncertainty,1.0,4,0.7445000010193326,1,0,0,0,0,0,4,4
SYN-039-clean,G039,test,clean,impact,0.0,0,0.19459999748505652,1,0,0,0,0,0,4,4
SYN-039-clean,G039,test,clean,impact,0.25,1,0.3395000021555461,1,0,0,0,0,0,4,4
SYN-039-clean,G039,test,clean,impact,0.5,2,0.4664000007323921,1,0,0,0,0,0,4,4
SYN-039-clean,G039,test,clean,impact,0.75,3,0.5843999970238656,1,0,0,0,0,0,4,4
SYN-039-clean,G039,test,clean,impact,1.0,4,0.6902999957674183,1,0,0,0,0,0,4,4
SYN-039-clean,G039,test,clean,impact_without_severity,0.0,0,0.1951000012923032,1,0,0,0,0,0,4,4
SYN-039-clean,G039,test,clean,impact_without_severity,0.25,1,0.3426999974180944,1,0,0,0,0,0,4,4
SYN-039-clean,G039,test,clean,impact_without_severity,0.5,2,0.47050000284798443,1,0,0,0,0,0,4,4
SYN-039-clean,G039,test,clean,impact_without_severity,0.75,3,0.5890000029467046,1,0,0,0,0,0,4,4
SYN-039-clean,G039,test,clean,impact_without_severity,1.0,4,0.6938000005902722,1,0,0,0,0,0,4,4
SYN-039-clean,G039,test,clean,gold_upper_bound,0.0,4,0.7012000060058199,1,0,0,0,0,0,4,4
SYN-039-clean,G039,test,clean,gold_upper_bound,0.25,4,0.7012000060058199,1,0,0,0,0,0,4,4
SYN-039-clean,G039,test,clean,gold_upper_bound,0.5,4,0.7012000060058199,1,0,0,0,0,0,4,4
SYN-039-clean,G039,test,clean,gold_upper_bound,0.75,4,0.7012000060058199,1,0,0,0,0,0,4,4
SYN-039-clean,G039,test,clean,gold_upper_bound,1.0,4,0.7012000060058199,1,0,0,0,0,0,4,4
SYN-039-single_character_error,G039,test,single_character_error,legacy_baseline,0.0,0,35.153700002410915,0,0,1,0,0,2,2,4
SYN-039-single_character_error,G039,test,single_character_error,legacy_baseline,0.25,0,35.153700002410915,0,0,1,0,0,2,2,4
SYN-039-single_character_error,G039,test,single_character_error,legacy_baseline,0.5,0,35.153700002410915,0,0,1,0,0,2,2,4
SYN-039-single_character_error,G039,test,single_character_error,legacy_baseline,0.75,0,35.153700002410915,0,0,1,0,0,2,2,4
SYN-039-single_character_error,G039,test,single_character_error,legacy_baseline,1.0,0,35.153700002410915,0,0,1,0,0,2,2,4
SYN-039-single_character_error,G039,test,single_character_error,corrected_baseline,0.0,0,35.00300000450807,0,0,1,0,0,2,2,4
SYN-039-single_character_error,G039,test,single_character_error,corrected_baseline,0.25,0,35.00300000450807,0,0,1,0,0,2,2,4
SYN-039-single_character_error,G039,test,single_character_error,corrected_baseline,0.5,0,35.00300000450807,0,0,1,0,0,2,2,4
SYN-039-single_character_error,G039,test,single_character_error,corrected_baseline,0.75,0,35.00300000450807,0,0,1,0,0,2,2,4
SYN-039-single_character_error,G039,test,single_character_error,corrected_baseline,1.0,0,35.00300000450807,0,0,1,0,0,2,2,4
SYN-039-single_character_error,G039,test,single_character_error,prescription_order,0.0,0,34.857900005590636,0,0,1,0,0,2,2,4
SYN-039-single_character_error,G039,test,single_character_error,prescription_order,0.25,1,35.08950000832556,1,0,0,0,0,1,3,4
SYN-039-single_character_error,G039,test,single_character_error,prescription_order,0.5,2,35.27730000496376,1,0,0,0,0,1,3,4
SYN-039-single_character_error,G039,test,single_character_error,prescription_order,0.75,3,35.415000005741604,1,0,0,0,0,0,4,4
SYN-039-single_character_error,G039,test,single_character_error,prescription_order,1.0,4,35.53310000279453,1,0,0,0,0,0,4,4
SYN-039-single_character_error,G039,test,single_character_error,uncertainty,0.0,0,34.78040000481997,0,0,1,0,0,2,2,4
SYN-039-single_character_error,G039,test,single_character_error,uncertainty,0.25,1,35.0075000023935,1,0,0,0,0,1,3,4
SYN-039-single_character_error,G039,test,single_character_error,uncertainty,0.5,2,35.15030000562547,1,0,0,0,0,0,4,4
SYN-039-single_character_error,G039,test,single_character_error,uncertainty,0.75,3,35.28040000674082,1,0,0,0,0,0,4,4
SYN-039-single_character_error,G039,test,single_character_error,uncertainty,1.0,4,35.39340000861557,1,0,0,0,0,0,4,4
SYN-039-single_character_error,G039,test,single_character_error,impact,0.0,0,34.78439999889815,0,0,1,0,0,2,2,4
SYN-039-single_character_error,G039,test,single_character_error,impact,0.25,1,34.9936999991769,1,0,0,0,0,1,3,4
SYN-039-single_character_error,G039,test,single_character_error,impact,0.5,2,35.1312000057078,1,0,0,0,0,0,4,4
SYN-039-single_character_error,G039,test,single_character_error,impact,0.75,3,35.25480000098469,1,0,0,0,0,0,4,4
SYN-039-single_character_error,G039,test,single_character_error,impact,1.0,4,35.36490000260528,1,0,0,0,0,0,4,4
SYN-039-single_character_error,G039,test,single_character_error,impact_without_severity,0.0,0,34.77480000583455,0,0,1,0,0,2,2,4
SYN-039-single_character_error,G039,test,single_character_error,impact_without_severity,0.25,1,35.063900002569426,1,0,0,0,0,1,3,4
SYN-039-single_character_error,G039,test,single_character_error,impact_without_severity,0.5,2,35.368800003197975,1,0,0,0,0,0,4,4
SYN-039-single_character_error,G039,test,single_character_error,impact_without_severity,0.75,3,35.52730000228621,1,0,0,0,0,0,4,4
SYN-039-single_character_error,G039,test,single_character_error,impact_without_severity,1.0,4,35.645000003569294,1,0,0,0,0,0,4,4
SYN-039-single_character_error,G039,test,single_character_error,gold_upper_bound,0.0,4,35.38720000506146,1,0,0,0,0,0,4,4
SYN-039-single_character_error,G039,test,single_character_error,gold_upper_bound,0.25,4,35.38720000506146,1,0,0,0,0,0,4,4
SYN-039-single_character_error,G039,test,single_character_error,gold_upper_bound,0.5,4,35.38720000506146,1,0,0,0,0,0,4,4
SYN-039-single_character_error,G039,test,single_character_error,gold_upper_bound,0.75,4,35.38720000506146,1,0,0,0,0,0,4,4
SYN-039-single_character_error,G039,test,single_character_error,gold_upper_bound,1.0,4,35.38720000506146,1,0,0,0,0,0,4,4
SYN-039-mixed_corruption,G039,test,mixed_corruption,legacy_baseline,0.0,0,87.52000000094995,0,0,1,0,0,3,1,4
SYN-039-mixed_corruption,G039,test,mixed_corruption,legacy_baseline,0.25,0,87.52000000094995,0,0,1,0,0,3,1,4
SYN-039-mixed_corruption,G039,test,mixed_corruption,legacy_baseline,0.5,0,87.52000000094995,0,0,1,0,0,3,1,4
SYN-039-mixed_corruption,G039,test,mixed_corruption,legacy_baseline,0.75,0,87.52000000094995,0,0,1,0,0,3,1,4
SYN-039-mixed_corruption,G039,test,mixed_corruption,legacy_baseline,1.0,0,87.52000000094995,0,0,1,0,0,3,1,4
SYN-039-mixed_corruption,G039,test,mixed_corruption,corrected_baseline,0.0,0,87.93210000294494,0,0,1,0,0,3,1,4
SYN-039-mixed_corruption,G039,test,mixed_corruption,corrected_baseline,0.25,0,87.93210000294494,0,0,1,0,0,3,1,4
SYN-039-mixed_corruption,G039,test,mixed_corruption,corrected_baseline,0.5,0,87.93210000294494,0,0,1,0,0,3,1,4
SYN-039-mixed_corruption,G039,test,mixed_corruption,corrected_baseline,0.75,0,87.93210000294494,0,0,1,0,0,3,1,4
SYN-039-mixed_corruption,G039,test,mixed_corruption,corrected_baseline,1.0,0,87.93210000294494,0,0,1,0,0,3,1,4
SYN-039-mixed_corruption,G039,test,mixed_corruption,prescription_order,0.0,0,87.38769999763463,0,0,1,0,0,3,1,4
SYN-039-mixed_corruption,G039,test,mixed_corruption,prescription_order,0.25,1,88.24040000035893,1,0,0,0,0,2,2,4
SYN-039-mixed_corruption,G039,test,mixed_corruption,prescription_order,0.5,2,88.97029999934603,1,0,0,0,0,1,3,4
SYN-039-mixed_corruption,G039,test,mixed_corruption,prescription_order,0.75,3,89.3722999971942,1,0,0,0,0,0,4,4
SYN-039-mixed_corruption,G039,test,mixed_corruption,prescription_order,1.0,4,89.83749999606516,1,0,0,0,0,0,4,4
SYN-039-mixed_corruption,G039,test,mixed_corruption,uncertainty,0.0,0,87.19849999761209,0,0,1,0,0,3,1,4
SYN-039-mixed_corruption,G039,test,mixed_corruption,uncertainty,0.25,1,88.18559999781428,1,0,0,0,0,2,2,4
SYN-039-mixed_corruption,G039,test,mixed_corruption,uncertainty,0.5,2,88.67710000049556,1,0,0,0,0,1,3,4
SYN-039-mixed_corruption,G039,test,mixed_corruption,uncertainty,0.75,3,89.0743999989354,1,0,0,0,0,0,4,4
SYN-039-mixed_corruption,G039,test,mixed_corruption,uncertainty,1.0,4,89.38749999651918,1,0,0,0,0,0,4,4
SYN-039-mixed_corruption,G039,test,mixed_corruption,impact,0.0,0,87.36949999729404,0,0,1,0,0,3,1,4
SYN-039-mixed_corruption,G039,test,mixed_corruption,impact,0.25,1,88.14420000271639,1,0,0,0,0,2,2,4
SYN-039-mixed_corruption,G039,test,mixed_corruption,impact,0.5,2,88.59820000361651,1,0,0,0,0,1,3,4
SYN-039-mixed_corruption,G039,test,mixed_corruption,impact,0.75,3,88.99080000264803,1,0,0,0,0,0,4,4
SYN-039-mixed_corruption,G039,test,mixed_corruption,impact,1.0,4,89.29470000293804,1,0,0,0,0,0,4,4
SYN-039-mixed_corruption,G039,test,mixed_corruption,impact_without_severity,0.0,0,87.33090000168886,0,0,1,0,0,3,1,4
SYN-039-mixed_corruption,G039,test,mixed_corruption,impact_without_severity,0.25,1,88.06140000524465,1,0,0,0,0,2,2,4
SYN-039-mixed_corruption,G039,test,mixed_corruption,impact_without_severity,0.5,2,88.54300000530202,1,0,0,0,0,1,3,4
SYN-039-mixed_corruption,G039,test,mixed_corruption,impact_without_severity,0.75,3,88.89610000187531,1,0,0,0,0,0,4,4
SYN-039-mixed_corruption,G039,test,mixed_corruption,impact_without_severity,1.0,4,89.20260000013513,1,0,0,0,0,0,4,4
SYN-039-mixed_corruption,G039,test,mixed_corruption,gold_upper_bound,0.0,4,90.73740000167163,1,0,0,0,0,0,4,4
SYN-039-mixed_corruption,G039,test,mixed_corruption,gold_upper_bound,0.25,4,90.73740000167163,1,0,0,0,0,0,4,4
SYN-039-mixed_corruption,G039,test,mixed_corruption,gold_upper_bound,0.5,4,90.73740000167163,1,0,0,0,0,0,4,4
SYN-039-mixed_corruption,G039,test,mixed_corruption,gold_upper_bound,0.75,4,90.73740000167163,1,0,0,0,0,0,4,4
SYN-039-mixed_corruption,G039,test,mixed_corruption,gold_upper_bound,1.0,4,90.73740000167163,1,0,0,0,0,0,4,4
