candidate_combinations,candidate_count,candidate_hits,case_id,conditional_extra_findings,conditional_findings,confirmed_fp,confirmed_tp,detected_entries,end_to_end_ms,entries,finding_total,fn,font_name,fp,group_id,high_total,high_tp,identity_correct,incorrect_stable_predicates,input_kind,latency_ms,layout,method,no_candidate_entries,ocr_error,ocr_ms,predicted_total,python_peak_bytes,response_cache_cold,response_cache_warm,result_semantics,size,split,stable_predicates,tp,unscorable_stable_predicates,unusable_entry_pairs,warm_latency_ms
,6,2,HOCR-0000-clean,,0,,,2,28647.786800000176,2,1,1,arial.ttf,0,OCR0000,1,0,1,0,clean,0.01669999983278103,flush_left,resolved_only,0,,28647.770100000344,0,,,,resolved identities,2,development,0,0,0,,
,6,2,HOCR-0000-clean,,0,,,2,28647.907300000952,2,1,0,arial.ttf,0,OCR0000,1,1,1,0,clean,0.13720000060857274,flush_left,top1_assumption,0,,28647.770100000344,1,,,,assumed identities,2,development,0,1,0,,
5,6,2,HOCR-0000-clean,1,2,0,0,2,28647.9322999985,2,1,0,arial.ttf,1,OCR0000,1,1,1,0,clean,0.1621999981580302,flush_left,candidate_propagation,0,,28647.770100000344,2,,"{""currsize"": 1, ""hits"": 0, ""maxsize"": 8192, ""misses"": 1}","{""currsize"": 1, ""hits"": 1, ""maxsize"": 8192, ""misses"": 1}",potential source records conditional on retained candidates,2,development,0,1,0,0,0.042499999835854396
,6,2,HOCR-0000-rotation_3_degrees,,0,,,2,4958.279699996638,2,1,1,arial.ttf,0,OCR0000,1,0,1,0,rotation_3_degrees,0.025099998310906813,flush_left,resolved_only,0,,4958.254599998327,0,,,,resolved identities,2,development,0,0,0,,
,6,2,HOCR-0000-rotation_3_degrees,,0,,,2,4958.386399997835,2,1,0,arial.ttf,0,OCR0000,1,1,1,0,rotation_3_degrees,0.13179999950807542,flush_left,top1_assumption,0,,4958.254599998327,1,,,,assumed identities,2,development,0,1,0,,
5,6,2,HOCR-0000-rotation_3_degrees,1,2,0,0,2,4958.532399999967,2,1,0,arial.ttf,1,OCR0000,1,1,1,0,rotation_3_degrees,0.2778000016405713,flush_left,candidate_propagation,0,,4958.254599998327,2,,"{""currsize"": 1, ""hits"": 0, ""maxsize"": 8192, ""misses"": 1}","{""currsize"": 1, ""hits"": 1, ""maxsize"": 8192, ""misses"": 1}",potential source records conditional on retained candidates,2,development,0,1,0,0,0.06740000026184134
,6,2,HOCR-0000-blur_low_contrast,,0,,,2,4554.397699997935,2,1,1,arial.ttf,0,OCR0000,1,0,1,0,blur_low_contrast,0.023699998564552516,flush_left,resolved_only,0,,4554.37399999937,0,,,,resolved identities,2,development,0,0,0,,
,6,2,HOCR-0000-blur_low_contrast,,0,,,2,4554.495100001077,2,1,0,arial.ttf,0,OCR0000,1,1,1,0,blur_low_contrast,0.12110000170650892,flush_left,top1_assumption,0,,4554.37399999937,1,,,,assumed identities,2,development,0,1,0,,
5,6,2,HOCR-0000-blur_low_contrast,1,2,0,0,2,4554.6074000012595,2,1,0,arial.ttf,1,OCR0000,1,1,1,0,blur_low_contrast,0.2334000018890947,flush_left,candidate_propagation,0,,4554.37399999937,2,,"{""currsize"": 1, ""hits"": 0, ""maxsize"": 8192, ""misses"": 1}","{""currsize"": 1, ""hits"": 1, ""maxsize"": 8192, ""misses"": 1}",potential source records conditional on retained candidates,2,development,0,1,0,0,0.09180000051856041
,5,5,HOCR-0001-clean,,0,,,5,10313.523400000122,5,3,0,arial.ttf,0,OCR0001,0,0,5,0,clean,0.25660000028437935,flush_left,resolved_only,0,,10313.266799999838,3,,,,resolved identities,5,development,0,3,0,,
,5,5,HOCR-0001-clean,,0,,,5,10313.406099998247,5,3,0,arial.ttf,0,OCR0001,0,0,5,0,clean,0.13929999840911478,flush_left,top1_assumption,0,,10313.266799999838,3,,,,assumed identities,5,development,0,3,0,,
10,5,5,HOCR-0001-clean,0,0,0,3,5,10313.85500000033,5,3,0,arial.ttf,0,OCR0001,0,0,5,0,clean,0.5882000004930887,flush_left,candidate_propagation,0,,10313.266799999838,3,,"{""currsize"": 10, ""hits"": 0, ""maxsize"": 8192, ""misses"": 10}","{""currsize"": 10, ""hits"": 10, ""maxsize"": 8192, ""misses"": 10}",potential source records conditional on retained candidates,5,development,3,3,0,0,0.14980000196374021
,5,5,HOCR-0001-rotation_3_degrees,,0,,,5,9848.897300002136,5,3,0,arial.ttf,0,OCR0001,0,0,5,0,rotation_3_degrees,0.2582000015536323,flush_left,resolved_only,0,,9848.639100000582,3,,,,resolved identities,5,development,0,3,0,,
,5,5,HOCR-0001-rotation_3_degrees,,0,,,5,9848.787300001277,5,3,0,arial.ttf,0,OCR0001,0,0,5,0,rotation_3_degrees,0.14820000069448724,flush_left,top1_assumption,0,,9848.639100000582,3,,,,assumed identities,5,development,0,3,0,,
10,5,5,HOCR-0001-rotation_3_degrees,0,0,0,3,5,9849.041000001307,5,3,0,arial.ttf,0,OCR0001,0,0,5,0,rotation_3_degrees,0.40190000072470866,flush_left,candidate_propagation,0,,9848.639100000582,3,,"{""currsize"": 10, ""hits"": 0, ""maxsize"": 8192, ""misses"": 10}","{""currsize"": 10, ""hits"": 10, ""maxsize"": 8192, ""misses"": 10}",potential source records conditional on retained candidates,5,development,3,3,0,0,0.15500000154133886
,5,5,HOCR-0001-blur_low_contrast,,0,,,5,9369.789299998956,5,3,0,arial.ttf,0,OCR0001,0,0,5,0,blur_low_contrast,0.27380000028642826,flush_left,resolved_only,0,,9369.51549999867,3,,,,resolved identities,5,development,0,3,0,,
,5,5,HOCR-0001-blur_low_contrast,,0,,,5,9369.661100001395,5,3,0,arial.ttf,0,OCR0001,0,0,5,0,blur_low_contrast,0.14560000272467732,flush_left,top1_assumption,0,,9369.51549999867,3,,,,assumed identities,5,development,0,3,0,,
10,5,5,HOCR-0001-blur_low_contrast,0,0,0,3,5,9369.915699997364,5,3,0,arial.ttf,0,OCR0001,0,0,5,0,blur_low_contrast,0.40019999869400635,flush_left,candidate_propagation,0,,9369.51549999867,3,,"{""currsize"": 10, ""hits"": 0, ""maxsize"": 8192, ""misses"": 10}","{""currsize"": 10, ""hits"": 10, ""maxsize"": 8192, ""misses"": 10}",potential source records conditional on retained candidates,5,development,3,3,0,0,0.14200000077835284
,10,10,HOCR-0002-clean,,0,,,10,18126.258599997527,10,4,0,arial.ttf,0,OCR0002,2,2,10,0,clean,0.5072999992989935,flush_left,resolved_only,0,,18125.75129999823,4,,,,resolved identities,10,development,0,4,0,,
,10,10,HOCR-0002-clean,,0,,,10,18126.038499998685,10,4,0,arial.ttf,0,OCR0002,2,2,10,0,clean,0.2872000004572328,flush_left,top1_assumption,0,,18125.75129999823,4,,,,assumed identities,10,development,0,4,0,,
45,10,10,HOCR-0002-clean,0,0,0,4,10,18130.39099999878,10,4,0,arial.ttf,0,OCR0002,2,2,10,0,clean,4.639700000552693,flush_left,candidate_propagation,0,,18125.75129999823,4,,"{""currsize"": 45, ""hits"": 0, ""maxsize"": 8192, ""misses"": 45}","{""currsize"": 45, ""hits"": 45, ""maxsize"": 8192, ""misses"": 45}",potential source records conditional on retained candidates,10,development,4,4,0,0,0.6537999979627784
,10,10,HOCR-0002-rotation_3_degrees,,0,,,10,11466.626200002793,10,4,0,arial.ttf,0,OCR0002,2,2,10,0,rotation_3_degrees,0.4521000009845011,flush_left,resolved_only,0,,11466.174100001808,4,,,,resolved identities,10,development,0,4,0,,
,10,10,HOCR-0002-rotation_3_degrees,,0,,,10,11466.44400000514,10,4,0,arial.ttf,0,OCR0002,2,2,10,0,rotation_3_degrees,0.2699000033317134,flush_left,top1_assumption,0,,11466.174100001808,4,,,,assumed identities,10,development,0,4,0,,
45,10,10,HOCR-0002-rotation_3_degrees,0,0,0,4,10,11468.993300004513,10,4,0,arial.ttf,0,OCR0002,2,2,10,0,rotation_3_degrees,2.819200002704747,flush_left,candidate_propagation,0,,11466.174100001808,4,,"{""currsize"": 45, ""hits"": 0, ""maxsize"": 8192, ""misses"": 45}","{""currsize"": 45, ""hits"": 45, ""maxsize"": 8192, ""misses"": 45}",potential source records conditional on retained candidates,10,development,4,4,0,0,0.7574999981443398
,10,10,HOCR-0002-blur_low_contrast,,0,,,10,17741.40819999957,10,4,0,arial.ttf,0,OCR0002,2,2,10,0,blur_low_contrast,0.44659999912255444,flush_left,resolved_only,0,,17740.961600000446,4,,,,resolved identities,10,development,0,4,0,,
,10,10,HOCR-0002-blur_low_contrast,,0,,,10,17741.231300002255,10,4,0,arial.ttf,0,OCR0002,2,2,10,0,blur_low_contrast,0.2697000018088147,flush_left,top1_assumption,0,,17740.961600000446,4,,,,assumed identities,10,development,0,4,0,,
45,10,10,HOCR-0002-blur_low_contrast,0,0,0,4,10,17744.16669999846,10,4,0,arial.ttf,0,OCR0002,2,2,10,0,blur_low_contrast,3.2050999980128836,flush_left,candidate_propagation,0,,17740.961600000446,4,,"{""currsize"": 45, ""hits"": 0, ""maxsize"": 8192, ""misses"": 45}","{""currsize"": 45, ""hits"": 45, ""maxsize"": 8192, ""misses"": 45}",potential source records conditional on retained candidates,10,development,4,4,0,0,0.5840000012540258
,2,2,HOCR-0003-clean,,0,,,2,4188.939499999833,2,1,0,arial.ttf,0,OCR0003,0,0,2,0,clean,0.23660000078962184,flush_left,resolved_only,0,,4188.702899999043,1,,,,resolved identities,2,development,0,1,0,,
,2,2,HOCR-0003-clean,,0,,,2,4188.769999997021,2,1,0,arial.ttf,0,OCR0003,0,0,2,0,clean,0.06709999797749333,flush_left,top1_assumption,0,,4188.702899999043,1,,,,assumed identities,2,development,0,1,0,,
1,2,2,HOCR-0003-clean,0,0,0,1,2,4188.795999998547,2,1,0,arial.ttf,0,OCR0003,0,0,2,0,clean,0.09309999950346537,flush_left,candidate_propagation,0,,4188.702899999043,1,,"{""currsize"": 1, ""hits"": 0, ""maxsize"": 8192, ""misses"": 1}","{""currsize"": 1, ""hits"": 1, ""maxsize"": 8192, ""misses"": 1}",potential source records conditional on retained candidates,2,development,1,1,0,0,0.026999998226528987
,2,2,HOCR-0003-rotation_3_degrees,,0,,,2,4694.6677999985695,2,1,0,arial.ttf,0,OCR0003,0,0,2,0,rotation_3_degrees,0.09919999865815043,flush_left,resolved_only,0,,4694.568599999911,1,,,,resolved identities,2,development,0,1,0,,
,2,2,HOCR-0003-rotation_3_degrees,,0,,,2,4694.6246000006795,2,1,0,arial.ttf,0,OCR0003,0,0,2,0,rotation_3_degrees,0.05600000076810829,flush_left,top1_assumption,0,,4694.568599999911,1,,,,assumed identities,2,development,0,1,0,,
1,2,2,HOCR-0003-rotation_3_degrees,0,0,0,1,2,4694.656200001191,2,1,0,arial.ttf,0,OCR0003,0,0,2,0,rotation_3_degrees,0.08760000127949752,flush_left,candidate_propagation,0,,4694.568599999911,1,,"{""currsize"": 1, ""hits"": 0, ""maxsize"": 8192, ""misses"": 1}","{""currsize"": 1, ""hits"": 1, ""maxsize"": 8192, ""misses"": 1}",potential source records conditional on retained candidates,2,development,1,1,0,0,0.025200002710334957
,2,2,HOCR-0003-blur_low_contrast,,0,,,2,4566.919400000188,2,1,0,arial.ttf,0,OCR0003,0,0,2,0,blur_low_contrast,0.13039999976172112,flush_left,resolved_only,0,,4566.789000000426,1,,,,resolved identities,2,development,0,1,0,,
,2,2,HOCR-0003-blur_low_contrast,,0,,,2,4567.121500000212,2,1,0,arial.ttf,0,OCR0003,0,0,2,0,blur_low_contrast,0.3324999997857958,flush_left,top1_assumption,0,,4566.789000000426,1,,,,assumed identities,2,development,0,1,0,,
1,2,2,HOCR-0003-blur_low_contrast,0,0,0,1,2,4566.899099998409,2,1,0,arial.ttf,0,OCR0003,0,0,2,0,blur_low_contrast,0.1100999979826156,flush_left,candidate_propagation,0,,4566.789000000426,1,,"{""currsize"": 1, ""hits"": 0, ""maxsize"": 8192, ""misses"": 1}","{""currsize"": 1, ""hits"": 1, ""maxsize"": 8192, ""misses"": 1}",potential source records conditional on retained candidates,2,development,1,1,0,0,0.027399997634347528
,5,5,HOCR-0004-clean,,0,,,5,10278.369900002872,5,1,0,arial.ttf,0,OCR0004,0,0,5,0,clean,0.17770000340533443,flush_left,resolved_only,0,,10278.192199999467,1,,,,resolved identities,5,development,0,1,0,,
,5,5,HOCR-0004-clean,,0,,,5,10278.289500001847,5,1,0,arial.ttf,0,OCR0004,0,0,5,0,clean,0.09730000238050707,flush_left,top1_assumption,0,,10278.192199999467,1,,,,assumed identities,5,development,0,1,0,,
10,5,5,HOCR-0004-clean,0,0,0,1,5,10278.546099998493,5,1,0,arial.ttf,0,OCR0004,0,0,5,0,clean,0.3538999990269076,flush_left,candidate_propagation,0,,10278.192199999467,1,,"{""currsize"": 10, ""hits"": 0, ""maxsize"": 8192, ""misses"": 10}","{""currsize"": 10, ""hits"": 10, ""maxsize"": 8192, ""misses"": 10}",potential source records conditional on retained candidates,5,development,1,1,0,0,0.2778999987640418
,5,5,HOCR-0004-rotation_3_degrees,,0,,,5,10072.256399998878,5,1,0,arial.ttf,0,OCR0004,0,0,5,0,rotation_3_degrees,0.167199999850709,flush_left,resolved_only,0,,10072.089199999027,1,,,,resolved identities,5,development,0,1,0,,
,5,5,HOCR-0004-rotation_3_degrees,,0,,,5,10072.183899996162,5,1,0,arial.ttf,0,OCR0004,0,0,5,0,rotation_3_degrees,0.09469999713473953,flush_left,top1_assumption,0,,10072.089199999027,1,,,,assumed identities,5,development,0,1,0,,
10,5,5,HOCR-0004-rotation_3_degrees,0,0,0,1,5,10072.432699998899,5,1,0,arial.ttf,0,OCR0004,0,0,5,0,rotation_3_degrees,0.3434999998717103,flush_left,candidate_propagation,0,,10072.089199999027,1,,"{""currsize"": 10, ""hits"": 0, ""maxsize"": 8192, ""misses"": 10}","{""currsize"": 10, ""hits"": 10, ""maxsize"": 8192, ""misses"": 10}",potential source records conditional on retained candidates,5,development,1,1,0,0,0.14010000086273067
,5,5,HOCR-0004-blur_low_contrast,,0,,,5,10550.669199998083,5,1,0,arial.ttf,0,OCR0004,0,0,5,0,blur_low_contrast,0.18339999951422215,flush_left,resolved_only,0,,10550.485799998569,1,,,,resolved identities,5,development,0,1,0,,
,5,5,HOCR-0004-blur_low_contrast,,0,,,5,10550.575299999764,5,1,0,arial.ttf,0,OCR0004,0,0,5,0,blur_low_contrast,0.0895000011951197,flush_left,top1_assumption,0,,10550.485799998569,1,,,,assumed identities,5,development,0,1,0,,
10,5,5,HOCR-0004-blur_low_contrast,0,0,0,1,5,10551.114899997629,5,1,0,arial.ttf,0,OCR0004,0,0,5,0,blur_low_contrast,0.6290999990596902,flush_left,candidate_propagation,0,,10550.485799998569,1,,"{""currsize"": 10, ""hits"": 0, ""maxsize"": 8192, ""misses"": 10}","{""currsize"": 10, ""hits"": 10, ""maxsize"": 8192, ""misses"": 10}",potential source records conditional on retained candidates,5,development,1,1,0,0,6.083900003432063
,2,2,HOCR-0005-clean,,0,,,2,4664.723800000502,2,1,0,arial.ttf,0,OCR0005,0,0,2,0,clean,0.112900001113303,flush_left,resolved_only,0,,4664.6108999993885,1,,,,resolved identities,2,development,0,1,0,,
,2,2,HOCR-0005-clean,,0,,,2,4664.671900001849,2,1,0,arial.ttf,0,OCR0005,0,0,2,0,clean,0.06100000246078707,flush_left,top1_assumption,0,,4664.6108999993885,1,,,,assumed identities,2,development,0,1,0,,
1,2,2,HOCR-0005-clean,0,0,0,1,2,4664.701499998046,2,1,0,arial.ttf,0,OCR0005,0,0,2,0,clean,0.09059999865712598,flush_left,candidate_propagation,0,,4664.6108999993885,1,,"{""currsize"": 1, ""hits"": 0, ""maxsize"": 8192, ""misses"": 1}","{""currsize"": 1, ""hits"": 1, ""maxsize"": 8192, ""misses"": 1}",potential source records conditional on retained candidates,2,development,1,1,0,0,0.025800000003073364
,2,2,HOCR-0005-rotation_3_degrees,,0,,,2,4452.394200005074,2,1,0,arial.ttf,0,OCR0005,0,0,2,0,rotation_3_degrees,0.11780000204453245,flush_left,resolved_only,0,,4452.276400003029,1,,,,resolved identities,2,development,0,1,0,,
,2,2,HOCR-0005-rotation_3_degrees,,0,,,2,4452.339800001937,2,1,0,arial.ttf,0,OCR0005,0,0,2,0,rotation_3_degrees,0.06339999890769832,flush_left,top1_assumption,0,,4452.276400003029,1,,,,assumed identities,2,development,0,1,0,,
1,2,2,HOCR-0005-rotation_3_degrees,0,0,0,1,2,4452.3721000005025,2,1,0,arial.ttf,0,OCR0005,0,0,2,0,rotation_3_degrees,0.09569999747327529,flush_left,candidate_propagation,0,,4452.276400003029,1,,"{""currsize"": 1, ""hits"": 0, ""maxsize"": 8192, ""misses"": 1}","{""currsize"": 1, ""hits"": 1, ""maxsize"": 8192, ""misses"": 1}",potential source records conditional on retained candidates,2,development,1,1,0,0,0.11520000043674372
,2,2,HOCR-0005-blur_low_contrast,,0,,,2,4660.7473000040045,2,1,0,arial.ttf,0,OCR0005,0,0,2,0,blur_low_contrast,0.1202000021294225,flush_left,resolved_only,0,,4660.627100001875,1,,,,resolved identities,2,development,0,1,0,,
,2,2,HOCR-0005-blur_low_contrast,,0,,,2,4660.689299998921,2,1,0,arial.ttf,0,OCR0005,0,0,2,0,blur_low_contrast,0.06219999704626389,flush_left,top1_assumption,0,,4660.627100001875,1,,,,assumed identities,2,development,0,1,0,,
1,2,2,HOCR-0005-blur_low_contrast,0,0,0,1,2,4660.719600004086,2,1,0,arial.ttf,0,OCR0005,0,0,2,0,blur_low_contrast,0.09250000221072696,flush_left,candidate_propagation,0,,4660.627100001875,1,,"{""currsize"": 1, ""hits"": 0, ""maxsize"": 8192, ""misses"": 1}","{""currsize"": 1, ""hits"": 1, ""maxsize"": 8192, ""misses"": 1}",potential source records conditional on retained candidates,2,development,1,1,0,0,0.027399997634347528
,2,2,HOCR-0006-clean,,0,,,2,4519.892199998139,2,0,0,calibri.ttf,0,OCR0006,0,0,2,0,clean,0.040499999158782884,indented,resolved_only,0,,4519.851699998981,0,,,,resolved identities,2,calibration,0,0,0,,
,2,2,HOCR-0006-clean,,0,,,2,4519.870999996783,2,0,0,calibri.ttf,0,OCR0006,0,0,2,0,clean,0.01929999780259095,indented,top1_assumption,0,,4519.851699998981,0,,,,assumed identities,2,calibration,0,0,0,,
1,2,2,HOCR-0006-clean,0,0,0,0,2,4519.991699999082,2,0,0,calibri.ttf,0,OCR0006,0,0,2,0,clean,0.14000000010128133,indented,candidate_propagation,0,,4519.851699998981,0,,"{""currsize"": 1, ""hits"": 0, ""maxsize"": 8192, ""misses"": 1}","{""currsize"": 1, ""hits"": 1, ""maxsize"": 8192, ""misses"": 1}",potential source records conditional on retained candidates,2,calibration,0,0,0,0,0.028200000087963417
,2,2,HOCR-0006-rotation_3_degrees,,0,,,2,4581.402600000729,2,0,0,calibri.ttf,0,OCR0006,0,0,2,0,rotation_3_degrees,0.03429999924264848,indented,resolved_only,0,,4581.368300001486,0,,,,resolved identities,2,calibration,0,0,0,,
,2,2,HOCR-0006-rotation_3_degrees,,0,,,2,4581.386300000304,2,0,0,calibri.ttf,0,OCR0006,0,0,2,0,rotation_3_degrees,0.01799999881768599,indented,top1_assumption,0,,4581.368300001486,0,,,,assumed identities,2,calibration,0,0,0,,
1,2,2,HOCR-0006-rotation_3_degrees,0,0,0,0,2,4581.415600001492,2,0,0,calibri.ttf,0,OCR0006,0,0,2,0,rotation_3_degrees,0.0473000000056345,indented,candidate_propagation,0,,4581.368300001486,0,,"{""currsize"": 1, ""hits"": 0, ""maxsize"": 8192, ""misses"": 1}","{""currsize"": 1, ""hits"": 1, ""maxsize"": 8192, ""misses"": 1}",potential source records conditional on retained candidates,2,calibration,0,0,0,0,0.022700001863995567
,2,2,HOCR-0006-blur_low_contrast,,0,,,2,4572.620099996129,2,0,0,calibri.ttf,0,OCR0006,0,0,2,0,blur_low_contrast,0.0610999995842576,indented,resolved_only,0,,4572.558999996545,0,,,,resolved identities,2,calibration,0,0,0,,
,2,2,HOCR-0006-blur_low_contrast,,0,,,2,4572.580599997309,2,0,0,calibri.ttf,0,OCR0006,0,0,2,0,blur_low_contrast,0.021600000764010474,indented,top1_assumption,0,,4572.558999996545,0,,,,assumed identities,2,calibration,0,0,0,,
1,2,2,HOCR-0006-blur_low_contrast,0,0,0,0,2,4572.6174999981595,2,0,0,calibri.ttf,0,OCR0006,0,0,2,0,blur_low_contrast,0.05850000161444768,indented,candidate_propagation,0,,4572.558999996545,0,,"{""currsize"": 1, ""hits"": 0, ""maxsize"": 8192, ""misses"": 1}","{""currsize"": 1, ""hits"": 1, ""maxsize"": 8192, ""misses"": 1}",potential source records conditional on retained candidates,2,calibration,0,0,0,0,0.025400000595254824
,5,5,HOCR-0007-clean,,0,,,5,6925.725799996144,5,1,0,calibri.ttf,0,OCR0007,1,1,5,0,clean,0.19999999858555384,indented,resolved_only,0,,6925.525799997558,1,,,,resolved identities,5,calibration,0,1,0,,
,5,5,HOCR-0007-clean,,0,,,5,6925.579099995957,5,1,0,calibri.ttf,0,OCR0007,1,1,5,0,clean,0.05329999839887023,indented,top1_assumption,0,,6925.525799997558,1,,,,assumed identities,5,calibration,0,1,0,,
10,5,5,HOCR-0007-clean,0,0,0,1,5,6925.72569999902,5,1,0,calibri.ttf,0,OCR0007,1,1,5,0,clean,0.1999000014620833,indented,candidate_propagation,0,,6925.525799997558,1,,"{""currsize"": 10, ""hits"": 0, ""maxsize"": 8192, ""misses"": 10}","{""currsize"": 10, ""hits"": 10, ""maxsize"": 8192, ""misses"": 10}",potential source records conditional on retained candidates,5,calibration,1,1,0,0,2.0088999990548473
,5,5,HOCR-0007-rotation_3_degrees,,0,,,5,3241.8027999992773,5,1,0,calibri.ttf,0,OCR0007,1,1,5,0,rotation_3_degrees,0.10649999967426993,indented,resolved_only,0,,3241.696299999603,1,,,,resolved identities,5,calibration,0,1,0,,
,5,5,HOCR-0007-rotation_3_degrees,,0,,,5,3241.74370000037,5,1,0,calibri.ttf,0,OCR0007,1,1,5,0,rotation_3_degrees,0.04740000076708384,indented,top1_assumption,0,,3241.696299999603,1,,,,assumed identities,5,calibration,0,1,0,,
10,5,5,HOCR-0007-rotation_3_degrees,0,0,0,1,5,3241.8827999972564,5,1,0,calibri.ttf,0,OCR0007,1,1,5,0,rotation_3_degrees,0.18649999765329994,indented,candidate_propagation,0,,3241.696299999603,1,,"{""currsize"": 10, ""hits"": 0, ""maxsize"": 8192, ""misses"": 10}","{""currsize"": 10, ""hits"": 10, ""maxsize"": 8192, ""misses"": 10}",potential source records conditional on retained candidates,5,calibration,1,1,0,0,0.08429999797954224
,5,5,HOCR-0007-blur_low_contrast,,0,,,5,3498.3948999943095,5,1,0,calibri.ttf,0,OCR0007,1,1,5,0,blur_low_contrast,0.0827999974717386,indented,resolved_only,0,,3498.312099996838,1,,,,resolved identities,5,calibration,0,1,0,,
,5,5,HOCR-0007-blur_low_contrast,,0,,,5,3498.3523999981117,5,1,0,calibri.ttf,0,OCR0007,1,1,5,0,blur_low_contrast,0.04030000127386302,indented,top1_assumption,0,,3498.312099996838,1,,,,assumed identities,5,calibration,0,1,0,,
10,5,5,HOCR-0007-blur_low_contrast,0,0,0,1,5,3498.4896999958437,5,1,0,calibri.ttf,0,OCR0007,1,1,5,0,blur_low_contrast,0.17759999900590628,indented,candidate_propagation,0,,3498.312099996838,1,,"{""currsize"": 10, ""hits"": 0, ""maxsize"": 8192, ""misses"": 10}","{""currsize"": 10, ""hits"": 10, ""maxsize"": 8192, ""misses"": 10}",potential source records conditional on retained candidates,5,calibration,1,1,0,0,0.06659999780822545
,10,10,HOCR-0008-clean,,0,,,10,15449.289700001827,10,10,0,georgia.ttf,0,OCR0008,3,3,10,0,clean,0.6560000001627486,right_column,resolved_only,0,,15448.633700001665,10,,,,resolved identities,10,test,0,10,0,,
,10,10,HOCR-0008-clean,,0,,,10,15449.064500000532,10,10,0,georgia.ttf,0,OCR0008,3,3,10,0,clean,0.4307999988668598,right_column,top1_assumption,0,,15448.633700001665,10,,,,assumed identities,10,test,0,10,0,,
45,10,10,HOCR-0008-clean,0,0,0,10,10,15453.610799999296,10,10,0,georgia.ttf,0,OCR0008,3,3,10,0,clean,4.97709999763174,right_column,candidate_propagation,0,,15448.633700001665,10,,"{""currsize"": 45, ""hits"": 0, ""maxsize"": 8192, ""misses"": 45}","{""currsize"": 45, ""hits"": 45, ""maxsize"": 8192, ""misses"": 45}",potential source records conditional on retained candidates,10,test,10,10,0,0,0.7463000001735054
,10,10,HOCR-0008-rotation_3_degrees,,0,,,10,17513.80529999733,10,10,0,georgia.ttf,0,OCR0008,3,3,10,0,rotation_3_degrees,0.6097000004956499,right_column,resolved_only,0,,17513.195599996834,10,,,,resolved identities,10,test,0,10,0,,
,10,10,HOCR-0008-rotation_3_degrees,,0,,,10,17513.630499997817,10,10,0,georgia.ttf,0,OCR0008,3,3,10,0,rotation_3_degrees,0.4349000009824522,right_column,top1_assumption,0,,17513.195599996834,10,,,,assumed identities,10,test,0,10,0,,
45,10,10,HOCR-0008-rotation_3_degrees,0,0,0,10,10,17516.84899999964,10,10,0,georgia.ttf,0,OCR0008,3,3,10,0,rotation_3_degrees,3.653400002804119,right_column,candidate_propagation,0,,17513.195599996834,10,,"{""currsize"": 45, ""hits"": 0, ""maxsize"": 8192, ""misses"": 45}","{""currsize"": 45, ""hits"": 45, ""maxsize"": 8192, ""misses"": 45}",potential source records conditional on retained candidates,10,test,10,10,0,0,0.496600001497427
,10,10,HOCR-0008-blur_low_contrast,,0,,,10,19469.447300001775,10,10,0,georgia.ttf,0,OCR0008,3,3,10,0,blur_low_contrast,0.8215999987442046,right_column,resolved_only,0,,19468.62570000303,10,,,,resolved identities,10,test,0,10,0,,
,10,10,HOCR-0008-blur_low_contrast,,0,,,10,19469.094400003087,10,10,0,georgia.ttf,0,OCR0008,3,3,10,0,blur_low_contrast,0.4687000000558328,right_column,top1_assumption,0,,19468.62570000303,10,,,,assumed identities,10,test,0,10,0,,
45,10,10,HOCR-0008-blur_low_contrast,0,0,0,10,10,19471.72000000137,10,10,0,georgia.ttf,0,OCR0008,3,3,10,0,blur_low_contrast,3.0942999983381014,right_column,candidate_propagation,0,,19468.62570000303,10,,"{""currsize"": 45, ""hits"": 0, ""maxsize"": 8192, ""misses"": 45}","{""currsize"": 45, ""hits"": 45, ""maxsize"": 8192, ""misses"": 45}",potential source records conditional on retained candidates,10,test,10,10,0,0,0.5616000016743783
,2,2,HOCR-0009-clean,,0,,,2,4282.023600000684,2,0,0,georgia.ttf,0,OCR0009,0,0,2,0,clean,0.0397000003431458,right_column,resolved_only,0,,4281.983900000341,0,,,,resolved identities,2,test,0,0,0,,
,2,2,HOCR-0009-clean,,0,,,2,4282.006900000852,2,0,0,georgia.ttf,0,OCR0009,0,0,2,0,clean,0.02300000051036477,right_column,top1_assumption,0,,4281.983900000341,0,,,,assumed identities,2,test,0,0,0,,
1,2,2,HOCR-0009-clean,0,0,0,0,2,4282.037599998148,2,0,0,georgia.ttf,0,OCR0009,0,0,2,0,clean,0.05369999780668877,right_column,candidate_propagation,0,,4281.983900000341,0,,"{""currsize"": 1, ""hits"": 0, ""maxsize"": 8192, ""misses"": 1}","{""currsize"": 1, ""hits"": 1, ""maxsize"": 8192, ""misses"": 1}",potential source records conditional on retained candidates,2,test,0,0,0,0,0.024100001610349864
,2,2,HOCR-0009-rotation_3_degrees,,0,,,2,4156.330699999671,2,0,0,georgia.ttf,0,OCR0009,0,0,2,0,rotation_3_degrees,0.03719999949680641,right_column,resolved_only,0,,4156.293500000174,0,,,,resolved identities,2,test,0,0,0,,
,2,2,HOCR-0009-rotation_3_degrees,,0,,,2,4156.315399999585,2,0,0,georgia.ttf,0,OCR0009,0,0,2,0,rotation_3_degrees,0.021899999410379678,right_column,top1_assumption,0,,4156.293500000174,0,,,,assumed identities,2,test,0,0,0,,
1,2,2,HOCR-0009-rotation_3_degrees,0,0,0,0,2,4156.346600000688,2,0,0,georgia.ttf,0,OCR0009,0,0,2,0,rotation_3_degrees,0.05310000051395036,right_column,candidate_propagation,0,,4156.293500000174,0,,"{""currsize"": 1, ""hits"": 0, ""maxsize"": 8192, ""misses"": 1}","{""currsize"": 1, ""hits"": 1, ""maxsize"": 8192, ""misses"": 1}",potential source records conditional on retained candidates,2,test,0,0,0,0,0.023399999918183312
,2,2,HOCR-0009-blur_low_contrast,,0,,,2,4509.788600003958,2,0,0,georgia.ttf,0,OCR0009,0,0,2,0,blur_low_contrast,0.06110000322223641,right_column,resolved_only,0,,4509.727500000736,0,,,,resolved identities,2,test,0,0,0,,
,2,2,HOCR-0009-blur_low_contrast,,0,,,2,4509.746600000653,2,0,0,georgia.ttf,0,OCR0009,0,0,2,0,blur_low_contrast,0.019099999917671084,right_column,top1_assumption,0,,4509.727500000736,0,,,,assumed identities,2,test,0,0,0,,
1,2,2,HOCR-0009-blur_low_contrast,0,0,0,0,2,4509.78269999905,2,0,0,georgia.ttf,0,OCR0009,0,0,2,0,blur_low_contrast,0.055199998314492404,right_column,candidate_propagation,0,,4509.727500000736,0,,"{""currsize"": 1, ""hits"": 0, ""maxsize"": 8192, ""misses"": 1}","{""currsize"": 1, ""hits"": 1, ""maxsize"": 8192, ""misses"": 1}",potential source records conditional on retained candidates,2,test,0,0,0,0,0.024400000256719068
,2,2,HOCR-0010-clean,,0,,,2,4882.474499998352,2,1,0,arial.ttf,0,OCR0010,0,0,2,0,clean,0.11239999730605632,flush_left,resolved_only,0,,4882.362100001046,1,,,,resolved identities,2,development,0,1,0,,
,2,2,HOCR-0010-clean,,0,,,2,4882.4187999998685,2,1,0,arial.ttf,0,OCR0010,0,0,2,0,clean,0.05669999882229604,flush_left,top1_assumption,0,,4882.362100001046,1,,,,assumed identities,2,development,0,1,0,,
1,2,2,HOCR-0010-clean,0,0,0,1,2,4882.449100001395,2,1,0,arial.ttf,0,OCR0010,0,0,2,0,clean,0.0870000003487803,flush_left,candidate_propagation,0,,4882.362100001046,1,,"{""currsize"": 1, ""hits"": 0, ""maxsize"": 8192, ""misses"": 1}","{""currsize"": 1, ""hits"": 1, ""maxsize"": 8192, ""misses"": 1}",potential source records conditional on retained candidates,2,development,1,1,0,0,0.026199999410891905
,2,2,HOCR-0010-rotation_3_degrees,,0,,,2,4655.053900001803,2,1,0,arial.ttf,0,OCR0010,0,0,2,0,rotation_3_degrees,0.10930000280495733,flush_left,resolved_only,0,,4654.9445999989985,1,,,,resolved identities,2,development,0,1,0,,
,2,2,HOCR-0010-rotation_3_degrees,,0,,,2,4655.004399999598,2,1,0,arial.ttf,0,OCR0010,0,0,2,0,rotation_3_degrees,0.05980000059935264,flush_left,top1_assumption,0,,4654.9445999989985,1,,,,assumed identities,2,development,0,1,0,,
1,2,2,HOCR-0010-rotation_3_degrees,0,0,0,1,2,4655.03699999681,2,1,0,arial.ttf,0,OCR0010,0,0,2,0,rotation_3_degrees,0.09239999781129882,flush_left,candidate_propagation,0,,4654.9445999989985,1,,"{""currsize"": 1, ""hits"": 0, ""maxsize"": 8192, ""misses"": 1}","{""currsize"": 1, ""hits"": 1, ""maxsize"": 8192, ""misses"": 1}",potential source records conditional on retained candidates,2,development,1,1,0,0,0.02719999974942766
,2,2,HOCR-0010-blur_low_contrast,,0,,,2,5288.864199996169,2,1,0,arial.ttf,0,OCR0010,0,0,2,0,blur_low_contrast,0.1238999975612387,flush_left,resolved_only,0,,5288.740299998608,1,,,,resolved identities,2,development,0,1,0,,
,2,2,HOCR-0010-blur_low_contrast,,0,,,2,5288.798199999292,2,1,0,arial.ttf,0,OCR0010,0,0,2,0,blur_low_contrast,0.05790000068373047,flush_left,top1_assumption,0,,5288.740299998608,1,,,,assumed identities,2,development,0,1,0,,
1,2,2,HOCR-0010-blur_low_contrast,0,0,0,1,2,5288.82959999828,2,1,0,arial.ttf,0,OCR0010,0,0,2,0,blur_low_contrast,0.08929999967222102,flush_left,candidate_propagation,0,,5288.740299998608,1,,"{""currsize"": 1, ""hits"": 0, ""maxsize"": 8192, ""misses"": 1}","{""currsize"": 1, ""hits"": 1, ""maxsize"": 8192, ""misses"": 1}",potential source records conditional on retained candidates,2,development,1,1,0,0,0.026199999410891905
,5,5,HOCR-0011-clean,,0,,,5,11539.208000001963,5,1,0,arial.ttf,0,OCR0011,0,0,5,0,clean,0.21610000112559646,flush_left,resolved_only,0,,11538.991900000838,1,,,,resolved identities,5,development,0,1,0,,
,5,5,HOCR-0011-clean,,0,,,5,11539.083100000425,5,1,0,arial.ttf,0,OCR0011,0,0,5,0,clean,0.0911999995878432,flush_left,top1_assumption,0,,11538.991900000838,1,,,,assumed identities,5,development,0,1,0,,
10,5,5,HOCR-0011-clean,0,0,0,1,5,11539.351300001726,5,1,0,arial.ttf,0,OCR0011,0,0,5,0,clean,0.35940000088885427,flush_left,candidate_propagation,0,,11538.991900000838,1,,"{""currsize"": 10, ""hits"": 0, ""maxsize"": 8192, ""misses"": 10}","{""currsize"": 10, ""hits"": 10, ""maxsize"": 8192, ""misses"": 10}",potential source records conditional on retained candidates,5,development,1,1,0,0,5.555599997023819
,5,5,HOCR-0011-rotation_3_degrees,,0,,,5,11408.00020000097,5,1,0,arial.ttf,0,OCR0011,0,0,5,0,rotation_3_degrees,0.1807000007829629,flush_left,resolved_only,0,,11407.819500000187,1,,,,resolved identities,5,development,0,1,0,,
,5,5,HOCR-0011-rotation_3_degrees,,0,,,5,11407.908100001805,5,1,0,arial.ttf,0,OCR0011,0,0,5,0,rotation_3_degrees,0.08860000161803328,flush_left,top1_assumption,0,,11407.819500000187,1,,,,assumed identities,5,development,0,1,0,,
10,5,5,HOCR-0011-rotation_3_degrees,0,0,0,1,5,11408.157300000312,5,1,0,arial.ttf,0,OCR0011,0,0,5,0,rotation_3_degrees,0.3378000001248438,flush_left,candidate_propagation,0,,11407.819500000187,1,,"{""currsize"": 10, ""hits"": 0, ""maxsize"": 8192, ""misses"": 10}","{""currsize"": 10, ""hits"": 10, ""maxsize"": 8192, ""misses"": 10}",potential source records conditional on retained candidates,5,development,1,1,0,0,0.15029999849502929
,5,5,HOCR-0011-blur_low_contrast,,0,,,5,10317.352300000493,5,1,0,arial.ttf,0,OCR0011,0,0,5,0,blur_low_contrast,0.21070000002509914,flush_left,resolved_only,0,,10317.141600000468,1,,,,resolved identities,5,development,0,1,0,,
,5,5,HOCR-0011-blur_low_contrast,,0,,,5,10317.239500000142,5,1,0,arial.ttf,0,OCR0011,0,0,5,0,blur_low_contrast,0.09789999967324547,flush_left,top1_assumption,0,,10317.141600000468,1,,,,assumed identities,5,development,0,1,0,,
10,5,5,HOCR-0011-blur_low_contrast,0,0,0,1,5,10317.507100000512,5,1,0,arial.ttf,0,OCR0011,0,0,5,0,blur_low_contrast,0.36550000004353933,flush_left,candidate_propagation,0,,10317.141600000468,1,,"{""currsize"": 10, ""hits"": 0, ""maxsize"": 8192, ""misses"": 10}","{""currsize"": 10, ""hits"": 10, ""maxsize"": 8192, ""misses"": 10}",potential source records conditional on retained candidates,5,development,1,1,0,0,0.148899998748675
,2,2,HOCR-0012-clean,,0,,,2,5811.9970000007015,2,0,0,arial.ttf,0,OCR0012,0,0,2,0,clean,0.03890000152750872,flush_left,resolved_only,0,,5811.958099999174,0,,,,resolved identities,2,development,0,0,0,,
,2,2,HOCR-0012-clean,,0,,,2,5812.028599997575,2,0,0,arial.ttf,0,OCR0012,0,0,2,0,clean,0.07049999840091914,flush_left,top1_assumption,0,,5811.958099999174,0,,,,assumed identities,2,development,0,0,0,,
1,2,2,HOCR-0012-clean,0,0,0,0,2,5812.021199999435,2,0,0,arial.ttf,0,OCR0012,0,0,2,0,clean,0.06310000026132911,flush_left,candidate_propagation,0,,5811.958099999174,0,,"{""currsize"": 1, ""hits"": 0, ""maxsize"": 8192, ""misses"": 1}","{""currsize"": 1, ""hits"": 1, ""maxsize"": 8192, ""misses"": 1}",potential source records conditional on retained candidates,2,development,0,0,0,0,0.026300000172341242
,2,2,HOCR-0012-rotation_3_degrees,,0,,,2,5066.0488000030455,2,0,0,arial.ttf,0,OCR0012,0,0,2,0,rotation_3_degrees,0.040800001443130895,flush_left,resolved_only,0,,5066.008000001602,0,,,,resolved identities,2,development,0,0,0,,
,2,2,HOCR-0012-rotation_3_degrees,,0,,,2,5066.027800003212,2,0,0,arial.ttf,0,OCR0012,0,0,2,0,rotation_3_degrees,0.019800001609837636,flush_left,top1_assumption,0,,5066.008000001602,0,,,,assumed identities,2,development,0,0,0,,
1,2,2,HOCR-0012-rotation_3_degrees,0,0,0,0,2,5066.060500001186,2,0,0,arial.ttf,0,OCR0012,0,0,2,0,rotation_3_degrees,0.05249999958323315,flush_left,candidate_propagation,0,,5066.008000001602,0,,"{""currsize"": 1, ""hits"": 0, ""maxsize"": 8192, ""misses"": 1}","{""currsize"": 1, ""hits"": 1, ""maxsize"": 8192, ""misses"": 1}",potential source records conditional on retained candidates,2,development,0,0,0,0,0.024500001018168405
,2,2,HOCR-0012-blur_low_contrast,,0,,,2,5301.147499998478,2,0,0,arial.ttf,0,OCR0012,0,0,2,0,blur_low_contrast,0.0397000003431458,flush_left,resolved_only,0,,5301.107799998135,0,,,,resolved identities,2,development,0,0,0,,
,2,2,HOCR-0012-blur_low_contrast,,0,,,2,5301.127299997461,2,0,0,arial.ttf,0,OCR0012,0,0,2,0,blur_low_contrast,0.019499999325489625,flush_left,top1_assumption,0,,5301.107799998135,0,,,,assumed identities,2,development,0,0,0,,
1,2,2,HOCR-0012-blur_low_contrast,0,0,0,0,2,5301.194999996369,2,0,0,arial.ttf,0,OCR0012,0,0,2,0,blur_low_contrast,0.08719999823370017,flush_left,candidate_propagation,0,,5301.107799998135,0,,"{""currsize"": 1, ""hits"": 0, ""maxsize"": 8192, ""misses"": 1}","{""currsize"": 1, ""hits"": 1, ""maxsize"": 8192, ""misses"": 1}",potential source records conditional on retained candidates,2,development,0,0,0,0,0.026199999410891905
,5,5,HOCR-0013-clean,,0,,,5,8263.796899998852,5,3,0,arial.ttf,0,OCR0013,0,0,5,0,clean,0.2749999985098839,flush_left,resolved_only,0,,8263.521900000342,3,,,,resolved identities,5,development,0,3,0,,
,5,5,HOCR-0013-clean,,0,,,5,8263.67350000146,5,3,0,arial.ttf,0,OCR0013,0,0,5,0,clean,0.15160000111791305,flush_left,top1_assumption,0,,8263.521900000342,3,,,,assumed identities,5,development,0,3,0,,
10,5,5,HOCR-0013-clean,0,0,0,3,5,8263.955800000986,5,3,0,arial.ttf,0,OCR0013,0,0,5,0,clean,0.43390000064391643,flush_left,candidate_propagation,0,,8263.521900000342,3,,"{""currsize"": 10, ""hits"": 0, ""maxsize"": 8192, ""misses"": 10}","{""currsize"": 10, ""hits"": 10, ""maxsize"": 8192, ""misses"": 10}",potential source records conditional on retained candidates,5,development,3,3,0,0,3.152799999952549
,5,5,HOCR-0013-rotation_3_degrees,,0,,,5,7548.061800000141,5,3,0,arial.ttf,0,OCR0013,0,0,5,0,rotation_3_degrees,0.274800000624964,flush_left,resolved_only,0,,7547.786999999516,3,,,,resolved identities,5,development,0,3,0,,
,5,5,HOCR-0013-rotation_3_degrees,,0,,,5,7547.943900000973,5,3,0,arial.ttf,0,OCR0013,0,0,5,0,rotation_3_degrees,0.15690000145696104,flush_left,top1_assumption,0,,7547.786999999516,3,,,,assumed identities,5,development,0,3,0,,
10,5,5,HOCR-0013-rotation_3_degrees,0,0,0,3,5,7548.01039999802,5,3,0,arial.ttf,0,OCR0013,0,0,5,0,rotation_3_degrees,0.22339999850373715,flush_left,candidate_propagation,0,,7547.786999999516,3,,"{""currsize"": 10, ""hits"": 0, ""maxsize"": 8192, ""misses"": 10}","{""currsize"": 10, ""hits"": 10, ""maxsize"": 8192, ""misses"": 10}",potential source records conditional on retained candidates,5,development,3,3,0,0,0.14849999934085645
,5,5,HOCR-0013-blur_low_contrast,,0,,,5,8190.439699999843,5,3,0,arial.ttf,0,OCR0013,0,0,5,0,blur_low_contrast,0.24290000146720558,flush_left,resolved_only,0,,8190.196799998375,3,,,,resolved identities,5,development,0,3,0,,
,5,5,HOCR-0013-blur_low_contrast,,0,,,5,8190.3413,5,3,0,arial.ttf,0,OCR0013,0,0,5,0,blur_low_contrast,0.14450000162469223,flush_left,top1_assumption,0,,8190.196799998375,3,,,,assumed identities,5,development,0,3,0,,
10,5,5,HOCR-0013-blur_low_contrast,0,0,0,3,5,8190.758599997935,5,3,0,arial.ttf,0,OCR0013,0,0,5,0,blur_low_contrast,0.5617999995592982,flush_left,candidate_propagation,0,,8190.196799998375,3,,"{""currsize"": 10, ""hits"": 0, ""maxsize"": 8192, ""misses"": 10}","{""currsize"": 10, ""hits"": 10, ""maxsize"": 8192, ""misses"": 10}",potential source records conditional on retained candidates,5,development,3,3,0,0,0.14400000145542435
,10,10,HOCR-0014-clean,,0,,,10,20184.821799997735,10,3,0,arial.ttf,0,OCR0014,1,1,10,0,clean,7.831099999748403,flush_left,resolved_only,0,,20176.990699997987,3,,,,resolved identities,10,development,0,3,0,,
,10,10,HOCR-0014-clean,,0,,,10,20177.395399998204,10,3,0,arial.ttf,0,OCR0014,1,1,10,0,clean,0.40470000021741726,flush_left,top1_assumption,0,,20176.990699997987,3,,,,assumed identities,10,development,0,3,0,,
45,10,10,HOCR-0014-clean,0,0,0,3,10,20182.43469999652,10,3,0,arial.ttf,0,OCR0014,1,1,10,0,clean,5.4439999985334,flush_left,candidate_propagation,0,,20176.990699997987,3,,"{""currsize"": 45, ""hits"": 0, ""maxsize"": 8192, ""misses"": 45}","{""currsize"": 45, ""hits"": 45, ""maxsize"": 8192, ""misses"": 45}",potential source records conditional on retained candidates,10,development,3,3,0,0,0.7119000001694076
,10,10,HOCR-0014-rotation_3_degrees,,0,,,10,19210.252100001526,10,3,0,arial.ttf,0,OCR0014,1,1,10,0,rotation_3_degrees,0.37150000207475387,flush_left,resolved_only,0,,19209.88059999945,3,,,,resolved identities,10,development,0,3,0,,
,10,10,HOCR-0014-rotation_3_degrees,,0,,,10,19210.129200000665,10,3,0,arial.ttf,0,OCR0014,1,1,10,0,rotation_3_degrees,0.2486000012140721,flush_left,top1_assumption,0,,19209.88059999945,3,,,,assumed identities,10,development,0,3,0,,
45,10,10,HOCR-0014-rotation_3_degrees,0,0,0,3,10,19213.19499999663,10,3,0,arial.ttf,0,OCR0014,1,1,10,0,rotation_3_degrees,3.314399997179862,flush_left,candidate_propagation,0,,19209.88059999945,3,,"{""currsize"": 45, ""hits"": 0, ""maxsize"": 8192, ""misses"": 45}","{""currsize"": 45, ""hits"": 45, ""maxsize"": 8192, ""misses"": 45}",potential source records conditional on retained candidates,10,development,3,3,0,0,0.529699998878641
,10,10,HOCR-0014-blur_low_contrast,,0,,,10,18807.86060000173,10,3,0,arial.ttf,0,OCR0014,1,1,10,0,blur_low_contrast,0.3952000006393064,flush_left,resolved_only,0,,18807.465400001092,3,,,,resolved identities,10,development,0,3,0,,
,10,10,HOCR-0014-blur_low_contrast,,0,,,10,18807.717600000615,10,3,0,arial.ttf,0,OCR0014,1,1,10,0,blur_low_contrast,0.2521999995224178,flush_left,top1_assumption,0,,18807.465400001092,3,,,,assumed identities,10,development,0,3,0,,
45,10,10,HOCR-0014-blur_low_contrast,0,0,0,3,10,18811.2033000034,10,3,0,arial.ttf,0,OCR0014,1,1,10,0,blur_low_contrast,3.73790000230656,flush_left,candidate_propagation,0,,18807.465400001092,3,,"{""currsize"": 45, ""hits"": 0, ""maxsize"": 8192, ""misses"": 45}","{""currsize"": 45, ""hits"": 45, ""maxsize"": 8192, ""misses"": 45}",potential source records conditional on retained candidates,10,development,3,3,0,0,0.543199999810895
,2,2,HOCR-0015-clean,,0,,,2,4743.654500001867,2,1,0,arial.ttf,0,OCR0015,0,0,2,0,clean,0.342100000125356,flush_left,resolved_only,0,,4743.3124000017415,1,,,,resolved identities,2,development,0,1,0,,
,2,2,HOCR-0015-clean,,0,,,2,4743.376900001749,2,1,0,arial.ttf,0,OCR0015,0,0,2,0,clean,0.06450000000768341,flush_left,top1_assumption,0,,4743.3124000017415,1,,,,assumed identities,2,development,0,1,0,,
1,2,2,HOCR-0015-clean,0,0,0,1,2,4743.404600001668,2,1,0,arial.ttf,0,OCR0015,0,0,2,0,clean,0.09219999992637895,flush_left,candidate_propagation,0,,4743.3124000017415,1,,"{""currsize"": 1, ""hits"": 0, ""maxsize"": 8192, ""misses"": 1}","{""currsize"": 1, ""hits"": 1, ""maxsize"": 8192, ""misses"": 1}",potential source records conditional on retained candidates,2,development,1,1,0,0,0.02609999864944257
,2,2,HOCR-0015-rotation_3_degrees,,0,,,2,4763.613300001452,2,1,0,arial.ttf,0,OCR0015,0,0,2,0,rotation_3_degrees,0.11960000119870529,flush_left,resolved_only,0,,4763.493700000254,1,,,,resolved identities,2,development,0,1,0,,
,2,2,HOCR-0015-rotation_3_degrees,,0,,,2,4763.561200001277,2,1,0,arial.ttf,0,OCR0015,0,0,2,0,rotation_3_degrees,0.06750000102329068,flush_left,top1_assumption,0,,4763.493700000254,1,,,,assumed identities,2,development,0,1,0,,
1,2,2,HOCR-0015-rotation_3_degrees,0,0,0,1,2,4763.586900000519,2,1,0,arial.ttf,0,OCR0015,0,0,2,0,rotation_3_degrees,0.0932000002649147,flush_left,candidate_propagation,0,,4763.493700000254,1,,"{""currsize"": 1, ""hits"": 0, ""maxsize"": 8192, ""misses"": 1}","{""currsize"": 1, ""hits"": 1, ""maxsize"": 8192, ""misses"": 1}",potential source records conditional on retained candidates,2,development,1,1,0,0,0.027400001272326335
,2,2,HOCR-0015-blur_low_contrast,,0,,,2,4753.597599999921,2,1,0,arial.ttf,0,OCR0015,0,0,2,0,blur_low_contrast,0.10800000018207356,flush_left,resolved_only,0,,4753.489599999739,1,,,,resolved identities,2,development,0,1,0,,
,2,2,HOCR-0015-blur_low_contrast,,0,,,2,4753.658599998744,2,1,0,arial.ttf,0,OCR0015,0,0,2,0,blur_low_contrast,0.16899999900488183,flush_left,top1_assumption,0,,4753.489599999739,1,,,,assumed identities,2,development,0,1,0,,
1,2,2,HOCR-0015-blur_low_contrast,0,0,0,1,2,4753.665499996714,2,1,0,arial.ttf,0,OCR0015,0,0,2,0,blur_low_contrast,0.17589999697520398,flush_left,candidate_propagation,0,,4753.489599999739,1,,"{""currsize"": 1, ""hits"": 0, ""maxsize"": 8192, ""misses"": 1}","{""currsize"": 1, ""hits"": 1, ""maxsize"": 8192, ""misses"": 1}",potential source records conditional on retained candidates,2,development,1,1,0,0,0.027400001272326335
,5,5,HOCR-0016-clean,,0,,,5,9021.89680000447,5,2,0,calibri.ttf,0,OCR0016,1,1,5,0,clean,0.8972000032372307,indented,resolved_only,0,,9020.999600001232,2,,,,resolved identities,5,calibration,0,2,0,,
,5,5,HOCR-0016-clean,,0,,,5,9021.13670000108,5,2,0,calibri.ttf,0,OCR0016,1,1,5,0,clean,0.1370999998471234,indented,top1_assumption,0,,9020.999600001232,2,,,,assumed identities,5,calibration,0,2,0,,
10,5,5,HOCR-0016-clean,0,0,0,2,5,9021.40380000128,5,2,0,calibri.ttf,0,OCR0016,1,1,5,0,clean,0.4042000000481494,indented,candidate_propagation,0,,9020.999600001232,2,,"{""currsize"": 10, ""hits"": 0, ""maxsize"": 8192, ""misses"": 10}","{""currsize"": 10, ""hits"": 10, ""maxsize"": 8192, ""misses"": 10}",potential source records conditional on retained candidates,5,calibration,2,2,0,0,0.1391000005241949
,5,5,HOCR-0016-rotation_3_degrees,,0,,,5,6211.970299998939,5,2,0,calibri.ttf,0,OCR0016,1,1,5,0,rotation_3_degrees,0.10100000145030208,indented,resolved_only,0,,6211.869299997488,2,,,,resolved identities,5,calibration,0,2,0,,
,5,5,HOCR-0016-rotation_3_degrees,,0,,,5,6211.92279999741,5,2,0,calibri.ttf,0,OCR0016,1,1,5,0,rotation_3_degrees,0.053499999921768904,indented,top1_assumption,0,,6211.869299997488,2,,,,assumed identities,5,calibration,0,2,0,,
10,5,5,HOCR-0016-rotation_3_degrees,0,0,0,2,5,6212.049599998863,5,2,0,calibri.ttf,0,OCR0016,1,1,5,0,rotation_3_degrees,0.18030000137514435,indented,candidate_propagation,0,,6211.869299997488,2,,"{""currsize"": 10, ""hits"": 0, ""maxsize"": 8192, ""misses"": 10}","{""currsize"": 10, ""hits"": 10, ""maxsize"": 8192, ""misses"": 10}",potential source records conditional on retained candidates,5,calibration,2,2,0,0,0.07370000093942508
,5,5,HOCR-0016-blur_low_contrast,,0,,,5,6938.573499995982,5,2,0,calibri.ttf,0,OCR0016,1,1,5,0,blur_low_contrast,0.1956999985850416,indented,resolved_only,0,,6938.377799997397,2,,,,resolved identities,5,calibration,0,2,0,,
,5,5,HOCR-0016-blur_low_contrast,,0,,,5,6938.490000000456,5,2,0,calibri.ttf,0,OCR0016,1,1,5,0,blur_low_contrast,0.11220000305911526,indented,top1_assumption,0,,6938.377799997397,2,,,,assumed identities,5,calibration,0,2,0,,
10,5,5,HOCR-0016-blur_low_contrast,0,0,0,2,5,6938.867799995933,5,2,0,calibri.ttf,0,OCR0016,1,1,5,0,blur_low_contrast,0.48999999853549525,indented,candidate_propagation,0,,6938.377799997397,2,,"{""currsize"": 10, ""hits"": 0, ""maxsize"": 8192, ""misses"": 10}","{""currsize"": 10, ""hits"": 10, ""maxsize"": 8192, ""misses"": 10}",potential source records conditional on retained candidates,5,calibration,2,2,0,0,4.665199998271419
,10,10,HOCR-0017-clean,,0,,,10,20544.749999997293,10,8,0,calibri.ttf,0,OCR0017,2,2,10,0,clean,6.365999997797189,indented,resolved_only,0,,20538.383999999496,8,,,,resolved identities,10,calibration,0,8,0,,
,10,10,HOCR-0017-clean,,0,,,10,20538.666399999784,10,8,0,calibri.ttf,0,OCR0017,2,2,10,0,clean,0.2824000002874527,indented,top1_assumption,0,,20538.383999999496,8,,,,assumed identities,10,calibration,0,8,0,,
45,10,10,HOCR-0017-clean,0,0,0,8,10,20540.526200002205,10,8,0,calibri.ttf,0,OCR0017,2,2,10,0,clean,2.142200002708705,indented,candidate_propagation,0,,20538.383999999496,8,,"{""currsize"": 45, ""hits"": 0, ""maxsize"": 8192, ""misses"": 45}","{""currsize"": 45, ""hits"": 45, ""maxsize"": 8192, ""misses"": 45}",potential source records conditional on retained candidates,10,calibration,8,8,0,0,0.5405000010796357
,10,10,HOCR-0017-rotation_3_degrees,,0,,,10,7584.87050000258,10,8,0,calibri.ttf,0,OCR0017,2,2,10,0,rotation_3_degrees,0.23770000188960694,indented,resolved_only,0,,7584.632800000691,8,,,,resolved identities,10,calibration,0,8,0,,
,10,10,HOCR-0017-rotation_3_degrees,,0,,,10,7584.794400001556,10,8,0,calibri.ttf,0,OCR0017,2,2,10,0,rotation_3_degrees,0.1616000008652918,indented,top1_assumption,0,,7584.632800000691,8,,,,assumed identities,10,calibration,0,8,0,,
45,10,10,HOCR-0017-rotation_3_degrees,0,0,0,8,10,7586.805599999934,10,8,0,calibri.ttf,0,OCR0017,2,2,10,0,rotation_3_degrees,2.17279999924358,indented,candidate_propagation,0,,7584.632800000691,8,,"{""currsize"": 45, ""hits"": 0, ""maxsize"": 8192, ""misses"": 45}","{""currsize"": 45, ""hits"": 45, ""maxsize"": 8192, ""misses"": 45}",potential source records conditional on retained candidates,10,calibration,8,8,0,0,0.2750999992713332
,10,10,HOCR-0017-blur_low_contrast,,0,,,10,7543.316300001607,10,8,0,calibri.ttf,0,OCR0017,2,2,10,0,blur_low_contrast,0.2759000017249491,indented,resolved_only,0,,7543.040399999882,8,,,,resolved identities,10,calibration,0,8,0,,
,10,10,HOCR-0017-blur_low_contrast,,0,,,10,7543.238199999905,10,8,0,calibri.ttf,0,OCR0017,2,2,10,0,blur_low_contrast,0.19780000002356246,indented,top1_assumption,0,,7543.040399999882,8,,,,assumed identities,10,calibration,0,8,0,,
45,10,10,HOCR-0017-blur_low_contrast,0,0,0,8,10,7544.52979999769,10,8,0,calibri.ttf,0,OCR0017,2,2,10,0,blur_low_contrast,1.4893999978085048,indented,candidate_propagation,0,,7543.040399999882,8,,"{""currsize"": 45, ""hits"": 0, ""maxsize"": 8192, ""misses"": 45}","{""currsize"": 45, ""hits"": 45, ""maxsize"": 8192, ""misses"": 45}",potential source records conditional on retained candidates,10,calibration,8,8,0,0,0.29709999944316223
,2,2,HOCR-0018-clean,,0,,,2,2070.3099999991537,2,0,0,georgia.ttf,0,OCR0018,0,0,2,0,clean,0.10480000128154643,right_column,resolved_only,0,,2070.205199997872,0,,,,resolved identities,2,test,0,0,0,,
,2,2,HOCR-0018-clean,,0,,,2,2070.220399997197,2,0,0,georgia.ttf,0,OCR0018,0,0,2,0,clean,0.015199999324977398,right_column,top1_assumption,0,,2070.205199997872,0,,,,assumed identities,2,test,0,0,0,,
1,2,2,HOCR-0018-clean,0,0,0,0,2,2070.2394999971148,2,0,0,georgia.ttf,0,OCR0018,0,0,2,0,clean,0.03429999924264848,right_column,candidate_propagation,0,,2070.205199997872,0,,"{""currsize"": 1, ""hits"": 0, ""maxsize"": 8192, ""misses"": 1}","{""currsize"": 1, ""hits"": 1, ""maxsize"": 8192, ""misses"": 1}",potential source records conditional on retained candidates,2,test,0,0,0,0,0.014799999917158857
,2,2,HOCR-0018-rotation_3_degrees,,0,,,2,2134.415500000614,2,0,0,georgia.ttf,0,OCR0018,0,0,2,0,rotation_3_degrees,0.0259000007645227,right_column,resolved_only,0,,2134.3895999998495,0,,,,resolved identities,2,test,0,0,0,,
,2,2,HOCR-0018-rotation_3_degrees,,0,,,2,2134.4028000021353,2,0,0,georgia.ttf,0,OCR0018,0,0,2,0,rotation_3_degrees,0.013200002285884693,right_column,top1_assumption,0,,2134.3895999998495,0,,,,assumed identities,2,test,0,0,0,,
1,2,2,HOCR-0018-rotation_3_degrees,0,0,0,0,2,2134.4323999983317,2,0,0,georgia.ttf,0,OCR0018,0,0,2,0,rotation_3_degrees,0.0427999984822236,right_column,candidate_propagation,0,,2134.3895999998495,0,,"{""currsize"": 1, ""hits"": 0, ""maxsize"": 8192, ""misses"": 1}","{""currsize"": 1, ""hits"": 1, ""maxsize"": 8192, ""misses"": 1}",potential source records conditional on retained candidates,2,test,0,0,0,0,0.01630000042496249
,2,2,HOCR-0018-blur_low_contrast,,0,,,2,3603.6245999966923,2,0,0,georgia.ttf,0,OCR0018,0,0,2,0,blur_low_contrast,0.028299997211433947,right_column,resolved_only,0,,3603.596299999481,0,,,,resolved identities,2,test,0,0,0,,
,2,2,HOCR-0018-blur_low_contrast,,0,,,2,3603.6088000000746,2,0,0,georgia.ttf,0,OCR0018,0,0,2,0,blur_low_contrast,0.012500000593718141,right_column,top1_assumption,0,,3603.596299999481,0,,,,assumed identities,2,test,0,0,0,,
1,2,2,HOCR-0018-blur_low_contrast,0,0,0,0,2,3603.6299999977928,2,0,0,georgia.ttf,0,OCR0018,0,0,2,0,blur_low_contrast,0.03369999831193127,right_column,candidate_propagation,0,,3603.596299999481,0,,"{""currsize"": 1, ""hits"": 0, ""maxsize"": 8192, ""misses"": 1}","{""currsize"": 1, ""hits"": 1, ""maxsize"": 8192, ""misses"": 1}",potential source records conditional on retained candidates,2,test,0,0,0,0,0.014299999747890979
,5,5,HOCR-0019-clean,,0,,,5,7126.523500002804,5,1,0,georgia.ttf,0,OCR0019,1,1,5,0,clean,0.9864000021480024,right_column,resolved_only,0,,7125.537100000656,1,,,,resolved identities,5,test,0,1,0,,
,5,5,HOCR-0019-clean,,0,,,5,7125.576499998715,5,1,0,georgia.ttf,0,OCR0019,1,1,5,0,clean,0.03939999805879779,right_column,top1_assumption,0,,7125.537100000656,1,,,,assumed identities,5,test,0,1,0,,
10,5,5,HOCR-0019-clean,0,0,0,1,5,7125.675899998896,5,1,0,georgia.ttf,0,OCR0019,1,1,5,0,clean,0.1387999982398469,right_column,candidate_propagation,0,,7125.537100000656,1,,"{""currsize"": 10, ""hits"": 0, ""maxsize"": 8192, ""misses"": 10}","{""currsize"": 10, ""hits"": 10, ""maxsize"": 8192, ""misses"": 10}",potential source records conditional on retained candidates,5,test,1,1,0,0,0.07340000229305588
,5,5,HOCR-0019-rotation_3_degrees,,0,,,5,6706.610900000669,5,1,0,georgia.ttf,0,OCR0019,1,1,5,0,rotation_3_degrees,0.1664000010350719,right_column,resolved_only,0,,6706.444499999634,1,,,,resolved identities,5,test,0,1,0,,
,5,5,HOCR-0019-rotation_3_degrees,,0,,,5,6706.525899997359,5,1,0,georgia.ttf,0,OCR0019,1,1,5,0,rotation_3_degrees,0.08139999772538431,right_column,top1_assumption,0,,6706.444499999634,1,,,,assumed identities,5,test,0,1,0,,
10,5,5,HOCR-0019-rotation_3_degrees,0,0,0,1,5,6706.790100000944,5,1,0,georgia.ttf,0,OCR0019,1,1,5,0,rotation_3_degrees,0.34560000131023116,right_column,candidate_propagation,0,,6706.444499999634,1,,"{""currsize"": 10, ""hits"": 0, ""maxsize"": 8192, ""misses"": 10}","{""currsize"": 10, ""hits"": 10, ""maxsize"": 8192, ""misses"": 10}",potential source records conditional on retained candidates,5,test,1,1,0,0,0.13649999891640618
,5,5,HOCR-0019-blur_low_contrast,,0,,,5,8487.401499998668,5,1,0,georgia.ttf,0,OCR0019,1,1,5,0,blur_low_contrast,0.09779999891179614,right_column,resolved_only,0,,8487.303699999757,1,,,,resolved identities,5,test,0,1,0,,
,5,5,HOCR-0019-blur_low_contrast,,0,,,5,8487.35300000044,5,1,0,georgia.ttf,0,OCR0019,1,1,5,0,blur_low_contrast,0.04930000068270601,right_column,top1_assumption,0,,8487.303699999757,1,,,,assumed identities,5,test,0,1,0,,
10,5,5,HOCR-0019-blur_low_contrast,0,0,0,1,5,8487.55650000021,5,1,0,georgia.ttf,0,OCR0019,1,1,5,0,blur_low_contrast,0.252800000453135,right_column,candidate_propagation,0,,8487.303699999757,1,,"{""currsize"": 10, ""hits"": 0, ""maxsize"": 8192, ""misses"": 10}","{""currsize"": 10, ""hits"": 10, ""maxsize"": 8192, ""misses"": 10}",potential source records conditional on retained candidates,5,test,1,1,0,0,3.835700001218356
,2,2,HOCR-0020-clean,,0,,,2,4681.96529999841,2,1,0,arial.ttf,0,OCR0020,1,1,2,0,clean,1.0385999994468875,flush_left,resolved_only,0,,4680.926699998963,1,,,,resolved identities,2,development,0,1,0,,
,2,2,HOCR-0020-clean,,0,,,2,4680.994899998041,2,1,0,arial.ttf,0,OCR0020,1,1,2,0,clean,0.06819999907747842,flush_left,top1_assumption,0,,4680.926699998963,1,,,,assumed identities,2,development,0,1,0,,
1,2,2,HOCR-0020-clean,0,0,0,1,2,4681.015999998635,2,1,0,arial.ttf,0,OCR0020,1,1,2,0,clean,0.08929999967222102,flush_left,candidate_propagation,0,,4680.926699998963,1,,"{""currsize"": 1, ""hits"": 0, ""maxsize"": 8192, ""misses"": 1}","{""currsize"": 1, ""hits"": 1, ""maxsize"": 8192, ""misses"": 1}",potential source records conditional on retained candidates,2,development,1,1,0,0,0.0259000007645227
,2,2,HOCR-0020-rotation_3_degrees,,0,,,2,4370.960799999011,2,1,0,arial.ttf,0,OCR0020,1,1,2,0,rotation_3_degrees,0.11180000001331791,flush_left,resolved_only,0,,4370.848999998998,1,,,,resolved identities,2,development,0,1,0,,
,2,2,HOCR-0020-rotation_3_degrees,,0,,,2,4370.906899999682,2,1,0,arial.ttf,0,OCR0020,1,1,2,0,rotation_3_degrees,0.05790000068373047,flush_left,top1_assumption,0,,4370.848999998998,1,,,,assumed identities,2,development,0,1,0,,
1,2,2,HOCR-0020-rotation_3_degrees,0,0,0,1,2,4370.944700000109,2,1,0,arial.ttf,0,OCR0020,1,1,2,0,rotation_3_degrees,0.0957000011112541,flush_left,candidate_propagation,0,,4370.848999998998,1,,"{""currsize"": 1, ""hits"": 0, ""maxsize"": 8192, ""misses"": 1}","{""currsize"": 1, ""hits"": 1, ""maxsize"": 8192, ""misses"": 1}",potential source records conditional on retained candidates,2,development,1,1,0,0,0.02769999991869554
,2,2,HOCR-0020-blur_low_contrast,,0,,,2,4510.626399998728,2,1,0,arial.ttf,0,OCR0020,1,1,2,0,blur_low_contrast,0.12900000001536682,flush_left,resolved_only,0,,4510.497399998712,1,,,,resolved identities,2,development,0,1,0,,
,2,2,HOCR-0020-blur_low_contrast,,0,,,2,4510.5564999976195,2,1,0,arial.ttf,0,OCR0020,1,1,2,0,blur_low_contrast,0.05909999890718609,flush_left,top1_assumption,0,,4510.497399998712,1,,,,assumed identities,2,development,0,1,0,,
1,2,2,HOCR-0020-blur_low_contrast,0,0,0,1,2,4510.5846999977075,2,1,0,arial.ttf,0,OCR0020,1,1,2,0,blur_low_contrast,0.08729999899514951,flush_left,candidate_propagation,0,,4510.497399998712,1,,"{""currsize"": 1, ""hits"": 0, ""maxsize"": 8192, ""misses"": 1}","{""currsize"": 1, ""hits"": 1, ""maxsize"": 8192, ""misses"": 1}",potential source records conditional on retained candidates,2,development,1,1,0,0,0.027300000510877
,2,2,HOCR-0021-clean,,0,,,2,4348.936499998672,2,0,0,arial.ttf,0,OCR0021,0,0,2,0,clean,2.186599998822203,flush_left,resolved_only,0,,4346.74989999985,0,,,,resolved identities,2,development,0,0,0,,
,2,2,HOCR-0021-clean,,0,,,2,4346.789500003069,2,0,0,arial.ttf,0,OCR0021,0,0,2,0,clean,0.03960000321967527,flush_left,top1_assumption,0,,4346.74989999985,0,,,,assumed identities,2,development,0,0,0,,
1,2,2,HOCR-0021-clean,0,0,0,0,2,4346.813799998927,2,0,0,arial.ttf,0,OCR0021,0,0,2,0,clean,0.0638999990769662,flush_left,candidate_propagation,0,,4346.74989999985,0,,"{""currsize"": 1, ""hits"": 0, ""maxsize"": 8192, ""misses"": 1}","{""currsize"": 1, ""hits"": 1, ""maxsize"": 8192, ""misses"": 1}",potential source records conditional on retained candidates,2,development,0,0,0,0,0.023799999326001853
,2,2,HOCR-0021-rotation_3_degrees,,0,,,2,4739.484900001116,2,0,0,arial.ttf,0,OCR0021,0,0,2,0,rotation_3_degrees,0.04149999949731864,flush_left,resolved_only,0,,4739.443400001619,0,,,,resolved identities,2,development,0,0,0,,
,2,2,HOCR-0021-rotation_3_degrees,,0,,,2,4739.46270000306,2,0,0,arial.ttf,0,OCR0021,0,0,2,0,rotation_3_degrees,0.01930000144056976,flush_left,top1_assumption,0,,4739.443400001619,0,,,,assumed identities,2,development,0,0,0,,
1,2,2,HOCR-0021-rotation_3_degrees,0,0,0,0,2,4739.497900001879,2,0,0,arial.ttf,0,OCR0021,0,0,2,0,rotation_3_degrees,0.05450000026030466,flush_left,candidate_propagation,0,,4739.443400001619,0,,"{""currsize"": 1, ""hits"": 0, ""maxsize"": 8192, ""misses"": 1}","{""currsize"": 1, ""hits"": 1, ""maxsize"": 8192, ""misses"": 1}",potential source records conditional on retained candidates,2,development,0,0,0,0,0.025400000595254824
,2,2,HOCR-0021-blur_low_contrast,,0,,,2,4433.8939000008395,2,0,0,arial.ttf,0,OCR0021,0,0,2,0,blur_low_contrast,0.04360000093583949,flush_left,resolved_only,0,,4433.850299999904,0,,,,resolved identities,2,development,0,0,0,,
,2,2,HOCR-0021-blur_low_contrast,,0,,,2,4433.870500000921,2,0,0,arial.ttf,0,OCR0021,0,0,2,0,blur_low_contrast,0.020200001017656177,flush_left,top1_assumption,0,,4433.850299999904,0,,,,assumed identities,2,development,0,0,0,,
1,2,2,HOCR-0021-blur_low_contrast,0,0,0,0,2,4433.90780000118,2,0,0,arial.ttf,0,OCR0021,0,0,2,0,blur_low_contrast,0.05750000127591193,flush_left,candidate_propagation,0,,4433.850299999904,0,,"{""currsize"": 1, ""hits"": 0, ""maxsize"": 8192, ""misses"": 1}","{""currsize"": 1, ""hits"": 1, ""maxsize"": 8192, ""misses"": 1}",potential source records conditional on retained candidates,2,development,0,0,0,0,0.025699999241624027
,5,5,HOCR-0022-clean,,0,,,5,7938.346400002047,5,1,0,arial.ttf,0,OCR0022,0,0,5,0,clean,6.497400001535425,flush_left,resolved_only,0,,7931.849000000511,1,,,,resolved identities,5,development,0,1,0,,
,5,5,HOCR-0022-clean,,0,,,5,7931.923500000266,5,1,0,arial.ttf,0,OCR0022,0,0,5,0,clean,0.07449999975506216,flush_left,top1_assumption,0,,7931.849000000511,1,,,,assumed identities,5,development,0,1,0,,
10,5,5,HOCR-0022-clean,0,0,0,1,5,7932.166800001141,5,1,0,arial.ttf,0,OCR0022,0,0,5,0,clean,0.3178000006300863,flush_left,candidate_propagation,0,,7931.849000000511,1,,"{""currsize"": 10, ""hits"": 0, ""maxsize"": 8192, ""misses"": 10}","{""currsize"": 10, ""hits"": 10, ""maxsize"": 8192, ""misses"": 10}",potential source records conditional on retained candidates,5,development,1,1,0,0,1.7229999975825194
,5,5,HOCR-0022-rotation_3_degrees,,0,,,5,6853.234400001384,5,1,0,arial.ttf,0,OCR0022,0,0,5,0,rotation_3_degrees,0.1083999995898921,flush_left,resolved_only,0,,6853.126000001794,1,,,,resolved identities,5,development,0,1,0,,
,5,5,HOCR-0022-rotation_3_degrees,,0,,,5,6853.196100000787,5,1,0,arial.ttf,0,OCR0022,0,0,5,0,rotation_3_degrees,0.0700999989931006,flush_left,top1_assumption,0,,6853.126000001794,1,,,,assumed identities,5,development,0,1,0,,
10,5,5,HOCR-0022-rotation_3_degrees,0,0,0,1,5,6853.343200004019,5,1,0,arial.ttf,0,OCR0022,0,0,5,0,rotation_3_degrees,0.21720000222558156,flush_left,candidate_propagation,0,,6853.126000001794,1,,"{""currsize"": 10, ""hits"": 0, ""maxsize"": 8192, ""misses"": 10}","{""currsize"": 10, ""hits"": 10, ""maxsize"": 8192, ""misses"": 10}",potential source records conditional on retained candidates,5,development,1,1,0,0,0.07959999857121147
,5,5,HOCR-0022-blur_low_contrast,,0,,,5,5255.191999996896,5,1,0,arial.ttf,0,OCR0022,0,0,5,0,blur_low_contrast,0.0886999987415038,flush_left,resolved_only,0,,5255.103299998154,1,,,,resolved identities,5,development,0,1,0,,
,5,5,HOCR-0022-blur_low_contrast,,0,,,5,5255.141799996636,5,1,0,arial.ttf,0,OCR0022,0,0,5,0,blur_low_contrast,0.03849999848171137,flush_left,top1_assumption,0,,5255.103299998154,1,,,,assumed identities,5,development,0,1,0,,
10,5,5,HOCR-0022-blur_low_contrast,0,0,0,1,5,5255.2544999962265,5,1,0,arial.ttf,0,OCR0022,0,0,5,0,blur_low_contrast,0.1511999980721157,flush_left,candidate_propagation,0,,5255.103299998154,1,,"{""currsize"": 10, ""hits"": 0, ""maxsize"": 8192, ""misses"": 10}","{""currsize"": 10, ""hits"": 10, ""maxsize"": 8192, ""misses"": 10}",potential source records conditional on retained candidates,5,development,1,1,0,0,0.059399997553555295
,10,10,HOCR-0023-clean,,0,,,10,15756.561400001374,10,9,0,arial.ttf,0,OCR0023,2,2,10,0,clean,20.43219999904977,flush_left,resolved_only,0,,15736.129200002324,9,,,,resolved identities,10,development,0,9,0,,
,10,10,HOCR-0023-clean,,0,,,10,15736.482200005412,10,9,0,arial.ttf,0,OCR0023,2,2,10,0,clean,0.3530000030878,flush_left,top1_assumption,0,,15736.129200002324,9,,,,assumed identities,10,development,0,9,0,,
45,10,10,HOCR-0023-clean,0,0,0,9,10,15739.595600003668,10,9,0,arial.ttf,0,OCR0023,2,2,10,0,clean,3.4664000013435725,flush_left,candidate_propagation,0,,15736.129200002324,9,,"{""currsize"": 45, ""hits"": 0, ""maxsize"": 8192, ""misses"": 45}","{""currsize"": 45, ""hits"": 45, ""maxsize"": 8192, ""misses"": 45}",potential source records conditional on retained candidates,10,development,9,9,0,0,1.085899999452522
,10,10,HOCR-0023-rotation_3_degrees,,0,,,10,9934.973999999784,10,9,0,arial.ttf,0,OCR0023,2,2,10,0,rotation_3_degrees,0.7409999998344574,flush_left,resolved_only,0,,9934.23299999995,9,,,,resolved identities,10,development,0,9,0,,
,10,10,HOCR-0023-rotation_3_degrees,,0,,,10,9934.744800000772,10,9,0,arial.ttf,0,OCR0023,2,2,10,0,rotation_3_degrees,0.5118000008224044,flush_left,top1_assumption,0,,9934.23299999995,9,,,,assumed identities,10,development,0,9,0,,
45,10,10,HOCR-0023-rotation_3_degrees,0,0,0,9,10,9939.012899998488,10,9,0,arial.ttf,0,OCR0023,2,2,10,0,rotation_3_degrees,4.779899998538895,flush_left,candidate_propagation,0,,9934.23299999995,9,,"{""currsize"": 45, ""hits"": 0, ""maxsize"": 8192, ""misses"": 45}","{""currsize"": 45, ""hits"": 45, ""maxsize"": 8192, ""misses"": 45}",potential source records conditional on retained candidates,10,development,9,9,0,0,0.8395999975618906
,10,10,HOCR-0023-blur_low_contrast,,0,,,10,10018.82789999945,10,9,0,arial.ttf,0,OCR0023,2,2,10,0,blur_low_contrast,0.6063999971956946,flush_left,resolved_only,0,,10018.221500002255,9,,,,resolved identities,10,development,0,9,0,,
,10,10,HOCR-0023-blur_low_contrast,,0,,,10,10018.668900000193,10,9,0,arial.ttf,0,OCR0023,2,2,10,0,blur_low_contrast,0.4473999979381915,flush_left,top1_assumption,0,,10018.221500002255,9,,,,assumed identities,10,development,0,9,0,,
45,10,10,HOCR-0023-blur_low_contrast,0,0,0,9,10,10021.88610000303,10,9,0,arial.ttf,0,OCR0023,2,2,10,0,blur_low_contrast,3.6646000007749535,flush_left,candidate_propagation,0,,10018.221500002255,9,,"{""currsize"": 45, ""hits"": 0, ""maxsize"": 8192, ""misses"": 45}","{""currsize"": 45, ""hits"": 45, ""maxsize"": 8192, ""misses"": 45}",potential source records conditional on retained candidates,10,development,9,9,0,0,0.7591000030515715
,2,2,HOCR-0024-clean,,0,,,2,3076.918700000533,2,0,0,arial.ttf,0,OCR0024,0,0,2,0,clean,0.8887000003596768,flush_left,resolved_only,0,,3076.0300000001735,0,,,,resolved identities,2,development,0,0,0,,
,2,2,HOCR-0024-clean,,0,,,2,3076.0914999991655,2,0,0,arial.ttf,0,OCR0024,0,0,2,0,clean,0.061499998992076144,flush_left,top1_assumption,0,,3076.0300000001735,0,,,,assumed identities,2,development,0,0,0,,
1,2,2,HOCR-0024-clean,0,0,0,0,2,3076.1103999975603,2,0,0,arial.ttf,0,OCR0024,0,0,2,0,clean,0.08039999738684855,flush_left,candidate_propagation,0,,3076.0300000001735,0,,"{""currsize"": 1, ""hits"": 0, ""maxsize"": 8192, ""misses"": 1}","{""currsize"": 1, ""hits"": 1, ""maxsize"": 8192, ""misses"": 1}",potential source records conditional on retained candidates,2,development,0,0,0,0,0.032100000680657104
,2,2,HOCR-0024-rotation_3_degrees,,0,,,2,2996.4516000000003,2,0,0,arial.ttf,0,OCR0024,0,0,2,0,rotation_3_degrees,0.04690000059781596,flush_left,resolved_only,0,,2996.4046999994025,0,,,,resolved identities,2,development,0,0,0,,
,2,2,HOCR-0024-rotation_3_degrees,,0,,,2,2996.423999997205,2,0,0,arial.ttf,0,OCR0024,0,0,2,0,rotation_3_degrees,0.01929999780259095,flush_left,top1_assumption,0,,2996.4046999994025,0,,,,assumed identities,2,development,0,0,0,,
1,2,2,HOCR-0024-rotation_3_degrees,0,0,0,0,2,2996.4667999993253,2,0,0,arial.ttf,0,OCR0024,0,0,2,0,rotation_3_degrees,0.06209999992279336,flush_left,candidate_propagation,0,,2996.4046999994025,0,,"{""currsize"": 1, ""hits"": 0, ""maxsize"": 8192, ""misses"": 1}","{""currsize"": 1, ""hits"": 1, ""maxsize"": 8192, ""misses"": 1}",potential source records conditional on retained candidates,2,development,0,0,0,0,0.024300003133248538
,2,2,HOCR-0024-blur_low_contrast,,0,,,2,2075.1544999984617,2,0,0,arial.ttf,0,OCR0024,0,0,2,0,blur_low_contrast,0.021999996533850208,flush_left,resolved_only,0,,2075.132500001928,0,,,,resolved identities,2,development,0,0,0,,
,2,2,HOCR-0024-blur_low_contrast,,0,,,2,2075.1414000005752,2,0,0,arial.ttf,0,OCR0024,0,0,2,0,blur_low_contrast,0.008899998647393659,flush_left,top1_assumption,0,,2075.132500001928,0,,,,assumed identities,2,development,0,0,0,,
1,2,2,HOCR-0024-blur_low_contrast,0,0,0,0,2,2075.1576000002387,2,0,0,arial.ttf,0,OCR0024,0,0,2,0,blur_low_contrast,0.025099998310906813,flush_left,candidate_propagation,0,,2075.132500001928,0,,"{""currsize"": 1, ""hits"": 0, ""maxsize"": 8192, ""misses"": 1}","{""currsize"": 1, ""hits"": 1, ""maxsize"": 8192, ""misses"": 1}",potential source records conditional on retained candidates,2,development,0,0,0,0,0.010799998563015833
,2,2,HOCR-0025-clean,,0,,,2,1979.9050000001444,2,1,0,arial.ttf,0,OCR0025,0,0,2,0,clean,0.455000001238659,flush_left,resolved_only,0,,1979.4499999989057,1,,,,resolved identities,2,development,0,1,0,,
,2,2,HOCR-0025-clean,,0,,,2,1979.4939999992494,2,1,0,arial.ttf,0,OCR0025,0,0,2,0,clean,0.04400000034365803,flush_left,top1_assumption,0,,1979.4499999989057,1,,,,assumed identities,2,development,0,1,0,,
1,2,2,HOCR-0025-clean,0,0,0,1,2,1979.5085000005201,2,1,0,arial.ttf,0,OCR0025,0,0,2,0,clean,0.05850000161444768,flush_left,candidate_propagation,0,,1979.4499999989057,1,,"{""currsize"": 1, ""hits"": 0, ""maxsize"": 8192, ""misses"": 1}","{""currsize"": 1, ""hits"": 1, ""maxsize"": 8192, ""misses"": 1}",potential source records conditional on retained candidates,2,development,1,1,0,0,0.016099998902063817
,2,2,HOCR-0025-rotation_3_degrees,,0,,,2,3328.5795000010694,2,1,0,arial.ttf,0,OCR0025,0,0,2,0,rotation_3_degrees,0.072900002123788,flush_left,resolved_only,0,,3328.5065999989456,1,,,,resolved identities,2,development,0,1,0,,
,2,2,HOCR-0025-rotation_3_degrees,,0,,,2,3328.536400000303,2,1,0,arial.ttf,0,OCR0025,0,0,2,0,rotation_3_degrees,0.029800001357216388,flush_left,top1_assumption,0,,3328.5065999989456,1,,,,assumed identities,2,development,0,1,0,,
1,2,2,HOCR-0025-rotation_3_degrees,0,0,0,1,2,3328.5576999987825,2,1,0,arial.ttf,0,OCR0025,0,0,2,0,rotation_3_degrees,0.05109999983687885,flush_left,candidate_propagation,0,,3328.5065999989456,1,,"{""currsize"": 1, ""hits"": 0, ""maxsize"": 8192, ""misses"": 1}","{""currsize"": 1, ""hits"": 1, ""maxsize"": 8192, ""misses"": 1}",potential source records conditional on retained candidates,2,development,1,1,0,0,0.014499997632810846
,2,2,HOCR-0025-blur_low_contrast,,0,,,2,2183.299399999669,2,1,0,arial.ttf,0,OCR0025,0,0,2,0,blur_low_contrast,0.06850000136182643,flush_left,resolved_only,0,,2183.230899998307,1,,,,resolved identities,2,development,0,1,0,,
,2,2,HOCR-0025-blur_low_contrast,,0,,,2,2183.264399995096,2,1,0,arial.ttf,0,OCR0025,0,0,2,0,blur_low_contrast,0.03349999678903259,flush_left,top1_assumption,0,,2183.230899998307,1,,,,assumed identities,2,development,0,1,0,,
1,2,2,HOCR-0025-blur_low_contrast,0,0,0,1,2,2183.2843999982288,2,1,0,arial.ttf,0,OCR0025,0,0,2,0,blur_low_contrast,0.053499999921768904,flush_left,candidate_propagation,0,,2183.230899998307,1,,"{""currsize"": 1, ""hits"": 0, ""maxsize"": 8192, ""misses"": 1}","{""currsize"": 1, ""hits"": 1, ""maxsize"": 8192, ""misses"": 1}",potential source records conditional on retained candidates,2,development,1,1,0,0,0.015400000847876072
,5,5,HOCR-0026-clean,,0,,,5,3699.2505000052915,5,3,0,calibri.ttf,0,OCR0026,0,0,5,0,clean,5.680500002199551,indented,resolved_only,0,,3693.570000003092,3,,,,resolved identities,5,calibration,0,3,0,,
,5,5,HOCR-0026-clean,,0,,,5,3693.715200006409,5,3,0,calibri.ttf,0,OCR0026,0,0,5,0,clean,0.14520000331685878,indented,top1_assumption,0,,3693.570000003092,3,,,,assumed identities,5,calibration,0,3,0,,
10,5,5,HOCR-0026-clean,0,0,0,3,5,3693.8487000043096,5,3,0,calibri.ttf,0,OCR0026,0,0,5,0,clean,0.2787000012176577,indented,candidate_propagation,0,,3693.570000003092,3,,"{""currsize"": 10, ""hits"": 0, ""maxsize"": 8192, ""misses"": 10}","{""currsize"": 10, ""hits"": 10, ""maxsize"": 8192, ""misses"": 10}",potential source records conditional on retained candidates,5,calibration,3,3,0,0,2.323400000022957
,5,5,HOCR-0026-rotation_3_degrees,,0,,,5,3602.7117000012367,5,3,0,calibri.ttf,0,OCR0026,0,0,5,0,rotation_3_degrees,0.17290000323555432,indented,resolved_only,0,,3602.538799998001,3,,,,resolved identities,5,calibration,0,3,0,,
,5,5,HOCR-0026-rotation_3_degrees,,0,,,5,3602.654499998607,5,3,0,calibri.ttf,0,OCR0026,0,0,5,0,rotation_3_degrees,0.1157000006060116,indented,top1_assumption,0,,3602.538799998001,3,,,,assumed identities,5,calibration,0,3,0,,
10,5,5,HOCR-0026-rotation_3_degrees,0,0,0,3,5,3602.8098999959184,5,3,0,calibri.ttf,0,OCR0026,0,0,5,0,rotation_3_degrees,0.2710999979171902,indented,candidate_propagation,0,,3602.538799998001,3,,"{""currsize"": 10, ""hits"": 0, ""maxsize"": 8192, ""misses"": 10}","{""currsize"": 10, ""hits"": 10, ""maxsize"": 8192, ""misses"": 10}",potential source records conditional on retained candidates,5,calibration,3,3,0,0,0.09850000060396269
,5,5,HOCR-0026-blur_low_contrast,,0,,,5,3300.035799999023,5,3,0,calibri.ttf,0,OCR0026,0,0,5,0,blur_low_contrast,0.0911999995878432,indented,resolved_only,0,,3299.944599999435,3,,,,resolved identities,5,calibration,0,3,0,,
,5,5,HOCR-0026-blur_low_contrast,,0,,,5,3299.986900001386,5,3,0,calibri.ttf,0,OCR0026,0,0,5,0,blur_low_contrast,0.04230000195093453,indented,top1_assumption,0,,3299.944599999435,3,,,,assumed identities,5,calibration,0,3,0,,
10,5,5,HOCR-0026-blur_low_contrast,0,0,0,3,5,3300.0819999979285,5,3,0,calibri.ttf,0,OCR0026,0,0,5,0,blur_low_contrast,0.1373999984934926,indented,candidate_propagation,0,,3299.944599999435,3,,"{""currsize"": 10, ""hits"": 0, ""maxsize"": 8192, ""misses"": 10}","{""currsize"": 10, ""hits"": 10, ""maxsize"": 8192, ""misses"": 10}",potential source records conditional on retained candidates,5,calibration,3,3,0,0,0.05859999873791821
,2,2,HOCR-0027-clean,,0,,,2,1791.7552000035357,2,0,0,calibri.ttf,0,OCR0027,0,0,2,0,clean,2.3797000030754134,indented,resolved_only,0,,1789.3755000004603,0,,,,resolved identities,2,calibration,0,0,0,,
,2,2,HOCR-0027-clean,,0,,,2,1789.4147000006342,2,0,0,calibri.ttf,0,OCR0027,0,0,2,0,clean,0.039200000173877925,indented,top1_assumption,0,,1789.3755000004603,0,,,,assumed identities,2,calibration,0,0,0,,
1,2,2,HOCR-0027-clean,0,0,0,0,2,1789.4149999992806,2,0,0,calibri.ttf,0,OCR0027,0,0,2,0,clean,0.03949999882024713,indented,candidate_propagation,0,,1789.3755000004603,0,,"{""currsize"": 1, ""hits"": 0, ""maxsize"": 8192, ""misses"": 1}","{""currsize"": 1, ""hits"": 1, ""maxsize"": 8192, ""misses"": 1}",potential source records conditional on retained candidates,2,calibration,0,0,0,0,0.01639999754843302
,2,2,HOCR-0027-rotation_3_degrees,,0,,,2,1790.3664000041317,2,0,0,calibri.ttf,0,OCR0027,0,0,2,0,rotation_3_degrees,0.0242000023717992,indented,resolved_only,0,,1790.34220000176,0,,,,resolved identities,2,calibration,0,0,0,,
,2,2,HOCR-0027-rotation_3_degrees,,0,,,2,1790.3516000005766,2,0,0,calibri.ttf,0,OCR0027,0,0,2,0,rotation_3_degrees,0.009399998816661537,indented,top1_assumption,0,,1790.34220000176,0,,,,assumed identities,2,calibration,0,0,0,,
1,2,2,HOCR-0027-rotation_3_degrees,0,0,0,0,2,1790.372400002525,2,0,0,calibri.ttf,0,OCR0027,0,0,2,0,rotation_3_degrees,0.03020000076503493,indented,candidate_propagation,0,,1790.34220000176,0,,"{""currsize"": 1, ""hits"": 0, ""maxsize"": 8192, ""misses"": 1}","{""currsize"": 1, ""hits"": 1, ""maxsize"": 8192, ""misses"": 1}",potential source records conditional on retained candidates,2,calibration,0,0,0,0,0.012299999070819467
,2,2,HOCR-0027-blur_low_contrast,,0,,,2,2138.9085999981035,2,0,0,calibri.ttf,0,OCR0027,0,0,2,0,blur_low_contrast,0.02519999907235615,indented,resolved_only,0,,2138.883399999031,0,,,,resolved identities,2,calibration,0,0,0,,
,2,2,HOCR-0027-blur_low_contrast,,0,,,2,2138.8915999996243,2,0,0,calibri.ttf,0,OCR0027,0,0,2,0,blur_low_contrast,0.008200000593205914,indented,top1_assumption,0,,2138.883399999031,0,,,,assumed identities,2,calibration,0,0,0,,
1,2,2,HOCR-0027-blur_low_contrast,0,0,0,0,2,2138.916399999289,2,0,0,calibri.ttf,0,OCR0027,0,0,2,0,blur_low_contrast,0.03300000025774352,indented,candidate_propagation,0,,2138.883399999031,0,,"{""currsize"": 1, ""hits"": 0, ""maxsize"": 8192, ""misses"": 1}","{""currsize"": 1, ""hits"": 1, ""maxsize"": 8192, ""misses"": 1}",potential source records conditional on retained candidates,2,calibration,0,0,0,0,0.013900000340072438
,5,5,HOCR-0028-clean,,0,,,5,4793.075199999294,5,0,0,georgia.ttf,0,OCR0028,0,0,5,0,clean,0.6318999985523988,right_column,resolved_only,0,,4792.443300000741,0,,,,resolved identities,5,test,0,0,0,,
,5,5,HOCR-0028-clean,,0,,,5,4792.483500001254,5,0,0,georgia.ttf,0,OCR0028,0,0,5,0,clean,0.04020000051241368,right_column,top1_assumption,0,,4792.443300000741,0,,,,assumed identities,5,test,0,0,0,,
10,5,5,HOCR-0028-clean,0,0,0,0,5,4792.666100001952,5,0,0,georgia.ttf,0,OCR0028,0,0,5,0,clean,0.22280000121099874,right_column,candidate_propagation,0,,4792.443300000741,0,,"{""currsize"": 10, ""hits"": 0, ""maxsize"": 8192, ""misses"": 10}","{""currsize"": 10, ""hits"": 10, ""maxsize"": 8192, ""misses"": 10}",potential source records conditional on retained candidates,5,test,0,0,0,0,2.20890000127838
,5,5,HOCR-0028-rotation_3_degrees,,0,,,5,4691.763500002708,5,0,0,georgia.ttf,0,OCR0028,0,0,5,0,rotation_3_degrees,0.051700000767596066,right_column,resolved_only,0,,4691.71180000194,0,,,,resolved identities,5,test,0,0,0,,
,5,5,HOCR-0028-rotation_3_degrees,,0,,,5,4691.739800004143,5,0,0,georgia.ttf,0,OCR0028,0,0,5,0,rotation_3_degrees,0.02800000220304355,right_column,top1_assumption,0,,4691.71180000194,0,,,,assumed identities,5,test,0,0,0,,
10,5,5,HOCR-0028-rotation_3_degrees,0,0,0,0,5,4691.898700002639,5,0,0,georgia.ttf,0,OCR0028,0,0,5,0,rotation_3_degrees,0.1869000006990973,right_column,candidate_propagation,0,,4691.71180000194,0,,"{""currsize"": 10, ""hits"": 0, ""maxsize"": 8192, ""misses"": 10}","{""currsize"": 10, ""hits"": 10, ""maxsize"": 8192, ""misses"": 10}",potential source records conditional on retained candidates,5,test,0,0,0,0,0.07679999907850288
,5,5,HOCR-0028-blur_low_contrast,,0,,,5,5093.011000000843,5,0,0,georgia.ttf,0,OCR0028,0,0,5,0,blur_low_contrast,0.03719999949680641,right_column,resolved_only,0,,5092.973800001346,0,,,,resolved identities,5,test,0,0,0,,
,5,5,HOCR-0028-blur_low_contrast,,0,,,5,5092.993600002956,5,0,0,georgia.ttf,0,OCR0028,0,0,5,0,blur_low_contrast,0.019800001609837636,right_column,top1_assumption,0,,5092.973800001346,0,,,,assumed identities,5,test,0,0,0,,
10,5,5,HOCR-0028-blur_low_contrast,0,0,0,0,5,5093.088000001444,5,0,0,georgia.ttf,0,OCR0028,0,0,5,0,blur_low_contrast,0.11420000009820797,right_column,candidate_propagation,0,,5092.973800001346,0,,"{""currsize"": 10, ""hits"": 0, ""maxsize"": 8192, ""misses"": 10}","{""currsize"": 10, ""hits"": 10, ""maxsize"": 8192, ""misses"": 10}",potential source records conditional on retained candidates,5,test,0,0,0,0,0.06049999865354039
,10,10,HOCR-0029-clean,,0,,,10,8419.247600002564,10,5,0,georgia.ttf,0,OCR0029,1,1,10,0,clean,16.992500000924338,right_column,resolved_only,0,,8402.25510000164,5,,,,resolved identities,10,test,0,5,0,,
,10,10,HOCR-0029-clean,,0,,,10,8402.509200001077,10,5,0,georgia.ttf,0,OCR0029,1,1,10,0,clean,0.25409999943803996,right_column,top1_assumption,0,,8402.25510000164,5,,,,assumed identities,10,test,0,5,0,,
45,10,10,HOCR-0029-clean,0,0,0,5,10,8405.56540000398,10,5,0,georgia.ttf,0,OCR0029,1,1,10,0,clean,3.3103000023402274,right_column,candidate_propagation,0,,8402.25510000164,5,,"{""currsize"": 45, ""hits"": 0, ""maxsize"": 8192, ""misses"": 45}","{""currsize"": 45, ""hits"": 45, ""maxsize"": 8192, ""misses"": 45}",potential source records conditional on retained candidates,10,test,5,5,0,0,0.690799999574665
,10,10,HOCR-0029-rotation_3_degrees,,0,,,10,8460.82960000058,10,5,0,georgia.ttf,0,OCR0029,1,1,10,0,rotation_3_degrees,0.3634000022429973,right_column,resolved_only,0,,8460.466199998336,5,,,,resolved identities,10,test,0,5,0,,
,10,10,HOCR-0029-rotation_3_degrees,,0,,,10,8460.599199996068,10,5,0,georgia.ttf,0,OCR0029,1,1,10,0,rotation_3_degrees,0.13299999773153104,right_column,top1_assumption,0,,8460.466199998336,5,,,,assumed identities,10,test,0,5,0,,
45,10,10,HOCR-0029-rotation_3_degrees,0,0,0,5,10,9105.505399995309,10,5,0,georgia.ttf,0,OCR0029,1,1,10,0,rotation_3_degrees,645.0391999969725,right_column,candidate_propagation,0,,8460.466199998336,5,,"{""currsize"": 45, ""hits"": 0, ""maxsize"": 8192, ""misses"": 45}","{""currsize"": 45, ""hits"": 45, ""maxsize"": 8192, ""misses"": 45}",potential source records conditional on retained candidates,10,test,5,5,0,0,0.22400000307243317
,10,10,HOCR-0029-blur_low_contrast,,0,,,10,7978.437699999631,10,5,0,georgia.ttf,0,OCR0029,1,1,10,0,blur_low_contrast,0.21270000070217066,right_column,resolved_only,0,,7978.224999998929,5,,,,resolved identities,10,test,0,5,0,,
,10,10,HOCR-0029-blur_low_contrast,,0,,,10,7978.354299997591,10,5,0,georgia.ttf,0,OCR0029,1,1,10,0,blur_low_contrast,0.12929999866173603,right_column,top1_assumption,0,,7978.224999998929,5,,,,assumed identities,10,test,0,5,0,,
45,10,10,HOCR-0029-blur_low_contrast,0,0,0,5,10,7979.553999997734,10,5,0,georgia.ttf,0,OCR0029,1,1,10,0,blur_low_contrast,1.3289999988046475,right_column,candidate_propagation,0,,7978.224999998929,5,,"{""currsize"": 45, ""hits"": 0, ""maxsize"": 8192, ""misses"": 45}","{""currsize"": 45, ""hits"": 45, ""maxsize"": 8192, ""misses"": 45}",potential source records conditional on retained candidates,10,test,5,5,0,0,0.31630000012228265
,2,2,HOCR-0030-clean,,0,,,2,1734.776500001317,2,1,0,arial.ttf,0,OCR0030,0,0,2,0,clean,0.4179999996267725,flush_left,resolved_only,0,,1734.3585000016901,1,,,,resolved identities,2,development,0,1,0,,
,2,2,HOCR-0030-clean,,0,,,2,1734.3835000028776,2,1,0,arial.ttf,0,OCR0030,0,0,2,0,clean,0.025000001187436283,flush_left,top1_assumption,0,,1734.3585000016901,1,,,,assumed identities,2,development,0,1,0,,
1,2,2,HOCR-0030-clean,0,0,0,1,2,1734.3903000037244,2,1,0,arial.ttf,0,OCR0030,0,0,2,0,clean,0.0318000020342879,flush_left,candidate_propagation,0,,1734.3585000016901,1,,"{""currsize"": 1, ""hits"": 0, ""maxsize"": 8192, ""misses"": 1}","{""currsize"": 1, ""hits"": 1, ""maxsize"": 8192, ""misses"": 1}",potential source records conditional on retained candidates,2,development,1,1,0,0,0.008800001523923129
,2,2,HOCR-0030-rotation_3_degrees,,0,,,2,1658.816700000898,2,1,0,arial.ttf,0,OCR0030,0,0,2,0,rotation_3_degrees,0.06170000051497482,flush_left,resolved_only,0,,1658.755000000383,1,,,,resolved identities,2,development,0,1,0,,
,2,2,HOCR-0030-rotation_3_degrees,,0,,,2,1658.7765000003856,2,1,0,arial.ttf,0,OCR0030,0,0,2,0,rotation_3_degrees,0.021500000002561137,flush_left,top1_assumption,0,,1658.755000000383,1,,,,assumed identities,2,development,0,1,0,,
1,2,2,HOCR-0030-rotation_3_degrees,0,0,0,1,2,1658.7890000009793,2,1,0,arial.ttf,0,OCR0030,0,0,2,0,rotation_3_degrees,0.03400000059627928,flush_left,candidate_propagation,0,,1658.755000000383,1,,"{""currsize"": 1, ""hits"": 0, ""maxsize"": 8192, ""misses"": 1}","{""currsize"": 1, ""hits"": 1, ""maxsize"": 8192, ""misses"": 1}",potential source records conditional on retained candidates,2,development,1,1,0,0,0.009899998985929415
,2,2,HOCR-0030-blur_low_contrast,,0,,,2,1882.3574000016379,2,1,0,arial.ttf,0,OCR0030,0,0,2,0,blur_low_contrast,0.07969999933266081,flush_left,resolved_only,0,,1882.2777000023052,1,,,,resolved identities,2,development,0,1,0,,
,2,2,HOCR-0030-blur_low_contrast,,0,,,2,1882.318200001464,2,1,0,arial.ttf,0,OCR0030,0,0,2,0,blur_low_contrast,0.040499999158782884,flush_left,top1_assumption,0,,1882.2777000023052,1,,,,assumed identities,2,development,0,1,0,,
1,2,2,HOCR-0030-blur_low_contrast,0,0,0,1,2,1882.3408000025665,2,1,0,arial.ttf,0,OCR0030,0,0,2,0,blur_low_contrast,0.06310000026132911,flush_left,candidate_propagation,0,,1882.2777000023052,1,,"{""currsize"": 1, ""hits"": 0, ""maxsize"": 8192, ""misses"": 1}","{""currsize"": 1, ""hits"": 1, ""maxsize"": 8192, ""misses"": 1}",potential source records conditional on retained candidates,2,development,1,1,0,0,0.018599999748403206
,5,5,HOCR-0031-clean,,0,,,5,3570.4057999973884,5,3,0,arial.ttf,0,OCR0031,0,0,5,0,clean,0.15829999756533653,flush_left,resolved_only,0,,3570.247499999823,3,,,,resolved identities,5,development,0,3,0,,
,5,5,HOCR-0031-clean,,0,,,5,3570.292000000336,5,3,0,arial.ttf,0,OCR0031,0,0,5,0,clean,0.04450000051292591,flush_left,top1_assumption,0,,3570.247499999823,3,,,,assumed identities,5,development,0,3,0,,
10,5,5,HOCR-0031-clean,0,0,0,3,5,3570.386799998232,5,3,0,arial.ttf,0,OCR0031,0,0,5,0,clean,0.13929999840911478,flush_left,candidate_propagation,0,,3570.247499999823,3,,"{""currsize"": 10, ""hits"": 0, ""maxsize"": 8192, ""misses"": 10}","{""currsize"": 10, ""hits"": 10, ""maxsize"": 8192, ""misses"": 10}",potential source records conditional on retained candidates,5,development,3,3,0,0,0.05199999941396527
,5,5,HOCR-0031-rotation_3_degrees,,0,,,5,3193.9966999998433,5,3,0,arial.ttf,0,OCR0031,0,0,5,0,rotation_3_degrees,0.11230000018258579,flush_left,resolved_only,0,,3193.8843999996607,3,,,,resolved identities,5,development,0,3,0,,
,5,5,HOCR-0031-rotation_3_degrees,,0,,,5,3193.9443000010215,5,3,0,arial.ttf,0,OCR0031,0,0,5,0,rotation_3_degrees,0.05990000136080198,flush_left,top1_assumption,0,,3193.8843999996607,3,,,,assumed identities,5,development,0,3,0,,
10,5,5,HOCR-0031-rotation_3_degrees,0,0,0,3,5,3194.079700002476,5,3,0,arial.ttf,0,OCR0031,0,0,5,0,rotation_3_degrees,0.19530000281520188,flush_left,candidate_propagation,0,,3193.8843999996607,3,,"{""currsize"": 10, ""hits"": 0, ""maxsize"": 8192, ""misses"": 10}","{""currsize"": 10, ""hits"": 10, ""maxsize"": 8192, ""misses"": 10}",potential source records conditional on retained candidates,5,development,3,3,0,0,0.09449999924981967
,5,5,HOCR-0031-blur_low_contrast,,0,,,5,4320.975299997372,5,3,0,arial.ttf,0,OCR0031,0,0,5,0,blur_low_contrast,0.15979999807314016,flush_left,resolved_only,0,,4320.8154999992985,3,,,,resolved identities,5,development,0,3,0,,
,5,5,HOCR-0031-blur_low_contrast,,0,,,5,4320.899999998801,5,3,0,arial.ttf,0,OCR0031,0,0,5,0,blur_low_contrast,0.08449999950244091,flush_left,top1_assumption,0,,4320.8154999992985,3,,,,assumed identities,5,development,0,3,0,,
10,5,5,HOCR-0031-blur_low_contrast,0,0,0,3,5,4321.0490999990725,5,3,0,arial.ttf,0,OCR0031,0,0,5,0,blur_low_contrast,0.23359999977401458,flush_left,candidate_propagation,0,,4320.8154999992985,3,,"{""currsize"": 10, ""hits"": 0, ""maxsize"": 8192, ""misses"": 10}","{""currsize"": 10, ""hits"": 10, ""maxsize"": 8192, ""misses"": 10}",potential source records conditional on retained candidates,5,development,3,3,0,0,2.8630000015255064
,10,10,HOCR-0032-clean,,0,,,10,6915.75489999741,10,3,0,arial.ttf,0,OCR0032,1,1,10,0,clean,0.24899999698391184,flush_left,resolved_only,0,,6915.505900000426,3,,,,resolved identities,10,development,0,3,0,,
,10,10,HOCR-0032-clean,,0,,,10,6915.587299998151,10,3,0,arial.ttf,0,OCR0032,1,1,10,0,clean,0.08139999772538431,flush_left,top1_assumption,0,,6915.505900000426,3,,,,assumed identities,10,development,0,3,0,,
45,10,10,HOCR-0032-clean,0,0,0,3,10,6916.517699999531,10,3,0,arial.ttf,0,OCR0032,1,1,10,0,clean,1.0117999991052784,flush_left,candidate_propagation,0,,6915.505900000426,3,,"{""currsize"": 45, ""hits"": 0, ""maxsize"": 8192, ""misses"": 45}","{""currsize"": 45, ""hits"": 45, ""maxsize"": 8192, ""misses"": 45}",potential source records conditional on retained candidates,10,development,3,3,0,0,0.19889999748556875
,10,10,HOCR-0032-rotation_3_degrees,,0,,,10,7319.044899999426,10,3,0,arial.ttf,0,OCR0032,1,1,10,0,rotation_3_degrees,0.30789999800617807,flush_left,resolved_only,0,,7318.73700000142,3,,,,resolved identities,10,development,0,3,0,,
,10,10,HOCR-0032-rotation_3_degrees,,0,,,10,7318.908299999748,10,3,0,arial.ttf,0,OCR0032,1,1,10,0,rotation_3_degrees,0.17129999832832254,flush_left,top1_assumption,0,,7318.73700000142,3,,,,assumed identities,10,development,0,3,0,,
45,10,10,HOCR-0032-rotation_3_degrees,0,0,0,3,10,7321.063499999582,10,3,0,arial.ttf,0,OCR0032,1,1,10,0,rotation_3_degrees,2.326499998162035,flush_left,candidate_propagation,0,,7318.73700000142,3,,"{""currsize"": 45, ""hits"": 0, ""maxsize"": 8192, ""misses"": 45}","{""currsize"": 45, ""hits"": 45, ""maxsize"": 8192, ""misses"": 45}",potential source records conditional on retained candidates,10,development,3,3,0,0,0.4026000024168752
,10,10,HOCR-0032-blur_low_contrast,,0,,,10,8492.940599997382,10,3,0,arial.ttf,0,OCR0032,1,1,10,0,blur_low_contrast,0.3132999991066754,flush_left,resolved_only,0,,8492.627299998276,3,,,,resolved identities,10,development,0,3,0,,
,10,10,HOCR-0032-blur_low_contrast,,0,,,10,8492.817599999398,10,3,0,arial.ttf,0,OCR0032,1,1,10,0,blur_low_contrast,0.1903000011225231,flush_left,top1_assumption,0,,8492.627299998276,3,,,,assumed identities,10,development,0,3,0,,
45,10,10,HOCR-0032-blur_low_contrast,0,0,0,3,10,8495.309999998426,10,3,0,arial.ttf,0,OCR0032,1,1,10,0,blur_low_contrast,2.682700000150362,flush_left,candidate_propagation,0,,8492.627299998276,3,,"{""currsize"": 45, ""hits"": 0, ""maxsize"": 8192, ""misses"": 45}","{""currsize"": 45, ""hits"": 45, ""maxsize"": 8192, ""misses"": 45}",potential source records conditional on retained candidates,10,development,3,3,0,0,0.5266000007395633
,2,2,HOCR-0033-clean,,0,,,2,3253.728499996214,2,0,0,arial.ttf,0,OCR0033,0,0,2,0,clean,0.07859999823267572,flush_left,resolved_only,0,,3253.6498999979813,0,,,,resolved identities,2,development,0,0,0,,
,2,2,HOCR-0033-clean,,0,,,2,3253.6615999961214,2,0,0,arial.ttf,0,OCR0033,0,0,2,0,clean,0.011699998140102252,flush_left,top1_assumption,0,,3253.6498999979813,0,,,,assumed identities,2,development,0,0,0,,
1,2,2,HOCR-0033-clean,0,0,0,0,2,3253.687499996886,2,0,0,arial.ttf,0,OCR0033,0,0,2,0,clean,0.037599998904624954,flush_left,candidate_propagation,0,,3253.6498999979813,0,,"{""currsize"": 1, ""hits"": 0, ""maxsize"": 8192, ""misses"": 1}","{""currsize"": 1, ""hits"": 1, ""maxsize"": 8192, ""misses"": 1}",potential source records conditional on retained candidates,2,development,0,0,0,0,0.014400000509340316
,2,2,HOCR-0033-rotation_3_degrees,,0,,,2,2430.9985999971104,2,0,0,arial.ttf,0,OCR0033,0,0,2,0,rotation_3_degrees,0.018699996871873736,flush_left,resolved_only,0,,2430.9799000002386,0,,,,resolved identities,2,development,0,0,0,,
,2,2,HOCR-0033-rotation_3_degrees,,0,,,2,2430.985700000747,2,0,0,arial.ttf,0,OCR0033,0,0,2,0,rotation_3_degrees,0.005800000508315861,flush_left,top1_assumption,0,,2430.9799000002386,0,,,,assumed identities,2,development,0,0,0,,
1,2,2,HOCR-0033-rotation_3_degrees,0,0,0,0,2,2431.0043000004953,2,0,0,arial.ttf,0,OCR0033,0,0,2,0,rotation_3_degrees,0.024400000256719068,flush_left,candidate_propagation,0,,2430.9799000002386,0,,"{""currsize"": 1, ""hits"": 0, ""maxsize"": 8192, ""misses"": 1}","{""currsize"": 1, ""hits"": 1, ""maxsize"": 8192, ""misses"": 1}",potential source records conditional on retained candidates,2,development,0,0,0,0,0.009000003046821803
,2,2,HOCR-0033-blur_low_contrast,,0,,,2,2014.3198000005214,2,0,0,arial.ttf,0,OCR0033,0,0,2,0,blur_low_contrast,0.023100001271814108,flush_left,resolved_only,0,,2014.2966999992495,0,,,,resolved identities,2,development,0,0,0,,
,2,2,HOCR-0033-blur_low_contrast,,0,,,2,2014.3040000002657,2,0,0,arial.ttf,0,OCR0033,0,0,2,0,blur_low_contrast,0.007300001016119495,flush_left,top1_assumption,0,,2014.2966999992495,0,,,,assumed identities,2,development,0,0,0,,
1,2,2,HOCR-0033-blur_low_contrast,0,0,0,0,2,2014.3260000004375,2,0,0,arial.ttf,0,OCR0033,0,0,2,0,blur_low_contrast,0.02930000118794851,flush_left,candidate_propagation,0,,2014.2966999992495,0,,"{""currsize"": 1, ""hits"": 0, ""maxsize"": 8192, ""misses"": 1}","{""currsize"": 1, ""hits"": 1, ""maxsize"": 8192, ""misses"": 1}",potential source records conditional on retained candidates,2,development,0,0,0,0,0.011299998732283711
,5,5,HOCR-0034-clean,,0,,,5,5534.8669000013615,5,3,0,arial.ttf,0,OCR0034,0,0,5,0,clean,1.6169000009540468,flush_left,resolved_only,0,,5533.250000000407,3,,,,resolved identities,5,development,0,3,0,,
,5,5,HOCR-0034-clean,,0,,,5,5533.32760000194,5,3,0,arial.ttf,0,OCR0034,0,0,5,0,clean,0.07760000153211877,flush_left,top1_assumption,0,,5533.250000000407,3,,,,assumed identities,5,development,0,3,0,,
10,5,5,HOCR-0034-clean,0,0,0,3,5,5533.4996999990835,5,3,0,arial.ttf,0,OCR0034,0,0,5,0,clean,0.2496999986760784,flush_left,candidate_propagation,0,,5533.250000000407,3,,"{""currsize"": 10, ""hits"": 0, ""maxsize"": 8192, ""misses"": 10}","{""currsize"": 10, ""hits"": 10, ""maxsize"": 8192, ""misses"": 10}",potential source records conditional on retained candidates,5,development,3,3,0,0,0.09539999882690609
,5,5,HOCR-0034-rotation_3_degrees,,0,,,5,5267.362699996738,5,3,0,arial.ttf,0,OCR0034,0,0,5,0,rotation_3_degrees,0.08819999857223593,flush_left,resolved_only,0,,5267.274499998166,3,,,,resolved identities,5,development,0,3,0,,
,5,5,HOCR-0034-rotation_3_degrees,,0,,,5,5267.31629999631,5,3,0,arial.ttf,0,OCR0034,0,0,5,0,rotation_3_degrees,0.041799998143687844,flush_left,top1_assumption,0,,5267.274499998166,3,,,,assumed identities,5,development,0,3,0,,
10,5,5,HOCR-0034-rotation_3_degrees,0,0,0,3,5,5267.40119999522,5,3,0,arial.ttf,0,OCR0034,0,0,5,0,rotation_3_degrees,0.1266999970539473,flush_left,candidate_propagation,0,,5267.274499998166,3,,"{""currsize"": 10, ""hits"": 0, ""maxsize"": 8192, ""misses"": 10}","{""currsize"": 10, ""hits"": 10, ""maxsize"": 8192, ""misses"": 10}",potential source records conditional on retained candidates,5,development,3,3,0,0,0.051700000767596066
,5,5,HOCR-0034-blur_low_contrast,,0,,,5,4152.412900002673,5,3,0,arial.ttf,0,OCR0034,0,0,5,0,blur_low_contrast,0.14880000162520446,flush_left,resolved_only,0,,4152.264100001048,3,,,,resolved identities,5,development,0,3,0,,
,5,5,HOCR-0034-blur_low_contrast,,0,,,5,4152.348100004019,5,3,0,arial.ttf,0,OCR0034,0,0,5,0,blur_low_contrast,0.08400000297115184,flush_left,top1_assumption,0,,4152.264100001048,3,,,,assumed identities,5,development,0,3,0,,
10,5,5,HOCR-0034-blur_low_contrast,0,0,0,3,5,4152.493500001583,5,3,0,arial.ttf,0,OCR0034,0,0,5,0,blur_low_contrast,0.2294000005349517,flush_left,candidate_propagation,0,,4152.264100001048,3,,"{""currsize"": 10, ""hits"": 0, ""maxsize"": 8192, ""misses"": 10}","{""currsize"": 10, ""hits"": 10, ""maxsize"": 8192, ""misses"": 10}",potential source records conditional on retained candidates,5,development,3,3,0,0,1.872900000307709
,2,2,HOCR-0035-clean,,0,,,2,2488.0774000012025,2,1,0,arial.ttf,0,OCR0035,0,0,2,0,clean,0.07580000237794593,flush_left,resolved_only,0,,2488.0015999988245,1,,,,resolved identities,2,development,0,1,0,,
,2,2,HOCR-0035-clean,,0,,,2,2488.0288999993354,2,1,0,arial.ttf,0,OCR0035,0,0,2,0,clean,0.027300000510877,flush_left,top1_assumption,0,,2488.0015999988245,1,,,,assumed identities,2,development,0,1,0,,
1,2,2,HOCR-0035-clean,0,0,0,1,2,2488.0549000008614,2,1,0,arial.ttf,0,OCR0035,0,0,2,0,clean,0.05330000203684904,flush_left,candidate_propagation,0,,2488.0015999988245,1,,"{""currsize"": 1, ""hits"": 0, ""maxsize"": 8192, ""misses"": 1}","{""currsize"": 1, ""hits"": 1, ""maxsize"": 8192, ""misses"": 1}",potential source records conditional on retained candidates,2,development,1,1,0,0,0.01420000262442045
,2,2,HOCR-0035-rotation_3_degrees,,0,,,2,2599.983100000827,2,1,0,arial.ttf,0,OCR0035,0,0,2,0,rotation_3_degrees,0.07550000009359792,flush_left,resolved_only,0,,2599.9076000007335,1,,,,resolved identities,2,development,0,1,0,,
,2,2,HOCR-0035-rotation_3_degrees,,0,,,2,2599.936599999637,2,1,0,arial.ttf,0,OCR0035,0,0,2,0,rotation_3_degrees,0.0289999989036005,flush_left,top1_assumption,0,,2599.9076000007335,1,,,,assumed identities,2,development,0,1,0,,
1,2,2,HOCR-0035-rotation_3_degrees,0,0,0,1,2,2599.96350000074,2,1,0,arial.ttf,0,OCR0035,0,0,2,0,rotation_3_degrees,0.055900000006658956,flush_left,candidate_propagation,0,,2599.9076000007335,1,,"{""currsize"": 1, ""hits"": 0, ""maxsize"": 8192, ""misses"": 1}","{""currsize"": 1, ""hits"": 1, ""maxsize"": 8192, ""misses"": 1}",potential source records conditional on retained candidates,2,development,1,1,0,0,0.016099998902063817
,2,2,HOCR-0035-blur_low_contrast,,0,,,2,2945.3587000025436,2,1,0,arial.ttf,0,OCR0035,0,0,2,0,blur_low_contrast,0.0911999995878432,flush_left,resolved_only,0,,2945.267500002956,1,,,,resolved identities,2,development,0,1,0,,
,2,2,HOCR-0035-blur_low_contrast,,0,,,2,2945.358800003305,2,1,0,arial.ttf,0,OCR0035,0,0,2,0,blur_low_contrast,0.09130000034929253,flush_left,top1_assumption,0,,2945.267500002956,1,,,,assumed identities,2,development,0,1,0,,
1,2,2,HOCR-0035-blur_low_contrast,0,0,0,1,2,2945.340000002034,2,1,0,arial.ttf,0,OCR0035,0,0,2,0,blur_low_contrast,0.07249999907799065,flush_left,candidate_propagation,0,,2945.267500002956,1,,"{""currsize"": 1, ""hits"": 0, ""maxsize"": 8192, ""misses"": 1}","{""currsize"": 1, ""hits"": 1, ""maxsize"": 8192, ""misses"": 1}",potential source records conditional on retained candidates,2,development,1,1,0,0,0.02040000254055485
,2,2,HOCR-0036-clean,,0,,,2,2583.2325000010314,2,1,0,calibri.ttf,0,OCR0036,1,1,2,0,clean,0.08170000000973232,indented,resolved_only,0,,2583.1508000010217,1,,,,resolved identities,2,calibration,0,1,0,,
,2,2,HOCR-0036-clean,,0,,,2,2583.1734000021243,2,1,0,calibri.ttf,0,OCR0036,1,1,2,0,clean,0.02260000110254623,indented,top1_assumption,0,,2583.1508000010217,1,,,,assumed identities,2,calibration,0,1,0,,
1,2,2,HOCR-0036-clean,0,0,0,1,2,2583.2002999995893,2,1,0,calibri.ttf,0,OCR0036,1,1,2,0,clean,0.04949999856762588,indented,candidate_propagation,0,,2583.1508000010217,1,,"{""currsize"": 1, ""hits"": 0, ""maxsize"": 8192, ""misses"": 1}","{""currsize"": 1, ""hits"": 1, ""maxsize"": 8192, ""misses"": 1}",potential source records conditional on retained candidates,2,calibration,1,1,0,0,0.011000000085914508
,2,2,HOCR-0036-rotation_3_degrees,,0,,,2,1705.3366000000096,2,1,0,calibri.ttf,0,OCR0036,1,1,2,0,rotation_3_degrees,0.05400000009103678,indented,resolved_only,0,,1705.2825999999186,1,,,,resolved identities,2,calibration,0,1,0,,
,2,2,HOCR-0036-rotation_3_degrees,,0,,,2,1705.3038000012748,2,1,0,calibri.ttf,0,OCR0036,1,1,2,0,rotation_3_degrees,0.021200001356191933,indented,top1_assumption,0,,1705.2825999999186,1,,,,assumed identities,2,calibration,0,1,0,,
1,2,2,HOCR-0036-rotation_3_degrees,0,0,0,1,2,1705.3235000021232,2,1,0,calibri.ttf,0,OCR0036,1,1,2,0,rotation_3_degrees,0.04090000220458023,indented,candidate_propagation,0,,1705.2825999999186,1,,"{""currsize"": 1, ""hits"": 0, ""maxsize"": 8192, ""misses"": 1}","{""currsize"": 1, ""hits"": 1, ""maxsize"": 8192, ""misses"": 1}",potential source records conditional on retained candidates,2,calibration,1,1,0,0,0.011199997970834374
,2,2,HOCR-0036-blur_low_contrast,,0,,,2,2003.1461999969906,2,1,0,calibri.ttf,0,OCR0036,1,1,2,0,blur_low_contrast,0.07979999645613134,indented,resolved_only,0,,2003.0664000005345,1,,,,resolved identities,2,calibration,0,1,0,,
,2,2,HOCR-0036-blur_low_contrast,,0,,,2,2003.0942000012146,2,1,0,calibri.ttf,0,OCR0036,1,1,2,0,blur_low_contrast,0.027800000680144876,indented,top1_assumption,0,,2003.0664000005345,1,,,,assumed identities,2,calibration,0,1,0,,
1,2,2,HOCR-0036-blur_low_contrast,0,0,0,1,2,2003.120299999864,2,1,0,calibri.ttf,0,OCR0036,1,1,2,0,blur_low_contrast,0.053899999329587445,indented,candidate_propagation,0,,2003.0664000005345,1,,"{""currsize"": 1, ""hits"": 0, ""maxsize"": 8192, ""misses"": 1}","{""currsize"": 1, ""hits"": 1, ""maxsize"": 8192, ""misses"": 1}",potential source records conditional on retained candidates,2,calibration,1,1,0,0,0.012900000001536682
,5,5,HOCR-0037-clean,,0,,,5,5902.310999998008,5,0,0,calibri.ttf,0,OCR0037,0,0,5,0,clean,0.14899999951012433,indented,resolved_only,0,,5902.161999998498,0,,,,resolved identities,5,calibration,0,0,0,,
,5,5,HOCR-0037-clean,,0,,,5,5902.193399997486,5,0,0,calibri.ttf,0,OCR0037,0,0,5,0,clean,0.03139999898849055,indented,top1_assumption,0,,5902.161999998498,0,,,,assumed identities,5,calibration,0,0,0,,
10,5,5,HOCR-0037-clean,0,0,0,0,5,5902.341699998942,5,0,0,calibri.ttf,0,OCR0037,0,0,5,0,clean,0.17970000044442713,indented,candidate_propagation,0,,5902.161999998498,0,,"{""currsize"": 10, ""hits"": 0, ""maxsize"": 8192, ""misses"": 10}","{""currsize"": 10, ""hits"": 10, ""maxsize"": 8192, ""misses"": 10}",potential source records conditional on retained candidates,5,calibration,0,0,0,0,3.7023999975644983
,5,5,HOCR-0037-rotation_3_degrees,,0,,,5,4440.756600000896,5,0,0,calibri.ttf,0,OCR0037,0,0,5,0,rotation_3_degrees,0.04450000051292591,indented,resolved_only,0,,4440.712100000383,0,,,,resolved identities,5,calibration,0,0,0,,
,5,5,HOCR-0037-rotation_3_degrees,,0,,,5,4440.729199999623,5,0,0,calibri.ttf,0,OCR0037,0,0,5,0,rotation_3_degrees,0.017099999240599573,indented,top1_assumption,0,,4440.712100000383,0,,,,assumed identities,5,calibration,0,0,0,,
10,5,5,HOCR-0037-rotation_3_degrees,0,0,0,0,5,4440.8173999981955,5,0,0,calibri.ttf,0,OCR0037,0,0,5,0,rotation_3_degrees,0.1052999978128355,indented,candidate_propagation,0,,4440.712100000383,0,,"{""currsize"": 10, ""hits"": 0, ""maxsize"": 8192, ""misses"": 10}","{""currsize"": 10, ""hits"": 10, ""maxsize"": 8192, ""misses"": 10}",potential source records conditional on retained candidates,5,calibration,0,0,0,0,0.06439999924623407
,5,5,HOCR-0037-blur_low_contrast,,0,,,5,5259.324700000434,5,0,0,calibri.ttf,0,OCR0037,0,0,5,0,blur_low_contrast,0.06420000136131421,indented,resolved_only,0,,5259.260499999073,0,,,,resolved identities,5,calibration,0,0,0,,
,5,5,HOCR-0037-blur_low_contrast,,0,,,5,5259.291699996538,5,0,0,calibri.ttf,0,OCR0037,0,0,5,0,blur_low_contrast,0.031199997465591878,indented,top1_assumption,0,,5259.260499999073,0,,,,assumed identities,5,calibration,0,0,0,,
10,5,5,HOCR-0037-blur_low_contrast,0,0,0,0,5,5259.430899997824,5,0,0,calibri.ttf,0,OCR0037,0,0,5,0,blur_low_contrast,0.17039999875123613,indented,candidate_propagation,0,,5259.260499999073,0,,"{""currsize"": 10, ""hits"": 0, ""maxsize"": 8192, ""misses"": 10}","{""currsize"": 10, ""hits"": 10, ""maxsize"": 8192, ""misses"": 10}",potential source records conditional on retained candidates,5,calibration,0,0,0,0,0.08600000001024455
,10,10,HOCR-0038-clean,,0,,,10,8677.231099998608,10,2,0,georgia.ttf,0,OCR0038,0,0,10,0,clean,0.354799998603994,right_column,resolved_only,0,,8676.876300000004,2,,,,resolved identities,10,test,0,2,0,,
,10,10,HOCR-0038-clean,,0,,,10,8676.991899999848,10,2,0,georgia.ttf,0,OCR0038,0,0,10,0,clean,0.11559999984456226,right_column,top1_assumption,0,,8676.876300000004,2,,,,assumed identities,10,test,0,2,0,,
45,10,10,HOCR-0038-clean,0,0,0,2,10,8679.28960000063,10,2,0,georgia.ttf,0,OCR0038,0,0,10,0,clean,2.4133000006258953,right_column,candidate_propagation,0,,8676.876300000004,2,,"{""currsize"": 45, ""hits"": 0, ""maxsize"": 8192, ""misses"": 45}","{""currsize"": 45, ""hits"": 45, ""maxsize"": 8192, ""misses"": 45}",potential source records conditional on retained candidates,10,test,2,2,0,0,0.4566999996313825
,10,10,HOCR-0038-rotation_3_degrees,,0,,,10,8875.627799996437,10,2,0,georgia.ttf,0,OCR0038,0,0,10,0,rotation_3_degrees,0.3293999980087392,right_column,resolved_only,0,,8875.298399998428,2,,,,resolved identities,10,test,0,2,0,,
,10,10,HOCR-0038-rotation_3_degrees,,0,,,10,8875.460200000816,10,2,0,georgia.ttf,0,OCR0038,0,0,10,0,rotation_3_degrees,0.16180000238819048,right_column,top1_assumption,0,,8875.298399998428,2,,,,assumed identities,10,test,0,2,0,,
45,10,10,HOCR-0038-rotation_3_degrees,0,0,0,2,10,8877.325899997231,10,2,0,georgia.ttf,0,OCR0038,0,0,10,0,rotation_3_degrees,2.0274999988032505,right_column,candidate_propagation,0,,8875.298399998428,2,,"{""currsize"": 45, ""hits"": 0, ""maxsize"": 8192, ""misses"": 45}","{""currsize"": 45, ""hits"": 45, ""maxsize"": 8192, ""misses"": 45}",potential source records conditional on retained candidates,10,test,2,2,0,0,0.3761000007216353
,10,10,HOCR-0038-blur_low_contrast,,0,,,10,7539.585000002262,10,2,0,georgia.ttf,0,OCR0038,0,0,10,0,blur_low_contrast,0.3797999997914303,right_column,resolved_only,0,,7539.2052000024705,2,,,,resolved identities,10,test,0,2,0,,
,10,10,HOCR-0038-blur_low_contrast,,0,,,10,7539.45200000453,10,2,0,georgia.ttf,0,OCR0038,0,0,10,0,blur_low_contrast,0.24680000205989927,right_column,top1_assumption,0,,7539.2052000024705,2,,,,assumed identities,10,test,0,2,0,,
45,10,10,HOCR-0038-blur_low_contrast,0,0,0,2,10,7542.86310000316,10,2,0,georgia.ttf,0,OCR0038,0,0,10,0,blur_low_contrast,3.6579000006895512,right_column,candidate_propagation,0,,7539.2052000024705,2,,"{""currsize"": 45, ""hits"": 0, ""maxsize"": 8192, ""misses"": 45}","{""currsize"": 45, ""hits"": 45, ""maxsize"": 8192, ""misses"": 45}",potential source records conditional on retained candidates,10,test,2,2,0,0,0.7019000004220288
,2,2,HOCR-0039-clean,,0,,,2,2706.1130000001867,2,0,0,georgia.ttf,0,OCR0039,0,0,2,0,clean,0.027900001441594213,right_column,resolved_only,0,,2706.085099998745,0,,,,resolved identities,2,test,0,0,0,,
,2,2,HOCR-0039-clean,,0,,,2,2706.0948999969696,2,0,0,georgia.ttf,0,OCR0039,0,0,2,0,clean,0.009799998224480078,right_column,top1_assumption,0,,2706.085099998745,0,,,,assumed identities,2,test,0,0,0,,
1,2,2,HOCR-0039-clean,0,0,0,0,2,2706.122299998242,2,0,0,georgia.ttf,0,OCR0039,0,0,2,0,clean,0.03719999949680641,right_column,candidate_propagation,0,,2706.085099998745,0,,"{""currsize"": 1, ""hits"": 0, ""maxsize"": 8192, ""misses"": 1}","{""currsize"": 1, ""hits"": 1, ""maxsize"": 8192, ""misses"": 1}",potential source records conditional on retained candidates,2,test,0,0,0,0,0.01460000203223899
,2,2,HOCR-0039-rotation_3_degrees,,0,,,2,2702.8694999971776,2,0,0,georgia.ttf,0,OCR0039,0,0,2,0,rotation_3_degrees,0.03239999932702631,right_column,resolved_only,0,,2702.8370999978506,0,,,,resolved identities,2,test,0,0,0,,
,2,2,HOCR-0039-rotation_3_degrees,,0,,,2,2702.8522999971756,2,0,0,georgia.ttf,0,OCR0039,0,0,2,0,rotation_3_degrees,0.015199999324977398,right_column,top1_assumption,0,,2702.8370999978506,0,,,,assumed identities,2,test,0,0,0,,
1,2,2,HOCR-0039-rotation_3_degrees,0,0,0,0,2,2702.88040000014,2,0,0,georgia.ttf,0,OCR0039,0,0,2,0,rotation_3_degrees,0.043300002289470285,right_column,candidate_propagation,0,,2702.8370999978506,0,,"{""currsize"": 1, ""hits"": 0, ""maxsize"": 8192, ""misses"": 1}","{""currsize"": 1, ""hits"": 1, ""maxsize"": 8192, ""misses"": 1}",potential source records conditional on retained candidates,2,test,0,0,0,0,0.02049999966402538
,2,2,HOCR-0039-blur_low_contrast,,0,,,2,2085.1184999992256,2,0,0,georgia.ttf,0,OCR0039,0,0,2,0,blur_low_contrast,0.021899999410379678,right_column,resolved_only,0,,2085.096599999815,0,,,,resolved identities,2,test,0,0,0,,
,2,2,HOCR-0039-blur_low_contrast,,0,,,2,2085.10380000007,2,0,0,georgia.ttf,0,OCR0039,0,0,2,0,blur_low_contrast,0.007200000254670158,right_column,top1_assumption,0,,2085.096599999815,0,,,,assumed identities,2,test,0,0,0,,
1,2,2,HOCR-0039-blur_low_contrast,0,0,0,0,2,2085.1232999993954,2,0,0,georgia.ttf,0,OCR0039,0,0,2,0,blur_low_contrast,0.026699999580159783,right_column,candidate_propagation,0,,2085.096599999815,0,,"{""currsize"": 1, ""hits"": 0, ""maxsize"": 8192, ""misses"": 1}","{""currsize"": 1, ""hits"": 1, ""maxsize"": 8192, ""misses"": 1}",potential source records conditional on retained candidates,2,test,0,0,0,0,0.011300002370262519
